key,en,de,hu
settings,Settings,Einstellungen,Beállítások
darkMode,Dark Mode,Dunkles Thema,Sötét mód
lightMode,Light Mode,Helles Thema,Világos mód
systemTheme,System Theme,System-Thema,Rendszer téma
appTitle,Task Manager,Aufgabenmanager,Feladatkezelő
loginTitle,Login,Anmelden,Bejelentkezés
registerTitle,Register,Registrieren,Regisztráció
homeTitle,Home,Startseite,Főoldal
tasksTitle,Tasks,Aufgaben,Feladatok
categoriesTitle,Categories,Kategorien,Kategóriák
newTaskTitle,New Task,Neue Aufgabe,Új feladat
taskDetailsTitle,Task Details,Aufgabendetails,Feladat részletei
user,User,Benutzer,Felhasználó
registerSuccess,Registration successful! Please confirm your email.,Registrierung erfolgreich! Bitte bestätige deine E-Mail.,Sikeres regisztráció! Kérjük erősítsd meg az email címedet.
creating,Creating,Erstelle,Létrehozás
noUserLoggedIn,No user is logged in,Kein Benutzer ist angemeldet,Nincs bejelentkezett felhasználó
refresh,Refresh,Aktualisieren,Frissítés
createNewCategory,Create New Category,Neue Kategorie erstellen,Új kategória létrehozása
editCategory,Edit Category,Kategorie bearbeiten,Kategória szerkesztése
noCategories,No categories yet,Noch keine Kategorien,Nincsenek kategóriák
email,Email,E-Mail,Email cím
emailHint,Enter your email,Gib deine E-Mail-Adresse ein,Add meg az email címed
emailRequired,Email is required,E-Mail ist erforderlich,Az email cím megadása kötelező
emailInvalid,Invalid email format,Ungültiges E-Mail-Format,Érvénytelen email formátum
password,Password,Passwort,Jelszó
passwordHint,Enter your password,Gib dein Passwort ein,Add meg a jelszavad
passwordRequired,Password is required,Passwort ist erforderlich,A jelszó megadása kötelező
passwordTooShort,Password must be at least 6 characters,Passwort muss mindestens 6 Zeichen lang sein,A jelszó legalább 6 karakter hosszú legyen
passwordNeedsDigit,Password must contain a digit,Passwort muss mindestens eine Ziffer enthalten,A jelszónak tartalmaznia kell számot
confirmPassword,Confirm Password,Passwort bestätigen,Jelszó megerősítése
passwordsDontMatch,Passwords don't match,Passwörter stimmen nicht überein,A jelszavak nem egyeznek
fullName,Full Name,Vollständiger Name,Teljes név
fullNameHint,Enter your full name,Gib deinen vollständigen Namen ein,Add meg a teljes neved
fullNameRequired,Full name is required,Vollständiger Name ist erforderlich,A név megadása kötelező
login,Login,Anmelden,Bejelentkezés
register,Register,Registrieren,Regisztráció
logout,Logout,Abmelden,Kijelentkezés
save,Save,Speichern,Mentés
cancel,Cancel,Abbrechen,Mégse
delete,Delete,Löschen,Törlés
edit,Edit,Bearbeiten,Szerkesztés
create,Create,Erstellen,Létrehozás
update,Update,Aktualisieren,Frissítés
forgotPassword,Forgot Password?,Passwort vergessen?,Elfelejtett jelszó?
noAccount,Don't have an account? Register!,Noch kein Konto? Registrieren!,Még nincs fiókod? Regisztrálj!
hasAccount,Already have an account? Login!,Bereits ein Konto? Anmelden!,Már van fiókod? Jelentkezz be!
selectOption,Select an option:,Wähle eine Option:,Válassz az alábbi lehetőségek közül:
taskName,Task Name,Aufgabenname,Feladat neve
taskNameHint,Enter task name,Aufgabenname eingeben,Add meg a feladat nevét
taskNameRequired,Task name is required,Aufgabenname ist erforderlich,A feladat neve kötelező
category,Category,Kategorie,Kategória
selectCategory,Select category,Kategorie auswählen,Válassz kategóriát
noCategory,No category,Keine Kategorie,Nincs kategória
categoryName,Category Name,Kategoriename,Kategória neve
categoryNameHint,Enter category name,Kategoriename eingeben,Add meg a kategória nevét
categoryNameRequired,Category name is required,Kategoriename ist erforderlich,A kategória neve kötelező
categoryDescription,Description (optional),Beschreibung (optional),Leírás (opcionális)
privateTask,Private Task,Private Aufgabe,Privát feladat
privateTaskDescription,If checked only you can see this task,Wenn aktiviert kannst nur du diese Aufgabe sehen,Ha be van jelölve csak te láthatod ezt a feladatot
privateCategory,Private Category,Private Kategorie,Privát kategória
privateCategoryDescription,Private categories are not visible to family members,Private Kategorien sind für Familienmitglieder nicht sichtbar,A privát kategória nem látható a családtagok számára
taskCreated,Task created successfully,Aufgabe erfolgreich erstellt,Feladat sikeresen létrehozva
taskUpdated,Task updated successfully,Aufgabe erfolgreich aktualisiert,Feladat sikeresen frissítve
taskDeleted,Task deleted successfully,Aufgabe erfolgreich gelöscht,Feladat sikeresen törölve
categoryCreated,Category created successfully,Kategorie erfolgreich erstellt,Kategória sikeresen létrehozva
categoryUpdated,Category updated successfully,Kategorie erfolgreich aktualisiert,Kategória sikeresen módosítva
categoryDeleted,Category deleted successfully,Kategorie erfolgreich gelöscht,Kategória sikeresen törölve
error,Error,Fehler,Hiba
generalError,An error occurred,Ein Fehler ist aufgetreten,Hiba történt
connectionError,Connection error,Verbindungsfehler,Kapcsolódási hiba
tryAgain,Try Again,Erneut versuchen,Újrapróbálkozás
status,Status,Status,Státusz
inProgress,In Progress,In Bearbeitung,Folyamatban
completed,Completed,Abgeschlossen,Befejezve
visibility,Visibility,Sichtbarkeit,Láthatóság
private,Private,Privat,Privát
public,Public,Öffentlich,Nyilvános
creationDate,Creation Date,Erstellungsdatum,Létrehozás dátuma
userId,User ID,Benutzer-ID,Felhasználói azonosító
myTasks,My Tasks,Meine Aufgaben,Saját feladatok
familyTasks,Family Tasks,Familienaufgaben,Családi feladatok
noTasks,No tasks yet,Noch keine Aufgaben,Még nincsenek feladatok
noMyTasks,You don't have any tasks yet,Du hast noch keine Aufgaben,Még nincsenek saját feladataid
noFamilyTasks,There are no family tasks yet,Es gibt noch keine Familienaufgaben,Még nincsenek családi feladatok
acceptTerms,I accept the terms and conditions,Ich akzeptiere die Geschäftsbedingungen,Elfogadom a feltételeket és az adatvédelmi irányelveket
termsRequired,You must accept the terms and conditions,Du musst die Geschäftsbedingungen akzeptieren,A feltételek elfogadása kötelező a regisztrációhoz
theme,Theme,Thema,Téma
language,Language,Sprache,Nyelv
changeLanguage,Change Language,Sprache ändern,Nyelv váltása
english,English,Englisch,Angol
german,German,Deutsch,Német
hungarian,Hungarian,Ungarisch,Magyar
deleteConfirmation,Confirm Delete,Löschen bestätigen,Törlés megerősítése
deleteTaskConfirmation,Are you sure you want to delete this task?,Möchtest du diese Aufgabe wirklich löschen?,Biztosan törölni szeretnéd ezt a feladatot?
editProfile,Edit Profile,Profil bearbeiten,Profil szerkesztése
profileUpdated,Profile updated successfully,Profil erfolgreich aktualisiert,Profil sikeresen frissítve
profileLoadError,Failed to load profile data.,Fehler beim Laden der Profildaten.,Nem sikerült betölteni a profil adatokat.
personalData,Personal Data,Persönliche Daten,Személyes adatok
displayName,Display Name,Anzeigename,Megjelenítési név
displayNameRequired,Display name is required,Anzeigename ist erforderlich,A megjelenítési név megadása kötelező
birthDate,Birth Date,Geburtsdatum,Születési dátum
gender,Gender,Geschlecht,Nem
selectGender,Select gender,Geschlecht auswählen,Válassz nemet
male,Male,Männlich,Férfi
female,Female,Weiblich,Nő
other,Other,Andere,Egyéb
preferNotToSay,Prefer not to say,Keine Angabe,Nem szeretném megadni
residenceCity,Residence City,Wohnort,Lakóhely
dateTimeSettings,Date and Time Settings,Datums- und Zeiteinstellungen,Dátum és idő beállítások
dateFormat,Date Format,Datumsformat,Dátum formátum
timeFormat,Time Format,Zeitformat,Idő formátum
selectFormat,Select format,Format auswählen,Válassz formátumot
format24h,24-hour format (e.g. 14:30),24-Stunden-Format (z.B. 14:30),24 órás (pl. 14:30)
format12h,12-hour format (e.g. 2:30 PM),12-Stunden-Format (z.B. 2:30 PM),12 órás (pl. 2:30 PM)
timezone,Timezone,Zeitzone,Időzóna
selectTimezone,Select timezone,Zeitzone auswählen,Válassz időzónát
budapestTimezone,Central European Time (Budapest),Mitteleuropäische Zeit (Budapest),Közép-európai idő (Budapest)
londonTimezone,Greenwich Mean Time (London),Greenwich-Normalzeit (London),Greenwich-i középidő (London)
newYorkTimezone,Eastern Time (New York),Ostküstenzeit (New York),Keleti parti idő (New York)
losAngelesTimezone,Pacific Time (Los Angeles),Pazifikzeit (Los Angeles),Csendes-óceáni idő (Los Angeles)
tokyoTimezone,Japan Time (Tokyo),Japanische Zeit (Tokio),Japán idő (Tokió)
taskSettings,Task Settings,Aufgabeneinstellungen,Feladat beállítások
taskSortOrder,Task Sort Order,Aufgaben-Sortierreihenfolge,Feladatok rendezése
selectSortOrder,Select sort order,Sortierreihenfolge auswählen,Válassz rendezési sorrendet
byDueDate,By due date,Nach Fälligkeitsdatum,Határidő szerint
byPriority,By priority,Nach Priorität,Prioritás szerint
byCreationDate,By creation date,Nach Erstellungsdatum,Létrehozás szerint
byTitle,By title,Nach Titel,Cím szerint
readOnlyInformation,Read-only Information,Schreibgeschützte Informationen,Csak olvasható információk
created,Created,Erstellt,Létrehozva
updated,Updated,Aktualisiert,Frissítve
notSpecified,Not specified,Nicht angegeben,Nincs megadva
profilePicture,Profile Picture,Profilbild,Profilkép
changeProfilePicture,Change Profile Picture,Profilbild ändern,Profilkép módosítása
selectFromGallery,Select from Gallery,Aus Galerie auswählen,Kiválasztás a galériából
takePhoto,Take Photo,Foto aufnehmen,Fénykép készítése
removePhoto,Remove Photo,Foto entfernen,Fénykép eltávolítása
profilePictureUpdated,Profile picture updated successfully,Profilbild erfolgreich aktualisiert,Profilkép sikeresen frissítve
profilePictureRemoved,Profile picture removed successfully,Profilbild erfolgreich entfernt,Profilkép sikeresen eltávolítva
profilePictureUploadError,Error uploading profile picture,Fehler beim Hochladen des Profilbilds,Hiba a profilkép feltöltésekor
dangerZone,Danger Zone,Gefahrenbereich,Veszélyes műveletek
deleteAccount,Delete Account,Konto löschen,Fiók törlése
deleteAccountButton,Delete Account,Konto löschen,Fiók törlése
deleteAccountExplanation,Deleting your account will remove your profile and related data. If you are the only member in your family all data you created will be deleted. If there are other family members your private data will become shared with them.,Das Löschen deines Kontos entfernt dein Profil und zugehörige Daten. Wenn du das einzige Mitglied deiner Familie bist werden alle von dir erstellten Daten gelöscht. Wenn es andere Familienmitglieder gibt werden deine privaten Daten mit ihnen geteilt.,A fiók törlésével a profilod és az ahhoz kapcsolódó adatok törlődnek. Ha te vagy az egyetlen tag a családodban minden általad létrehozott adat törlődni fog. Ha vannak más családtagok is a privát adataid megosztottá válnak velük.
delayedDeletion,30-day delayed deletion,30-Tage verzögerte Löschung,30 napos késleltetett törlés
delayedDeletionDescription,Your account will be deleted after 30 days. You can cancel the deletion request within this period.,Dein Konto wird nach 30 Tagen gelöscht. Du kannst die Löschung innerhalb dieses Zeitraums zurückziehen.,A fiókod 30 nap múlva törlődik. Ezen időszakon belül visszavonhatod a törlési kérelmet.
immediateDeletion,Immediate deletion,Sofortige Löschung,Azonnali törlés
immediateDeletionDescription,Your account and all related data will be deleted immediately. This action cannot be undone!,Dein Konto und alle zugehörigen Daten werden sofort gelöscht. Diese Aktion kann nicht rückgängig gemacht werden!,A fiókod és minden kapcsolódó adat azonnal törlődik. Ez a művelet nem vonható vissza!
confirmDeletion,I acknowledge that my profile and data will be deleted,Ich bestätige dass mein Profil und meine Daten gelöscht werden,Tudomásul veszem hogy a profilom és az adataim törlődni fognak
confirmDeleteRequired,Please confirm the deletion by checking the acknowledgement box,Bitte bestätige die Löschung durch Aktivieren des Bestätigungskästchens,Kérlek erősítsd meg a fiók törlését a jelölőnégyzet bejelölésével
immediateDeleteButton,Delete Account Immediately,Konto sofort löschen,Fiók azonnali törlése
permanentDelete,Permanent Delete,Dauerhaft löschen,Végleges törlés
immediateDeleteConfirmText,Are you sure you want to delete your account IMMEDIATELY? This action CANNOT BE undone and all your data will be deleted immediately! If you are the only member in your family all data you created will be deleted. If there are other family members your private data will become shared with them.,Möchtest du dein Konto SOFORT löschen? Diese Aktion kann NICHT RÜCKGÄNGIG gemacht werden und alle deine Daten werden sofort gelöscht! Wenn du das einzige Mitglied deiner Familie bist werden alle von dir erstellten Daten gelöscht. Wenn es andere Familienmitglieder gibt werden deine privaten Daten mit ihnen geteilt.,Biztosan AZONNAL törölni szeretnéd a fiókodat? Ez a művelet NEM VISSZAVONHATÓ és az összes adatod azonnal törlődik! Ha te vagy az egyetlen tag a családodban minden általad létrehozott adat törlődni fog. Ha más családtagok is vannak a privát adataid megosztottá válnak velük.
delayedDeleteConfirmText,Are you sure you want to delete your account? The deletion process will take 30 days during which you can cancel the deletion request. If you are the only member in your family all data you created will be deleted. If there are other family members your private data will become shared with them.,Möchtest du dein Konto löschen? Der Löschvorgang dauert 30 Tage während derer du die Löschung zurückziehen kannst. Wenn du das einzige Mitglied deiner Familie bist werden alle von dir erstellten Daten gelöscht. Wenn es andere Familienmitglieder gibt werden deine privaten Daten mit ihnen geteilt.,Biztosan törölni szeretnéd a fiókodat? A törlési folyamat 30 napig tart ez idő alatt visszavonhatod a törlési kérelmet. Ha te vagy az egyetlen tag a családodban minden általad létrehozott adat törlődni fog. Ha más családtagok is vannak a privát adataid megosztottá válnak velük.
accountDeletedSuccess,Your account has been deleted.,Dein Konto wurde gelöscht.,Fiókod törölve lett.
accountDeleteScheduledSuccess,Account deletion in progress. Your account will be permanently deleted after 30 days.,Kontolöschung in Bearbeitung. Dein Konto wird nach 30 Tagen dauerhaft gelöscht.,Fiók törlése folyamatban. Fiókod 30 nap múlva törlődik véglegesen.
accountDeleteError,Error deleting account,Fehler beim Löschen des Kontos,Hiba a fiók törlése során
accountScheduledForDeletion,Your account is scheduled for deletion,Dein Konto ist zur Löschung vorgemerkt,Fiókod törlésre vár
accountDeletionExplanation,Your account is scheduled for deletion. If you don't cancel the deletion your account and data will be automatically deleted on the scheduled date.,Dein Konto ist zur Löschung vorgemerkt. Wenn du die Löschung nicht abbrichst werden dein Konto und deine Daten am geplanten Datum automatisch gelöscht.,Fiókod törlésre van ütemezve. Ha nem vonod vissza a törlést fiókod és adataid automatikusan törlésre kerülnek a megadott dátumkor.
deletionRequested,Deletion requested,Löschung beantragt,Törlés kérve
deletionScheduled,Deletion scheduled,Löschung geplant,Törlés végrehajtása
daysRemaining,Days remaining,Verbleibende Tage,Hátralévő idő
cancelDeletion,Cancel Deletion Request,Löschantrag zurückziehen,Törlési kérelem visszavonása
deletionCancelled,Deletion request successfully cancelled,Löschantrag erfolgreich zurückgezogen,Törlési kérelem sikeresen visszavonva
deletionCancelError,Error cancelling deletion request,Fehler beim Zurückziehen des Löschantrags,Hiba történt a törlési kérelem visszavonása közben
deletionStatusError,Error checking deletion status,Fehler beim Prüfen des Löschstatus,Hiba történt a törlési állapot lekérdezésekor
publicCategory,Public Category,Öffentliche Kategorie,Nyilvános kategória
privateTaskWarning,This task is public but belongs to a private category so it will not be visible to others,Diese Aufgabe ist öffentlich gehört aber zu einer privaten Kategorie und ist daher für andere nicht sichtbar,Ez a feladat nyilvános de privát kategóriához tartozik így mások számára nem lesz látható
categoryVisibility,Category Visibility,Kategoriesichtbarkeit,Kategória láthatósága
reminderTitle,Task Reminder,Aufgaben-Erinnerung,Feladat emlékeztető
reminderForTask,Reminder for: {taskName},Erinnerung für: {taskName},Emlékeztető: {taskName}
enableNotifications,Enable notifications,Benachrichtigungen aktivieren,Értesítések bekapcsolása
disableNotifications,Disable notifications,Benachrichtigungen deaktivieren,Értesítések kikapcsolása
notificationsEnabled,Notifications enabled,Benachrichtigungen aktiviert,Értesítések bekapcsolva
notificationsDisabled,Notifications disabled,Benachrichtigungen deaktiviert,Értesítések kikapcsolva
reminderSetFor,Reminder set for {dateTime},Erinnerung eingestellt für {dateTime},Emlékeztető beállítva: {dateTime}
loginFailed,Login Failed,Anmeldung fehlgeschlagen,Sikertelen bejelentkezés
invalidCredentials,Invalid username or password. Please try again.,Ungültiger Benutzername oder Passwort. Bitte versuchen Sie es erneut.,Érvénytelen felhasználónév vagy jelszó. Kérjük, próbáld újra.
forgotPasswordQuestion,Did you forget your password?,Haben Sie Ihr Passwort vergessen?,Elfelejtetted a jelszavadat?
resetPassword,Reset Password,Passwort zurücksetzen,Jelszó visszaállítása
resetPasswordDescription,Enter your email address and we will send you a link to reset your password.,Geben Sie Ihre E-Mail-Adresse ein und wir senden Ihnen einen Link zum Zurücksetzen Ihres Passworts.,Add meg az e-mail címed, és küldünk egy linket a jelszavad visszaállításához.
sendResetLink,Send Reset Link,Link zum Zurücksetzen senden,Visszaállító link küldése
resetLinkSent,Reset Link Sent,Link zum Zurücksetzen gesendet,Visszaállító link elküldve
resetLinkSentDescription,We've sent a password reset link to {email}. Please check your inbox.,Wir haben einen Link zum Zurücksetzen des Passworts an {email} gesendet. Bitte überprüfen Sie Ihren Posteingang.,Elküldtünk egy jelszó-visszaállító linket a következő címre: {email}. Kérjük, ellenőrizd a beérkező üzeneteidet.
resetPasswordFailed,Password Reset Failed,Passwort zurücksetzen fehlgeschlagen,Jelszó visszaállítása sikertelen
ok,OK,OK,Rendben
mobilePermissions,Mobile Permissions,Mobile Berechtigungen,Mobil engedélyek
notificationPermissions,Notification Permissions,Benachrichtigungsberechtigung,Értesítési engedélyek
permissionsCheck,Checking Permissions...,Berechtigungen überprüfen...,Engedélyek ellenőrzése...
exactAlarms,Exact Alarms,Genaue Alarme,Pontos riasztások
enabled,Enabled,Aktiviert,Engedélyezve
notEnabled,Not Enabled,Nicht aktiviert,Nincs engedélyezve
enablePermission,Enable,Aktivieren,Engedélyezés
allSettings,All Settings,Alle Einstellungen,Összes beállítás
androidOnlyFeature,This feature is only available on Android platform.,Diese Funktion ist nur auf der Android-Plattform verfügbar.,Ez a funkció csak Android platformon érhető el.
permissionsMissing,Missing Notification Permissions,Fehlende Benachrichtigungsberechtigungen,Értesítési engedélyek hiányoznak
permissionsDescription,Notification and exact alarm permissions are necessary for the app to function properly.,Benachrichtigungs- und genaue Alarmberechtigung sind für die ordnungsgemäße Funktion der App erforderlich.,Az értesítések és pontos riasztások engedélyezése szükséges az alkalmazás megfelelő működéséhez.
notificationSettings,Notification Settings,Benachrichtigungseinstellungen,Értesítési beállítások
exactAlarmSettings,Exact Alarm Settings,Einstellungen für genaue Alarme,Pontos riasztás beállítások
appSettings,App Settings,App-Einstellungen,App beállítások
close,Close,Schließen,Bezárás
quickView,Quick View,Schnellansicht,Gyors betekintés
detailedEdit,Detailed Edit,Detaillierte Bearbeitung,Részletes szerkesztés
taskActions,Task Actions,Aufgabenaktionen,Feladat műveletek
useDeviceSettings,Use device settings,Geräteeinstellungen verwenden,Eszköz beállítások használata
customSettings,Custom settings,Benutzerdefinierte Einstellungen,Egyéni beállítások
dateFormat_yyyyMMdd,YYYY.MM.DD,JJJJ.MM.TT,ÉÉÉÉ.HH.NN
dateFormat_ddMMyyyy,DD.MM.YYYY,TT.MM.JJJJ,NN.HH.ÉÉÉÉ
dateFormat_mmDdYyyy,MM.DD.YYYY,MM.TT.JJJJ,HH.NN.ÉÉÉÉ
dateFormatExample,Format example,Format Beispiel,Formátum példa
currentSetting,Current setting,Aktuelle Einstellung,Jelenlegi beállítás
preview,Preview,Vorschau,Előnézet
today,Today,Heute,Ma
tomorrow,Tomorrow,Morgen,Holnap
yesterday,Yesterday,Gestern,Tegnap
formatSettings,Format Settings,Format-Einstellungen,Formátum beállítások
chooseFormat,Choose format,Format wählen,Formátum választása
selectDateFormat,Select date format,Datumsformat auswählen,Dátum formátum kiválasztása
selectTimeFormat,Select time format,Zeitformat auswählen,Idő formátum kiválasztása
invalidDateFormat,Invalid date format,Ungültiges Datumsformat,Érvénytelen dátum formátum
dateParseError,Could not parse date,Datum konnte nicht analysiert werden,Nem sikerült a dátum értelmezése
dateFormatHelp,Choose how dates should be displayed throughout the app,Wählen Sie aus wie Daten in der App angezeigt werden sollen,Válaszd ki hogy jelenjenek meg a dátumok az alkalmazásban
timeFormatHelp,Choose between 12-hour and 24-hour time display,Wählen Sie zwischen 12-Stunden- und 24-Stunden-Zeitanzeige,Válassz a 12 órás és 24 órás időformátum között
commandDateHelp,Use #MMDD or #DDMM for due dates,Verwende #MMTT oder #TTMM für Fälligkeitsdaten,Használj #HHNN vagy #NNHH határidőkhöz
commandDateExample,Example: #0315 for March 15th,Beispiel: #0315 für 15. März,Példa: #0315 március 15-re
auto_save_title,Auto-Save,Automatisches Speichern,Automatikus mentés
auto_save_status,Auto-Save Status,Auto-Save Status,Auto-Save állapot
auto_save_active,Active,Aktiv,Aktív
auto_save_inactive,Inactive,Inaktiv,Inaktív
auto_save_saving,Saving...,Speichern...,Mentés...
auto_save_saved,Saved,Gespeichert,Mentve
auto_save_error,Save Error,Speicherfehler,Mentési hiba
auto_save_retry,Retrying...,Wiederholung...,Újrapróbálkozás...
auto_save_force,Force Save,Sofort speichern,Azonnali mentés
auto_save_last_save,Last saved,Zuletzt gespeichert,Utoljára mentve
auto_save_never,Never,Nie,Soha
auto_save_seconds_ago,{count}s ago,vor {count}s,{count}s ezelőtt
auto_save_minutes_ago,{count}m ago,vor {count}m,{count}m ezelőtt
auto_save_hours_ago,{count}h ago,vor {count}h,{count}h ezelőtt
auto_save_success_rate,Success Rate,Erfolgsrate,Sikeres arány
auto_save_total_attempts,Total Attempts,Versuche gesamt,Összes kísérlet
auto_save_successful_saves,Successful Saves,Erfolgreiche Speicherungen,Sikeres mentések
auto_save_failed_saves,Failed Saves,Fehlgeschlagene Speicherungen,Sikertelen mentések
auto_save_stats,Save Statistics,Speicher-Statistiken,Mentési statisztikák
auto_save_debounce_info,Changes are saved automatically after 500ms delay,Änderungen werden automatisch nach 500ms Verzögerung gespeichert,A változások 500ms késleltetés után automatikusan mentődnek
auto_save_local_storage,Local Storage,Lokaler Speicher,Helyi tárolás
auto_save_cloud_storage,Cloud Storage,Cloud-Speicher,Felhő tárolás
auto_save_sync_success,Synced successfully,Erfolgreich synchronisiert,Sikeresen szinkronizálva
auto_save_sync_failed,Sync failed,Synchronisation fehlgeschlagen,Szinkronizálás sikertelen
auto_save_refresh_status,Refresh Status,Status aktualisieren,Állapot frissítése
auto_save_debug_info,Debug Information,Debug-Informationen,Debug információk
auto_save_test_rapid_changes,Test Rapid Changes,Test schnelle Änderungen,Gyors változások teszt
auto_save_test_format_cycle,Test Format Cycle,Test Format-Zyklus,Formátum ciklus teszt
auto_save_test_time_toggle,Test Time Toggle,Test Zeit-Umschaltung,Idő váltás teszt
auto_save_manual_controls,Manual Controls,Manuelle Steuerung,Manuális vezérlés
auto_save_quick_tests,Quick Tests,Schnelltests,Gyors tesztek
auto_save_actions,Actions,Aktionen,Műveletek
auto_save_current_settings,Current Settings,Aktuelle Einstellungen,Jelenlegi beállítások
auto_save_change_counter,Changes made,Anzahl Änderungen,Változtatások száma
auto_save_format_changed,Format changed! Auto-save in 500ms.,Format geändert! Auto-Save in 500ms.,Formátum váltva! Auto-save 500ms múlva.
auto_save_rapid_test_started,Rapid changes test started...,Schnelle Änderungen Test gestartet...,Gyors változások teszt indítása...
auto_save_rapid_test_finished,Rapid changes done! Only the last change will be saved.,Schnelle Änderungen fertig! Nur die letzte Änderung wird gespeichert.,Gyors változások kész! Csak az utolsó mentődik el.
auto_save_welcome_title,Auto-Save System,Auto-Save System,Auto-Save rendszer
auto_save_welcome_subtitle,Welcome to the Auto-Save test application!,Willkommen in der Auto-Save Testanwendung!,Üdvözlünk az Auto-Save teszt alkalmazásban!
auto_save_feature_automatic,Automatic saving,Automatisches Speichern,Automatikus mentés
auto_save_feature_debounce,Debounce logic,Debounce-Logik,Debounce logika
auto_save_feature_retry,Retry mechanism,Wiederholungsmechanismus,Újrapróbálkozási mechanizmus
auto_save_feature_hybrid,Hybrid storage,Hybride Speicherung,Hibrid tárolás
auto_save_feature_monitoring,Real-time monitoring,Echtzeit-Überwachung,Valós idejű monitoring
auto_save_instructions_title,Testing Instructions,Testanweisungen,Tesztelési útmutató
auto_save_launch_test,LAUNCH TEST,TEST STARTEN,TESZT INDÍTÁSA
auto_save_console_tip,Tip: Open the console to view debug messages,Tipp: Öffnen Sie die Konsole für Debug-Nachrichten,Tipp: Nyisd meg a konzolt a debug üzenetek megtekintéséhez
commandParser_invalidDate,Invalid date format: #{0},Ungültiges Datumsformat: #{0},Érvénytelen dátum formátum: #{0}
commandParser_dateParsingError,Date parsing error: #{0},Datum-Analysefehler: #{0},Dátum elemzési hiba: #{0}
commandParser_ambiguousDate,Ambiguous date: #{0} {1},Mehrdeutiges Datum: #{0} {1},Kétértelmű dátum: #{0} {1}
commandParser_invalidPriority,Invalid priority: {0} (must be 1-3),Ungültige Priorität: {0} (muss 1-3 sein),Érvénytelen prioritás: {0} (1-3 között kell lennie)
commandParser_invalidPercentage,Invalid percentage: {0}% (must be 0-100),Ungültiger Prozentsatz: {0}% (muss 0-100 sein),Érvénytelen százalék: {0}% (0-100 között kell lennie)
commandParser_unknownStatus,Unknown status: {0},Unbekannter Status: {0},Ismeretlen státusz: {0}
commandParser_noCommands,No commands found,Keine Befehle gefunden,Nincsenek parancsok
commandParser_typeTaskTitle,Type a task title...,Geben Sie einen Aufgabentitel ein...,Írj be egy feladat címet...
commandParser_parsingPreview,Parsing preview,Parsing-Vorschau,Elemzési előnézet
commandParser_commandsFound,{0} commands found,{0} Befehle gefunden,{0} parancs találva
commandParser_warningsFound,{0} warnings found,{0} Warnungen gefunden,{0} figyelmeztetés találva
commandParser_dateExample_christmas,December 25 (Christmas),25. Dezember (Weihnachten),December 25 (karácsony)
commandParser_dateExample_newYear,January 1 (New Year),1. Januar (Neujahr),Január 1 (újév)
commandParser_dateExample_marchFifteenth,March 15,15. März,Március 15
commandParser_dateExample_dayMonth,day.month,Tag.Monat,nap.hónap
commandParser_dateExample_monthDay,month.day,Monat.Tag,hónap.nap
commandParser_priorityHigh,High priority,Hohe Priorität,Magas prioritás
commandParser_priorityMedium,Medium priority,Mittlere Priorität,Közepes prioritás  
commandParser_priorityLow,Low priority,Niedrige Priorität,Alacsony prioritás
commandParser_statusActive,Active,Aktiv,Aktív
commandParser_statusDraft,Draft,Entwurf,Vázlat
commandParser_statusArchived,Archived,Archiviert,Archivált
commandParser_statusCompleted,Completed,Abgeschlossen,Befejezett
commandParser_parseLogic_yyyymmdd,YYYY.MM.DD → #0315 = March 15,JJJJ.MM.TT → #0315 = 15. März,ÉÉÉÉ.HH.NN → #0315 = március 15
commandParser_parseLogic_ddmmyyyy,DD.MM.YYYY → #1503 = March 15 (day.month),TT.MM.JJJJ → #1503 = 15. März (Tag.Monat),NN.HH.ÉÉÉÉ → #1503 = március 15 (nap.hónap)
commandParser_parseLogic_mmddyyyy,MM.DD.YYYY → #0315 = March 15 (month.day),MM.TT.JJJJ → #0315 = 15. März (Monat.Tag),HH.NN.ÉÉÉÉ → #0315 = március 15 (hónap.nap)
commandParser_ambiguity_couldBe,Could be interpreted as,Könnte interpretiert werden als,Értelmezhető mint
commandParser_ambiguity_currentFormat,Current format interprets as,Aktuelles Format interpretiert als,A jelenlegi formátum szerint
commandParser_ambiguity_suggestion,Consider using full date format,Erwägen Sie die Verwendung des vollständigen Datumsformats,Fontold meg a teljes dátum formátum használatát

# ✅ ÚJ KULCSOK - Cache és teljesítmény
cache_performance,Cache Performance,Cache-Leistung,Cache Teljesítmény
cache_metrics_loading,Loading cache metrics...,Lade Cache-Metriken...,Cache metrikák betöltése...
cache_metrics_error,Error loading metrics,Fehler beim Laden der Metriken,Hiba a metrikák betöltése során
retry,Retry,Wiederholen,Újrapróbálás
refresh_metrics,Refresh Metrics,Metriken aktualisieren,Metrikák frissítése
cache_info,Cache Information,Cache-Informationen,Cache információk
hit_ratio,Hit Ratio,Trefferquote,Találati arány
cache_size,Cache Size,Cache-Größe,Cache méret
active_tables,Active Tables,Aktive Tabellen,Aktív táblák
elements_short,elem,Elem,elem
pieces,pcs,Stk,db
detailed_hit_ratio,Detailed hit ratio,Detaillierte Trefferquote,Részletes találati arány
excellent_cache_performance,Excellent cache performance,Ausgezeichnete Cache-Leistung,Kiváló cache teljesítmény
good_cache_performance,Good cache performance,Gute Cache-Leistung,Jó cache teljesítmény
average_cache_performance,Average cache performance,Durchschnittliche Cache-Leistung,Közepes cache teljesítmény
poor_cache_performance,Poor cache performance,Schlechte Cache-Leistung,Gyenge cache teljesítmény
very_poor_cache_performance,Very poor cache performance,Sehr schlechte Cache-Leistung,Nagyon gyenge cache teljesítmény
detailed_metrics,Detailed Metrics,Detaillierte Metriken,Részletes Metrikák
cache_hits,Cache hits,Cache-Treffer,Cache találatok
cache_misses,Cache misses,Cache-Fehltreffer,Cache hibák
expired_hits,Expired hits,Abgelaufene Treffer,Lejárt találatok
inserts,Inserts,Einfügungen,Beszúrások
updates,Updates,Aktualisierungen,Frissítések
invalidations,Invalidations,Ungültigmachungen,Érvénytelenítések
last_cleanup,Last cleanup,Letzte Bereinigung,Utolsó tisztítás
cleanup,Cleanup,Bereinigung,Tisztítás
clear_all,Clear All,Alle löschen,Teljes törlés
cache_cleanup_successful,Cache cleanup successful,Cache-Bereinigung erfolgreich,Cache tisztítás sikeres
cache_cleanup_error,Cache cleanup error,Cache-Bereinigungsfehler,Hiba a cache tisztítás során
clear_entire_cache,Clear entire cache,Gesamten Cache löschen,Cache teljes törlése
confirm_clear_cache_message,Are you sure you want to delete the entire cache? This will remove all stored data and subsequent queries will be slower.,Sind Sie sicher dass Sie den gesamten Cache löschen möchten? Dies entfernt alle gespeicherten Daten und nachfolgende Abfragen werden langsamer.,Biztos hogy törölni szeretnéd a teljes cache-t? Ez minden tárolt adatot eltávolít és a következő lekérdezések lassabbak lesznek.
entire_cache_cleared,Entire cache cleared,Gesamter Cache gelöscht,Teljes cache törölve
cache_delete_error,Cache delete error,Cache-Löschfehler,Hiba a cache törlése során
cache_info_table_sizes,Table cache sizes,Tabellen-Cache-Größen,Táblák cache mérete
no_cache_data,No cache data,Keine Cache-Daten,Nincs cache adat
cacheCleanupCount,elements deleted,Elemente gelöscht,elem törölve

# ✅ ÚJ KULCSOK - Szűrők
filters,Filters,Filter,Szűrők
activeFilters,Active filters,Aktive Filter,Aktív szűrők
clearFilters,Clear filters,Filter löschen,Szűrők törlése
basicFilters,Basic,Grundlegend,Alapvető
dateFilters,Dates,Daten,Dátumok
categoryFilters,Categories,Kategorien,Kategóriák
advancedFilters,Advanced,Erweitert,Haladó
applyFilters,Apply filters,Filter anwenden,Szűrők alkalmazása
searchQuery,Search,Suche,Keresés
searchTaskTitleDescription,Task title or description,Aufgabentitel oder Beschreibung,Feladat címe vagy leírása
all,All,Alle,Minden
completionStatus,Completion status,Fertigstellungsstatus,Befejezettségi állapot
open,Open,Offen,Nyitott
completionDate,Completion date,Fertigstellungsdatum,Befejezési dátum
completedFrom,Completed from,Abgeschlossen von,Befejezve ettől
completedUntil,Completed until,Abgeschlossen bis,Befejezve eddig
notSet,Not set,Nicht festgelegt,Nincs beállítva
selectDate,Select date,Datum auswählen,Dátum kiválasztása
dueDate,Due date,Fälligkeitsdatum,Határidő
dueDateFrom,Due date from,Fälligkeitsdatum von,Határidő ettől
dueDateUntil,Due date until,Fälligkeitsdatum bis,Határidő eddig
assignedTo,Assigned to,Zugewiesen an,Felelős
selectAssignee,Select assignee,Beauftragten auswählen,Felelős kiválasztása
unknownUser,Unknown user,Unbekannter Benutzer,Ismeretlen felhasználó
taskType,Task type,Aufgabentyp,Feladat típus
mainTasks,Main tasks,Hauptaufgaben,Fő feladatok
subTasks,Sub tasks,Unteraufgaben,Alfeladatok
parentTask,Parent task,Übergeordnete Aufgabe,Szülő feladat
selectParentTask,Select parent task,Übergeordnete Aufgabe auswählen,Szülő feladat kiválasztása
unknownTask,Unknown task,Unbekannte Aufgabe,Ismeretlen feladat
noMainTasksAvailable,No main tasks available,Keine Hauptaufgaben verfügbar,Nincs elérhető fő feladat
tags,Tags,Tags,Címkék
tagsCommaSeparated,Tags (comma separated),Tags (durch Komma getrennt),Címkék (vesszővel elválasztva)
tagsExample,e.g. urgent home project,z.B. dringend zuhause projekt,pl. sürgős otthon projekt
quickFilter,Quick filter,Schnellfilter,Gyors szűrés
detailedFilter,Detailed filter,Detaillierter Filter,Részletes szűrő

# ✅ ÚJ KULCSOK - Offline és fallback
offlineMode,Offline mode,Offline-Modus,Offline mód
cachedDataDisplay,⚡ Cached data display,⚡ Zwischengespeicherte Datenanzeige,⚡ Cache-elt adatok megjelenítése
connectionStatus,Connection status,Verbindungsstatus,Kapcsolódási állapot
online,Online,Online,Online
offline,Offline,Offline,Offline
fromCache,From cache,Aus Cache,Cache-ből
cannotCreateItemsOffline,New items cannot be created in offline mode,Im Offline-Modus können keine neuen Elemente erstellt werden,Offline módban nem lehet új elemeket létrehozni
offlineDataWarning,Without network connection only cached data are available. Creating new items is not possible in offline mode.,Ohne Netzwerkverbindung sind nur zwischengespeicherte Daten verfügbar. Das Erstellen neuer Elemente ist im Offline-Modus nicht möglich.,Hálózati kapcsolat nélkül csak a cache-elt adatok érhetők el. Új elemek létrehozása offline módban nem lehetséges.
toggleOfflineMode,Toggle offline mode,Offline-Modus umschalten,Offline mód ki/be

# ✅ ÚJ KULCSOK - Debug és teszt
currentState,Current state,Aktueller Zustand,Jelenlegi állapot
source,Source,Quelle,Forrás
cloudSynced,Cloud synced,Cloud synchronisiert,Felhő szinkronizálva
on,ON,EIN,BE
off,OFF,AUS,KI
yes,YES,JA,IGEN
no,NO,NEIN,NEM
managerStatus,Manager status,Manager-Status,Manager állapot
basicFallback,Basic fallback,Grundlegendes Fallback,Alapvető fallback
offlineModeSimulation,Offline mode simulation,Offline-Modus-Simulation,Offline mód szimuláció
onlineRestoration,Online restoration,Online-Wiederherstellung,Online visszaállítás
defaultFallback,Default fallback,Standard-Fallback,Alapértelmezett fallback
errorResistance,Error resistance,Fehlertoleranz,Hibatűrés
runAllTests,Run all tests,Alle Tests ausführen,Összes teszt futtatása
testResults,Test results,Testergebnisse,Teszt eredmények
testInitialized,Test widget initialized,Test-Widget initialisiert,Test widget inicializálva
readyForTesting,Ready for testing...,Bereit zum Testen...,Készen áll a tesztelésre...
testsStarted,Tests starting...,Tests starten...,Tesztek indítása...
basicFallbackTest,Basic fallback loading test,Grundlegender Fallback-Ladetest,Alapvető fallback betöltés teszt
initialTestsCompleted,Initial tests completed,Anfangstests abgeschlossen,Kezdeti tesztek befejezve
testCompleted,TEST {number} COMPLETED,TEST {number} ABGESCHLOSSEN,TESZT {number} BEFEJEZVE
testError,TEST {number} ERROR: {error},TEST {number} FEHLER: {error},TESZT {number} HIBA: {error}
allTestsCompleted,All tests completed,Alle Tests abgeschlossen,Összes teszt befejezve
checkResultsAbove,Check the results above!,Überprüfen Sie die Ergebnisse oben!,Ellenőrizd a fenti eredményeket!
resultsCleared,Test results cleared,Testergebnisse gelöscht,Teszt eredmények törölve
readyForNewTesting,Ready for new testing...,Bereit für neue Tests...,Készen áll új tesztelésre...

# ✅ ÚJ KULCSOK - Parancs előnézet és súgó
commandsInTaskTitle,Commands in task title,Befehle im Aufgabentitel,Parancsok a feladat címében
typeTaskTitleWithCommands,Type a task title with commands,Geben Sie einen Aufgabentitel mit Befehlen ein,Írj be egy feladat címet parancsokkal
example_task_commands,Example: Task #0315 #p1 #50% #act,Beispiel: Projekt #0315 #p1 #%50 #act,Példa: Projekt #0315 #p1 #%50 #act
liveParsingFeedback,Live parsing feedback,Live-Parsing-Feedback,Valós idejű parsing visszajelzés
commandsRecognized,{count} commands recognized,{count} Befehle erkannt,{count} parancs felismerve
warnings,Warnings,Warnungen,Figyelmeztetések
noCommands,No commands,Keine Befehle,Nincs parancs
cleanedTitle,Cleaned title,Bereinigter Titel,Tisztított cím
recognizedCommands,Recognized commands,Erkannte Befehle,Felismert parancsok
readiness,Readiness,Bereitschaft,Készültség
examples,Examples,Beispiele,Példák
combinedUsageExample,Combined usage example,Beispiel für kombinierte Verwendung,Kombinált használat példa
parsedResult,Parsed result,Analysiertes Ergebnis,Elemzett eredmény
currentDateFormat,Current date format,Aktuelles Datumsformat,Jelenlegi dátum formátum
dateExamples,Date examples,Datumsbeispiele,Dátum példák
quickTestCases,Quick test cases,Schnelle Testfälle,Gyors teszt esetek

# ✅ ÚJ KULCSOK - Család
join_family,Join family,Familie beitreten,Csatlakozás családhoz
important_family_restriction,Important: A user can only be a member of one family at a time. If you are already a member of a family and join a new family you must first leave your current family.,Wichtig: Ein Benutzer kann nur Mitglied einer Familie gleichzeitig sein. Wenn Sie bereits Mitglied einer Familie sind und einer neuen Familie beitreten müssen Sie zuerst Ihre aktuelle Familie verlassen.,Fontos: Egy felhasználó egyszerre csak egy család tagja lehet. Ha már tagja vagy egy családnak és csatlakozol egy új családhoz előbb ki kell lépned a jelenlegi családodból.
invite_code,Invite code,Einladungscode,Meghívó kód
enter_invite_code,Enter the invite code,Geben Sie den Einladungscode ein,Add meg a meghívó kódot
please_enter_invite_code,Please enter the invite code,Bitte geben Sie den Einladungscode ein,Kérlek add meg a meghívó kódot
verification,Verification,Überprüfung,Ellenőrzés
join,Join,Beitreten,Csatlakozás
family_name,Family name,Familienname,Család neve
expiry_date,Expiry date,Ablaufdatum,Lejárat
invalid_invite_code,Invalid invite code,Ungültiger Einladungscode,Érvénytelen meghívó kód
invite_expired,This invite code is no longer valid (expired or reached maximum usage),Dieser Einladungscode ist nicht mehr gültig (abgelaufen oder maximale Nutzung erreicht),Ez a meghívó kód már nem érvényes (lejárt vagy elérte a maximális felhasználást)
successfully_joined_family,Successfully joined family {familyName}!,Erfolgreich der Familie {familyName} beigetreten!,Sikeresen csatlakoztál a(z) {familyName} családhoz!
user_can_only_belong_to_one_family,A user can only belong to one family at a time. Please leave your current family first in the "Manage Family Members" menu.,Ein Benutzer kann nur einer Familie gleichzeitig angehören. Bitte verlassen Sie zuerst Ihre aktuelle Familie im Menü "Familienmitglieder verwalten".,Egy felhasználó egyszerre csak egy család tagja lehet. Előbb lépj ki a jelenlegi családodból a "Családtagok kezelése" menüpontban.
unknown_error,Unknown error occurred: {error},Unbekannter Fehler ist aufgetreten: {error},Ismeretlen hiba történt: {error}


#naptár

calendar,calendar,Kalender,naptár
calendar_view,calendar view,Kalenderansicht,naptár nézet
events,events,Ereignisse,események
no_events,no events,Keine Ereignisse,nincsenek események
event_details,event details,Ereignisdetails,esemény részletei
calendar_month_view,month view,Monatsansicht,havi nézet
calendar_week_view,week view,Wochenansicht,heti nézet
calendar_day_view,day view,Tagesansicht,napi nézet
calendar_timeline_view,timeline view,Timeline-Ansicht,idővonalas nézet
calendar_filter_all,all,alle,minden
calendar_filter_private,private,privat,privát
calendar_filter_family,family,Familie,családi
calendar_filter_completed,completed,abgeschlossen,befejezett
calendar_filter_pending,pending,ausstehend,függőben
calendar_filter_overdue,overdue,überfällig,lejárt
calendar_filter_today,today,heute,mai
due_tasks,due tasks,fällige Aufgaben,esedékes feladatok
overdue_tasks,overdue tasks,überfällige Aufgaben,lejárt feladatok
completed_tasks,completed tasks,abgeschlossene Aufgaben,befejezett feladatok
today_tasks,today's tasks,heutige Aufgaben,mai feladatok
sync_calendar,sync calendar,Kalender synchronisieren,naptár szinkronizálása
calendar_offline,calendar offline,Kalender offline,naptár offline
manual_refresh,manual refresh,manuelle Aktualisierung,manuális frissítés
pull_to_refresh,pull to refresh,zum Aktualisieren ziehen,húzza le a frissítéshez
syncing,syncing,synchronisiere,szinkronizálás
last_synced,last synced,zuletzt synchronisiert,utolsó szinkronizálás
calendar_cache_loading,loading calendar,Kalender wird geladen,naptár betöltése
calendar_cache_offline,offline data,Offline-Daten,offline adatok
calendar_cache_synced,synced,synchronisiert,szinkronizálva
calendar_cache_error,loading error,Ladefehler,betöltési hiba
previous_month,previous month,vorheriger Monat,előző hónap
next_month,next month,nächster Monat,következő hónap
today_button,today,heute,ma
go_to_date,go to date,zu Datum springen,ugrás dátumra
event_title,event title,Ereignistitel,esemény címe
event_date,event date,Ereignisdatum,esemény dátuma
event_time,event time,Ereigniszeit,esemény ideje
event_priority,priority,Priorität,prioritás
event_category,category,Kategorie,kategória
event_assignee,assignee,Verantwortlicher,felelős
event_status,status,Status,állapot
event_description,description,Beschreibung,leírás
priority_high,high,hoch,magas
priority_medium,medium,mittel,közepes
priority_low,low,niedrig,alacsony
calendar_error_load,error loading calendar,Fehler beim Laden des Kalenders,hiba a naptár betöltésekor
calendar_error_sync,sync error,Synchronisierungsfehler,szinkronizálási hiba
calendar_no_connection,no internet connection,keine Internetverbindung,nincs internetkapcsolat
calendar_retry,retry,erneut versuchen,újrapróbálkozás
morning,morning,Morgen,reggel
afternoon,afternoon,Nachmittag,délután
evening,evening,Abend,este
night,night,Nacht,éjjel
all_day,all day,ganztägig,egész nap
group_by_category,group by category,nach Kategorie gruppieren,csoportosítás kategória szerint
group_by_priority,group by priority,nach Priorität gruppieren,csoportosítás prioritás szerint
group_by_assignee,group by assignee,nach Verantwortlichem gruppieren,csoportosítás felelős szerint
group_by_status,group by status,nach Status gruppieren,csoportosítás állapot szerint
no_grouping,no grouping,keine Gruppierung,nincs csoportosítás
search_events,search events,Ereignisse suchen,események keresése
search_placeholder,search...,suchen...,keresés...
search_results,search results,Suchergebnisse,keresési eredmények
no_search_results,no results found,keine Ergebnisse gefunden,nincs találat
calendar_settings,calendar settings,Kalender-Einstellungen,naptár beállítások
show_weekends,show weekends,Wochenenden anzeigen,hétvégék megjelenítése
week_starts_monday,week starts on Monday,Woche beginnt am Montag,hét hétfőn kezdődik
show_completed,show completed tasks,abgeschlossene Aufgaben anzeigen,befejezett feladatok megjelenítése
auto_sync,auto sync,automatische Synchronisation,automatikus szinkronizálás
sync_status_idle,Üresjárat,Leerlauf,Idle
sync_status_syncing,Szinkronizálás,Synchronisierung,Syncing
sync_status_success,Sikeres,Erfolgreich,Success
sync_status_error,Hiba,Fehler,Error
sync_status_offline,Offline,Offline,Offline
sync_synchronized,Szinkronizálva,Synchronisiert,Synchronized
sync_syncing,Szinkronizálás...,Synchronisierung...,Syncing...
sync_updated,Frissítve,Aktualisiert,Updated
sync_error,Szinkronizálási hiba,Synchronisierungsfehler,Sync error
sync_offline_mode,Offline mód,Offline-Modus,Offline mode
refresh_state_idle,Üresjárat,Leerlauf,Idle
refresh_state_refreshing,Frissítés,Aktualisierung,Refreshing
refresh_state_success,Sikeres,Erfolgreich,Success
refresh_state_error,Hiba,Fehler,Error
manual_refresh,Manuális frissítés,Manuelle Aktualisierung,Manual refresh
pull_to_refresh,Húzza le a frissítéshez,Zum Aktualisieren ziehen,Pull to refresh
refresh_now,Frissítés most,Jetzt aktualisieren,Refresh now
quick_refresh,Gyors frissítés,Schnelle Aktualisierung,Quick refresh
full_refresh,Teljes frissítés,Vollständige Aktualisierung,Full refresh
background_refresh,Háttér frissítés,Hintergrund-Aktualisierung,Background refresh
last_sync,Utolsó szinkronizálás,Letzte Synchronisation,Last sync
never_synced,Soha,Nie,Never
just_now,Most,Gerade eben,Just now
seconds_ago,{0}s ezelőtt,vor {0}s,{0}s ago
minutes_ago,{0}m ezelőtt,vor {0}m,{0}m ago
hours_ago,{0}ó ezelőtt,vor {0}h,{0}h ago
days_ago,{0}n ezelőtt,vor {0}d,{0}d ago
network_online,Online,Online,Online
network_offline,Offline,Offline,Offline
no_internet_connection,Nincs internetkapcsolat,Keine Internetverbindung,No internet connection
connection_restored,Kapcsolat helyreállt,Verbindung wiederhergestellt,Connection restored
sync_failed,Szinkronizálás sikertelen,Synchronisation fehlgeschlagen,Sync failed
refresh_failed,Frissítés sikertelen,Aktualisierung fehlgeschlagen,Refresh failed
cannot_sync_offline,Offline módban nem lehet szinkronizálni,Synchronisation im Offline-Modus nicht möglich,Cannot sync in offline mode
retry_when_online,Újrapróbálás online módban,Bei Online-Verbindung wiederholen,Retry when online
cache_loading,Betöltés cache-ből,Laden aus Cache,Loading from cache
cache_offline_data,Offline adatok,Offline-Daten,Offline data
cache_synced_data,Szinkronizált adatok,Synchronisierte Daten,Synced data
cache_stale_data,Elavult adatok,Veraltete Daten,Outdated data
pending_changes,Függőben lévő változások,Ausstehende Änderungen,Pending changes
no_pending_changes,Nincs függőben lévő változás,Keine ausstehenden Änderungen,No pending changes
changes_count,{0} változás,{0} Änderungen,{0} changes
sync_pending_changes,Függőben lévő változások szinkronizálása,Ausstehende Änderungen synchronisieren,Sync pending changes
invalidation_sync_change,Szinkronizálási állapot változott,Synchronisationsstatus geändert,Sync status changed
invalidation_manual_refresh,Manuális frissítés aktiválva,Manuelle Aktualisierung ausgelöst,Manual refresh triggered
invalidation_date_change,Dátum változott,Datum geändert,Date changed
invalidation_view_change,Nézet típus változott,Ansichtstyp geändert,View type changed
invalidation_network_change,Hálózati állapot változott,Netzwerkstatus geändert,Network status changed
invalidation_background_refresh,Háttér frissítés,Hintergrund-Aktualisierung,Background refresh
tap_to_refresh,Érintsd meg a frissítéshez,Zum Aktualisieren tippen,Tap to refresh
sync_in_progress,Szinkronizálás folyamatban,Synchronisation läuft,Sync in progress
sync_completed,Szinkronizálás befejezve,Synchronisation abgeschlossen,Sync completed
offline_mode_active,Offline mód aktív,Offline-Modus aktiv,Offline mode active
sync_performance,Szinkronizálási teljesítmény,Synchronisationsleistung,Sync performance
invalidation_events,Invalidálási események,Invalidierungsereignisse,Invalidation events
cache_warming,Cache melegítés,Cache-Aufwärmung,Cache warming
background_operations,Háttér műveletek,Hintergrundoperationen,Background operations
force_sync,Szinkronizálás kényszerítése,Synchronisation erzwingen,Force sync
simulate_offline,Offline szimuláció,Offline simulieren,Simulate offline
restore_online,Online visszaállítás,Online wiederherstellen,Restore online
clear_events,Események törlése,Ereignisse löschen,Clear events
auto_sync,Automatikus szinkronizálás,Automatische Synchronisation,Auto sync
sync_frequency,Szinkronizálási gyakoriság,Synchronisationsfrequenz,Sync frequency
background_sync,Háttér szinkronizálás,Hintergrund-Synchronisation,Background sync
sync_on_startup,Induláskor szinkronizálás,Synchronisation beim Start,Sync on startup
event_details,Event details,Event-Details,Esemény részletei
event_card_tap_to_view,Tap to view details,Tippen für Details,Koppints a részletekért
event_card_offline_data,Offline data,Offline-Daten,Offline adat
event_card_synced_data,Synced data,Synchronisierte Daten,Szinkronizált adat
event_card_pending_sync,Pending sync,Synchronisation ausstehend,Szinkronizálásra vár
completion_percentage,Completion percentage,Fertigstellungsgrad,Befejezés százaléka
due_date,Due date,Fälligkeitsdatum,Határidő
created_date,Created,Erstellt,Létrehozva
completed_date,Completed,Abgeschlossen,Befejezve
task_status,Task status,Aufgabenstatus,Feladat állapot
task_overdue,Overdue,Überfällig,Lejárt
task_due_today,Due today,Heute fällig,Ma van a határideje
task_in_progress,In progress,In Bearbeitung,Folyamatban
task_completed,Completed,Abgeschlossen,Befejezett
task_private,Private,Privat,Privát
task_family,Family,Familie,Családi
edit_event,Edit event,Ereignis bearbeiten,Esemény szerkesztése
close_modal,Close,Schließen,Bezárás
view_task_details,View task details,Aufgabendetails anzeigen,Feladat részletei
sync_info,Sync information,Synchronisationsinformationen,Szinkronizációs információ
pending_changes_count,Pending changes,Ausstehende Änderungen,Függőben lévő változások
last_sync_time,Last sync,Letzte Synchronisation,Utolsó szinkronizálás
cache_status,Cache status,Cache-Status,Cache állapot
network_status,Network status,Netzwerkstatus,Hálózati állapot
offline_indicator,Offline indicator,Offline-Anzeige,Offline jelző
priority_indicator,Priority indicator,Prioritätsanzeige,Prioritás jelző
category_color,Category color,Kategoriefarbe,Kategória szín
progress_indicator,Progress indicator,Fortschrittsanzeige,Haladás jelző
today_short,Today,Heute,Ma
tomorrow_short,Tomorrow,Morgen,Holnap
yesterday_short,Yesterday,Gestern,Tegnap
this_week,This week,Diese Woche,Ezen a héten
next_week,Next week,Nächste Woche,Jövő héten
last_week,Last week,Letzte Woche,Múlt héten
monday_short,Monday,Montag,Hétfő
tuesday_short,Tuesday,Dienstag,Kedd
wednesday_short,Wednesday,Mittwoch,Szerda
thursday_short,Thursday,Donnerstag,Csütörtök
friday_short,Friday,Freitag,Péntek
saturday_short,Saturday,Samstag,Szombat
sunday_short,Sunday,Sonntag,Vasárnap
jan_short,Jan,Jan,Jan
feb_short,Feb,Feb,Feb
mar_short,Mar,Mär,Már
apr_short,Apr,Apr,Ápr
may_short,May,Mai,Máj
jun_short,Jun,Jun,Jún
jul_short,Jul,Jul,Júl
aug_short,Aug,Aug,Aug
sep_short,Sep,Sep,Sze
oct_short,Oct,Okt,Okt
nov_short,Nov,Nov,Nov
dec_short,Dec,Dez,Dec
event_tags,Tags,Tags,Címkék
no_description,No description,Keine Beschreibung,Nincs leírás
no_category,No category,Keine Kategorie,Kategória nélkül
no_assignee,No assignee,Kein Verantwortlicher,Nincs felelős
no_tags,No tags,Keine Tags,Nincs címke
loading_event_details,Loading event details,Lade Event-Details,Esemény részletek betöltése
error_loading_event,Error loading event,Fehler beim Laden des Events,Hiba az esemény betöltésekor
retry_load_event,Retry loading,Erneut versuchen,Újrapróbálás
calendar_month_view,Month,Monat,Hónap
calendar_week_view,Week,Woche ,Hét
calendar_day_view,Day,Tag,Nap
calendar_timeline_view,Timeline,Zeitlinie,Idősor
calendar_today_button,Today,Heute,Ma
calendar_refresh,Refresh,Aktualisieren,Frissítés
calendar_settings,Settings,Einstellungen,Beállítások
create_new_event,New event,Neues Ereignis,Új esemény
export,Export,Exportieren,Exportálás
switching_to_month_view,Switching to month view,Wechsel zur Monatsansicht,Váltás havi nézetre
switching_to_week_view,Switching to week view,Wechsel zur Wochenansicht,Váltás heti nézetre
switching_to_day_view,Switching to day view,Wechsel zur Tagesansicht,Váltás napi nézetre
switching_to_timeline_view,Switching to timeline view,Wechsel zur Zeitlinienansicht,Váltás idővonal nézetre
navigating_to_today,Going to today,Zum heutigen Tag springen,Ugrás a mai napra
calendar_navigation_previous,Previous,Vorherige,Előző
calendar_navigation_next,Next,Nächste,Következő
monthly_summary,Monthly Summary,Monatliche Zusammenfassung,Havi Összesítő
weekly_summary,Weekly Summary,Wöchentliche Zusammenfassung,Heti Összesítő
daily_summary,Daily Summary,Tägliche Zusammenfassung,Napi Összesítő
timeline_summary,Timeline Summary,Zeitlinien Zusammenfassung,Idővonalas Összesítő
events_completed,Completed,Abgeschlossen,Befejezett
events_in_progress,In Progress,In Bearbeitung,Folyamatban
events_high_priority,High Priority,Hohe Priorität,Magas prioritás
events_total,Total Events,Gesamt Ereignisse,Összes esemény
quick_action_new_task,New task,Neue Aufgabe,Új feladat
quick_action_go_today,Go to today,Zu heute gehen,Mai napra
quick_action_filter,Filter,Filtern,Szűrés
morning,Morning,Morgen,Reggel
afternoon,Afternoon,Nachmittag,Délután
evening,Evening,Abend,Este
night,Night,Nacht,Éjszaka
no_events_today,No events today,Keine Ereignisse heute,Nincs esemény ma
no_events_this_week,No events this week,Keine Ereignisse diese Woche,Nincs esemény ezen a héten
no_events_this_month,No events this month,Keine Ereignisse diesen Monat,Nincs esemény ebben a hónapban
no_events_timeline,No events on timeline,Keine Ereignisse auf der Zeitlinie,Nincs esemény az idővonalon
loading_calendar,Loading calendar,Kalender wird geladen,Naptár betöltése
loading_events,Loading events,Ereignisse werden geladen,Események betöltése
loading_view,Loading view,Ansicht wird geladen,Nézet betöltése
calendar_load_error,Error loading calendar,Fehler beim Laden des Kalenders,Hiba a naptár betöltésekor
calendar_sync_error,Sync error,Synchronisierungsfehler,Szinkronizálási hiba
calendar_network_error,Network error,Netzwerkfehler,Hálózati hiba
month_view_description,Display full month,Ganzen Monat anzeigen,Teljes hónap megjelenítése
week_view_description,Display one week,Eine Woche anzeigen,Egy hét megjelenítése
day_view_description,Display detailed day,Detaillierten Tag anzeigen,Egy nap részletes megjelenítése
timeline_view_description,Events in chronological order,Ereignisse in chronologischer Reihenfolge,Események kronológiai sorrendben
today_label,Today,Heute,Ma
tomorrow_label,Tomorrow,Morgen,Holnap
yesterday_label,Yesterday,Gestern,Tegnap
this_week,This week,Diese Woche,Ezen a héten
next_week,Next week,Nächste Woche,Jövő héten
last_week,Last week,Letzte Woche,Múlt héten
calendar_go_previous,Previous period,Vorheriger Zeitraum,Előző időszak
calendar_go_next,Next period,Nächster Zeitraum,Következő időszak
calendar_select_date,Select date,Datum auswählen,Dátum kiválasztása
view_event_details,View event details,Ereignisdetails anzeigen,Esemény részletei
edit_event,Edit event,Ereignis bearbeiten,Esemény szerkesztése
delete_event,Delete event,Ereignis löschen,Esemény törlése
mark_completed,Mark completed,Als abgeschlossen markieren,Befejezettnek jelölés
calendar_accessibility_month,Monthly calendar view,Monatliche Kalenderansicht,Havi naptár nézet
calendar_accessibility_week,Weekly calendar view,Wöchentliche Kalenderansicht,Heti naptár nézet
calendar_accessibility_day,Daily calendar view,Tägliche Kalenderansicht,Napi naptár nézet
calendar_accessibility_timeline,Timeline calendar view,Zeitlinien Kalenderansicht,Idővonalas naptár nézet
category_created_by,Created by: {name},Erstellt von: {name},Létrehozta: {name}
category_edit_no_permission,Only the creator or family administrator can edit this category,Nur der Ersteller oder Familienadministrator kann diese Kategorie bearbeiten,Csak a létrehozó vagy családi adminisztrátor szerkesztheti ezt a kategóriát
category_delete_no_permission,Only the creator or family administrator can delete this category,Nur der Ersteller oder Familienadministrator kann diese Kategorie löschen,Csak a létrehozó vagy családi adminisztrátor törölheti ezt a kategóriát
category_permission_denied,Permission denied,Berechtigung verweigert,Nincs jogosultság
category_admin_or_creator_only,Only parent or creator can modify,Nur Elternteil oder Ersteller kann ändern,Csak szülő vagy létrehozó módosíthatja

databaseUnavailable,The server is currently unavailable. Please try again later.,Der Server ist derzeit nicht verfügbar. Bitte versuchen Sie es später erneut.,A szerver jelenleg nem elérhető. Kérjük próbálja meg később.
networkOfflineError,No internet connection. Please check your network settings.,Keine Internetverbindung. Bitte überprüfen Sie Ihre Netzwerkeinstellungen.,Nincs internetkapcsolat. Ellenőrizze a hálózati beállításokat.
authenticationError,Authentication error. Please check your credentials.,Authentifizierungsfehler. Bitte überprüfen Sie Ihre Anmeldedaten.,Bejelentkezési hiba. Ellenőrizze az adatokat.
connectionTimeout,Connection timed out. Please try again.,Verbindung unterbrochen. Bitte versuchen Sie es erneut.,A kapcsolat időtúllépés miatt megszakadt. Próbálja újra.
loginGeneralError,An error occurred during login. Please try again.,Ein Fehler ist bei der Anmeldung aufgetreten. Bitte versuchen Sie es erneut.,Hiba történt a bejelentkezés során. Próbálja újra.
errorDetails,Error Details,Fehlerdetails,Hiba részletei
errorCategory,Category,Kategorie,Kategória
debugInfo,Debug,Debug,Debug
originalErrorLabel,Original error,Ursprünglicher Fehler,Eredeti hiba
closeDialog,Close,Schließen,Bezárás


calendar_selected_date,Selected date,Ausgewähltes Datum,Kiválasztott dátum
calendar_today_button,Today,Heute,Mai nap
calendar_refresh,Refresh,Aktualisieren,Frissítés
calendar_tasks_for_day,Tasks - {date},Aufgaben - {date},Feladatok - {date}
calendar_no_tasks,No tasks on this day,Keine Aufgaben an diesem Tag,Nincsenek feladatok ezen a napon
calendar_offline_no_tasks,No tasks in offline mode,Keine Aufgaben im Offline-Modus,Offline módban nincsenek feladatok
calendar_offline_banner,Offline mode - Calendar data limited,Offline-Modus - Kalenderdaten begrenzt,Offline mód - Naptár adatok korlátozottak
calendar_offline_action_blocked,This feature is unavailable in offline mode,Diese Funktion ist im Offline-Modus nicht verfügbar,Offline módban ez a funkció nem elérhető


# Register page általános
registerTitle,Regisztráció,Register,Registrieren
registerAndJoin,Regisztráció és csatlakozás,Register and Join,Registrieren und Beitreten

# Meghívó kód
inviteCode,Meghívó kód,Invite Code,Einladungscode
inviteCodeHint,Add meg a kapott meghívó kódot,Enter the invite code you received,Geben Sie den erhaltenen Einladungscode ein
inviteCodeRequired,A meghívó kód nem lehet üres,Invite code cannot be empty,Einladungscode darf nicht leer sein
invalidInviteCode,Érvénytelen meghívó kód: {error},Invalid invite code: {error},Ungültiger Einladungscode: {error}
invalidInviteCodeMessage,Érvénytelen meghívó kód,Invalid invite code,Ungültiger Einladungscode
inviteCodeExpired,Ez a meghívó kód már nem érvényes,This invite code is no longer valid,Dieser Einladungscode ist nicht mehr gültig
inviteCheckError,Hiba történt a meghívó ellenőrzése közben,Error checking invite code,Fehler beim Überprüfen des Einladungscodes
checkInvite,Ellenőrzés,Check,Prüfen
joiningFamily,Csatlakozás: {familyName},Joining: {familyName},Beitritt: {familyName}

# Családhoz csatlakozás
joinFamilyWithInvite,Csatlakozás családhoz meghívó kóddal,Join family with invite code,Mit Einladungscode zur Familie beitreten
familyJoinSuccess,Sikeresen csatlakoztál a családhoz!,Successfully joined the family!,Erfolgreich der Familie beigetreten!
familyJoinError,Hiba a családhoz csatlakozás során: {error},Error joining family: {error},Fehler beim Beitritt zur Familie: {error}

# Hibaüzenetek
profileCreationError,Hiba a felhasználói fiók létrehozásakor. Kérjük próbálja meg újra más email címmel.,Error creating user account. Please try again with a different email.,Fehler beim Erstellen des Benutzerkontos. Bitte versuchen Sie es mit einer anderen E-Mail erneut.
registrationError,Regisztrációs hiba,Registration error,Registrierungsfehler
emailAlreadyRegistered,Ez az email cím már regisztrálva van. Kérjük jelentkezz be!,This email address is already registered. Please log in!,Diese E-Mail-Adresse ist bereits registriert. Bitte melde dich an!

# Egyéb
fullNameHint,Teljes neved (opcionális),Your full name (optional),Ihr vollständiger Name (optional)

myTasksOffline,My Tasks (Offline),Meine Aufgaben (Offline),Saját feladatok (Offline)
offlineModeOnlyCached,Offline mode - Only cached data available,Offline-Modus - Nur zwischengespeicherte Daten verfügbar,Offline mód - Csak cache-elt adatok érhetők el
offlineModeTasksReadonly,Tasks cannot be modified in offline mode,Aufgaben können im Offline-Modus nicht geändert werden,Offline módban a feladatok állapota nem módosítható
errorOccurred,An error occurred,Ein Fehler ist aufgetreten,Hiba történt
active,Active,Aktiv,Aktív
hidden,Hidden,Versteckt,Rejtett
hiddenCompleted,hidden completed,versteckte abgeschlossene,rejtett befejezett
inactive,INACTIVE,INAKTIV,INAKTÍV
today,Today,Heute,Ma
tomorrow,Tomorrow,Morgen,Holnap
yesterday,Yesterday,Gestern,Tegnap
daysAgo,{count} days ago,vor {count} Tagen,{count} napja lejárt
daysFromNow,in {count} days,in {count} Tagen,{count} nap múlva
noTasksToDisplay,No tasks to display,Keine Aufgaben anzuzeigen,Nincs megjeleníthető feladat
unnamedTask,Unnamed task,Unbenannte Aufgabe,Névtelen feladat
advancedFilters,Advanced Filters,Erweiterte Filter,Részletes szűrők
showCompleted,Show completed,Zeige abgeschlossene,Befejezettek mutatása
hideCompleted,Hide completed,Verberge abgeschlossene,Befejezettek elrejtése
sortBy,Sort by,Sortieren nach,Rendezés
sortByName,Name,Name,Név
sortByDueDate,Due date,Fälligkeitsdatum,Határidő
sortByPriority,Priority,Priorität,Prioritás

offlineModeTitle,Offline Mode,Offline-Modus,Offline mód
offlineModeRefreshUnavailable,Refresh is not available in offline mode,Aktualisierung ist im Offline-Modus nicht verfügbar,Offline módban a frissítés nem elérhető
offlineModeWarning,Offline Mode Warning,Offline-Modus Warnung,Offline mód figyelmeztetés
offlineModeLogoutConfirm,You are in offline simulation mode. Are you sure you want to log out?,Sie befinden sich im Offline-Simulationsmodus. Möchten Sie sich wirklich abmelden?,Offline szimulációs módban vagy. Biztosan ki szeretnél jelentkezni?
offlineModeNavigationLimited,Offline mode - Navigation available but limited functionality,Offline-Modus - Navigation verfügbar aber eingeschränkte Funktionalität,Offline mód - Navigáció elérhető de korlátozott funkciók


offlineModeTitle,Offline Mode,Offline-Modus,Offline mód
offlineModeRefreshUnavailable,Refresh is not available in offline mode,Aktualisierung ist im Offline-Modus nicht verfügbar,Offline módban a frissítés nem elérhető
offlineModeWarning,Offline Mode Warning,Offline-Modus Warnung,Offline mód figyelmeztetés
offlineModeLogoutConfirm,You are in offline simulation mode. Are you sure you want to log out?,Sie befinden sich im Offline-Simulationsmodus. Möchten Sie sich wirklich abmelden?,Offline szimulációs módban vagy. Biztosan ki szeretnél jelentkezni?
offlineModeNavigationLimited,Offline mode - Navigation available but limited functionality,Offline-Modus - Navigation verfügbar aber eingeschränkte Funktionalität,Offline mód - Navigáció elérhető de korlátozott funkciók
categories,Categories,Kategorien,Kategóriák
offlineModeActive,Offline mode active,Offline-Modus aktiv,Offline mód aktív
cachedDataDisplay,Showing cached data,Zwischengespeicherte Daten anzeigen,Cache-elt adatok megjelenítése
noCategoriesFound,No categories found,Keine Kategorien gefunden,Nincs kategória
createFirstCategory,Create your first category,Erstelle deine erste Kategorie,Hozd létre az első kategóriádat
newCategory,New Category,Neue Kategorie,Új kategória
editCategory,Edit Category,Kategorie bearbeiten,Kategória szerkesztése
categoryName,Category name,Kategoriename,Kategória neve
enterCategoryName,Enter category name,Kategoriename eingeben,Írd be a kategória nevét
optionalDescription,Optional description,Optionale Beschreibung,Opcionális leírás
makePrivate,Make private,Privat machen,Legyen privát
categoryColor,Category color,Kategoriefarbe,Kategória színe
activeTasks,Active tasks,Aktive Aufgaben,Aktív feladatok
completedTasks,Completed tasks,Abgeschlossene Aufgaben,Befejezett feladatok
deleteCategory,Delete category,Kategorie löschen,Kategória törlése
deleteCategoryConfirm,Are you sure you want to delete "{name}" category?,Möchten Sie die Kategorie "{name}" wirklich löschen?,Biztosan törölni szeretnéd a "{name}" kategóriát?
categoryCreated,Category created,Kategorie erstellt,Kategória létrehozva
categoryUpdated,Category updated,Kategorie aktualisiert,Kategória frissítve
categoryDeleted,Category deleted,Kategorie gelöscht,Kategória törölve
noPermissionEditCategory,You don't have permission to edit this category,Sie haben keine Berechtigung diese Kategorie zu bearbeiten,Nincs jogosultságod szerkeszteni ezt a kategóriát
cannotMakePrivate,Cannot make private,Kann nicht privat gemacht werden,Nem tehető privattá
categoryContainsPublicTasks,This category contains public tasks. Move or make them private first.,Diese Kategorie enthält öffentliche Aufgaben. Verschieben oder privat machen Sie sie zuerst.,Ez a kategória nyilvános feladatokat tartalmaz. Először ezeket privattá kell tenni vagy át kell helyezni őket másik kategóriába.
offlineNoOperations,Operations not available in offline mode,Operationen im Offline-Modus nicht verfügbar,Offline módban a műveletek nem elérhetők
offlineViewOnly,View only mode,Nur Ansichtsmodus,Csak megtekintés módban
selectCategoryToEdit,Select a category to edit,Wählen Sie eine Kategorie zum Bearbeiten,Válassz kategóriát a szerkesztéshez
invalidNumber,Invalid number,Ungültige Nummer,Érvénytelen szám
description,Description,Beschreibung,Leírás
sortOrder,Sort order,Sortierreihenfolge,Sorrend


calendar,Calendar,Kalender,Naptár
calendarView,Calendar view,Kalenderansicht,Naptár nézet
events,Events,Ereignisse,Események
noEvents,No events,Keine Ereignisse,Nincsenek események
eventDetails,Event details,Ereignisdetails,Esemény részletei
calendarMonthView,Month,Monat,Hónap
calendarWeekView,Week,Woche,Hét
calendarDayView,Day,Tag,Nap
calendarTimelineView,Timeline,Zeitlinie,Idővonal

// Hónapnevek
monthJanuary,January,Januar,Január
monthFebruary,February,Februar,Február
monthMarch,March,März,Március
monthApril,April,April,Április
monthMay,May,Mai,Május
monthJune,June,Juni,Június
monthJuly,July,Juli,Július
monthAugust,August,August,Augusztus
monthSeptember,September,September,Szeptember
monthOctober,October,Oktober,Október
monthNovember,November,November,November
monthDecember,December,Dezember,December

// Rövid hónapnevek
monthJanShort,Jan,Jan,Jan
monthFebShort,Feb,Feb,Feb
monthMarShort,Mar,Mär,Már
monthAprShort,Apr,Apr,Ápr
monthMayShort,May,Mai,Máj
monthJunShort,Jun,Jun,Jún
monthJulShort,Jul,Jul,Júl
monthAugShort,Aug,Aug,Aug
monthSepShort,Sep,Sep,Sze
monthOctShort,Oct,Okt,Okt
monthNovShort,Nov,Nov,Nov
monthDecShort,Dec,Dez,Dec

// Napok
dayMonday,Monday,Montag,Hétfő
dayTuesday,Tuesday,Dienstag,Kedd
dayWednesday,Wednesday,Mittwoch,Szerda
dayThursday,Thursday,Donnerstag,Csütörtök
dayFriday,Friday,Freitag,Péntek
daySaturday,Saturday,Samstag,Szombat
daySunday,Sunday,Sonntag,Vasárnap

// Rövid napnevek
dayMonShort,Mon,Mo,H
dayTueShort,Tue,Di,K
dayWedShort,Wed,Mi,Sze
dayThuShort,Thu,Do,Cs
dayFriShort,Fri,Fr,P
daySatShort,Sat,Sa,Szo
daySunShort,Sun,So,V

// Dátumválasztó
selectDate,Select date,Datum auswählen,Dátum kiválasztása
selectYear,Select year,Jahr auswählen,Év kiválasztása
selectMonth,Select month,Monat auswählen,Hónap kiválasztása
selectDay,Select day,Tag auswählen,Nap kiválasztása
jumpToDate,Jump to date,Zum Datum springen,Ugrás dátumhoz
goToToday,Go to today,Zu heute gehen,Ugrás a mai napra
year,Year,Jahr,Év
month,Month,Monat,Hónap
day,Day,Tag,Nap

profileImageSection,Profile Picture,Profilbild,Profilkép
premiumSubscription,Premium Subscription,Premium-Abonnement,Prémium előfizetés
activeSubscription,Active Subscription,Aktives Abonnement,Aktív előfizetés
unlockAllFeatures,Unlock all features,Alle Funktionen freischalten,Használd ki az összes funkciót
developerTools,Developer Tools,Entwickler-Tools,Fejlesztői Eszközök
offlineModeNoSave,Cannot save in offline mode,Im Offline-Modus kann nicht gespeichert werden,Offline módban nem menthető

families,Families,Familien,Családok
familiesManagement,Family Management,Familienverwaltung,Családok kezelése
offlineFamiliesManagement,Offline Family Management,Offline Familienverwaltung,Offline családok kezelése
offlineModeViewOnly,Offline mode - View only mode no modifications possible,Offline-Modus - Nur Ansichtsmodus keine Änderungen möglich,Offline mód - Csak megtekintési mód módosítások nem lehetségesek
noFamilyYet,You don't have a family yet. Create one or join an existing one!,Du hast noch keine Familie. Erstelle eine oder tritt einer bestehenden bei!,Még nincs családod. Hozz létre egyet vagy csatlakozz egy meglévőhöz!
offlineNoFamilies,No families available in offline mode,Im Offline-Modus sind keine Familien verfügbar,Offline módban nincsenek elérhető családok
familySettings,Family Settings,Familieneinstellungen,Család beállítások
familySettingsDesc,Manage family settings,Familieneinstellungen verwalten,Család beállításainak kezelése
familyMembersManagement,Member and Permission Management,Mitglieder- und Berechtigungsverwaltung,Tagok és jogosultságok kezelése
invitesManagement,Invite Management,Einladungsverwaltung,Meghívók kezelése
invitesManagementDesc,Create and manage invites,Einladungen erstellen und verwalten,Meghívók létrehozása és kezelése
offlineNotEditable,Not editable in offline mode,Im Offline-Modus nicht bearbeitbar,Offline módban nem szerkeszthető
offlineNotAvailable,Not available in offline mode,Im Offline-Modus nicht verfügbar,Offline módban nem elérhető
viewOnlyMode,View only mode available,Nur Ansichtsmodus verfügbar,Csak megtekintési mód elérhető
offlineInvites,Offline Invites,Offline Einladungen,Offline meghívók
offlineFamiliesNotAvailable,Families not available in offline mode,Familien im Offline-Modus nicht verfügbar,Offline módban a családok nem érhetők el
offlineFamilySettingsNotEditable,Family settings cannot be edited in offline mode,Familieneinstellungen können im Offline-Modus nicht bearbeitet werden,Offline módban a család beállítások nem szerkeszthetők
offlineInvitesNotAvailable,Invite management not available in offline mode,Einladungsverwaltung im Offline-Modus nicht verfügbar,Offline módban a meghívók kezelése nem elérhető

key,en,de,hu
settings,Settings,Einstellungen,Beállítások
darkMode,Dark Mode,Dunkles Thema,Sötét mód
lightMode,Light Mode,Helles Thema,Világos mód
systemTheme,System Theme,System-Thema,Rendszer téma
appTitle,Task Manager,Aufgabenmanager,Feladatkezelő
loginTitle,Login,Anmelden,Bejelentkezés
registerTitle,Register,Registrieren,Regisztráció
homeTitle,Home,Startseite,Főoldal
tasksTitle,Tasks,Aufgaben,Feladatok
categoriesTitle,Categories,Kategorien,Kategóriák
newTaskTitle,New Task,Neue Aufgabe,Új feladat
taskDetailsTitle,Task Details,Aufgabendetails,Feladat részletei
user,User,Benutzer,Felhasználó
registerSuccess,Registration successful! Please confirm your email.,Registrierung erfolgreich! Bitte bestätige deine E-Mail.,Sikeres regisztráció! Kérjük erősítsd meg az email címedet.
creating,Creating,Erstelle,Létrehozás
noUserLoggedIn,No user is logged in,Kein Benutzer ist angemeldet,Nincs bejelentkezett felhasználó
refresh,Refresh,Aktualisieren,Frissítés
createNewCategory,Create New Category,Neue Kategorie erstellen,Új kategória létrehozása
editCategory,Edit Category,Kategorie bearbeiten,Kategória szerkesztése
noCategories,No categories yet,Noch keine Kategorien,Nincsenek kategóriák
email,Email,E-Mail,Email cím
emailHint,Enter your email,Gib deine E-Mail-Adresse ein,Add meg az email címed
emailRequired,Email is required,E-Mail ist erforderlich,Az email cím megadása kötelező
emailInvalid,Invalid email format,Ungültiges E-Mail-Format,Érvénytelen email formátum
password,Password,Passwort,Jelszó
passwordHint,Enter your password,Gib dein Passwort ein,Add meg a jelszavad
passwordRequired,Password is required,Passwort ist erforderlich,A jelszó megadása kötelező
passwordTooShort,Password must be at least 6 characters,Passwort muss mindestens 6 Zeichen lang sein,A jelszó legalább 6 karakter hosszú legyen
passwordNeedsDigit,Password must contain a digit,Passwort muss mindestens eine Ziffer enthalten,A jelszónak tartalmaznia kell számot
confirmPassword,Confirm Password,Passwort bestätigen,Jelszó megerősítése
passwordsDontMatch,Passwords don't match,Passwörter stimmen nicht überein,A jelszavak nem egyeznek
fullName,Full Name,Vollständiger Name,Teljes név
fullNameHint,Enter your full name,Gib deinen vollständigen Namen ein,Add meg a teljes neved
fullNameRequired,Full name is required,Vollständiger Name ist erforderlich,A név megadása kötelező
login,Login,Anmelden,Bejelentkezés
register,Register,Registrieren,Regisztráció
logout,Logout,Abmelden,Kijelentkezés
save,Save,Speichern,Mentés
cancel,Cancel,Abbrechen,Mégse
delete,Delete,Löschen,Törlés
edit,Edit,Bearbeiten,Szerkesztés
create,Create,Erstellen,Létrehozás
update,Update,Aktualisieren,Frissítés
forgotPassword,Forgot Password?,Passwort vergessen?,Elfelejtett jelszó?
noAccount,Don't have an account? Register!,Noch kein Konto? Registrieren!,Még nincs fiókod? Regisztrálj!
hasAccount,Already have an account? Login!,Bereits ein Konto? Anmelden!,Már van fiókod? Jelentkezz be!
selectOption,Select an option:,Wähle eine Option:,Válassz az alábbi lehetőségek közül:
taskName,Task Name,Aufgabenname,Feladat neve
taskNameHint,Enter task name,Aufgabenname eingeben,Add meg a feladat nevét
taskNameRequired,Task name is required,Aufgabenname ist erforderlich,A feladat neve kötelező
category,Category,Kategorie,Kategória
selectCategory,Select category,Kategorie auswählen,Válassz kategóriát
noCategory,No category,Keine Kategorie,Nincs kategória
categoryName,Category Name,Kategoriename,Kategória neve
categoryNameHint,Enter category name,Kategoriename eingeben,Add meg a kategória nevét
categoryNameRequired,Category name is required,Kategoriename ist erforderlich,A kategória neve kötelező
categoryDescription,Description (optional),Beschreibung (optional),Leírás (opcionális)
privateTask,Private Task,Private Aufgabe,Privát feladat
privateTaskDescription,If checked only you can see this task,Wenn aktiviert kannst nur du diese Aufgabe sehen,Ha be van jelölve csak te láthatod ezt a feladatot
privateCategory,Private Category,Private Kategorie,Privát kategória
privateCategoryDescription,Private categories are not visible to family members,Private Kategorien sind für Familienmitglieder nicht sichtbar,A privát kategória nem látható a családtagok számára
taskCreated,Task created successfully,Aufgabe erfolgreich erstellt,Feladat sikeresen létrehozva
taskUpdated,Task updated successfully,Aufgabe erfolgreich aktualisiert,Feladat sikeresen frissítve
taskDeleted,Task deleted successfully,Aufgabe erfolgreich gelöscht,Feladat sikeresen törölve
categoryCreated,Category created successfully,Kategorie erfolgreich erstellt,Kategória sikeresen létrehozva
categoryUpdated,Category updated successfully,Kategorie erfolgreich aktualisiert,Kategória sikeresen módosítva
categoryDeleted,Category deleted successfully,Kategorie erfolgreich gelöscht,Kategória sikeresen törölve
error,Error,Fehler,Hiba
generalError,An error occurred,Ein Fehler ist aufgetreten,Hiba történt
connectionError,Connection error,Verbindungsfehler,Kapcsolódási hiba
tryAgain,Try Again,Erneut versuchen,Újrapróbálkozás
status,Status,Status,Státusz
inProgress,In Progress,In Bearbeitung,Folyamatban
completed,Completed,Abgeschlossen,Befejezve
visibility,Visibility,Sichtbarkeit,Láthatóság
private,Private,Privat,Privát
public,Public,Öffentlich,Nyilvános
creationDate,Creation Date,Erstellungsdatum,Létrehozás dátuma
userId,User ID,Benutzer-ID,Felhasználói azonosító
myTasks,My Tasks,Meine Aufgaben,Saját feladatok
familyTasks,Family Tasks,Familienaufgaben,Családi feladatok
noTasks,No tasks yet,Noch keine Aufgaben,Még nincsenek feladatok
noMyTasks,You don't have any tasks yet,Du hast noch keine Aufgaben,Még nincsenek saját feladataid
noFamilyTasks,There are no family tasks yet,Es gibt noch keine Familienaufgaben,Még nincsenek családi feladatok
acceptTerms,I accept the terms and conditions,Ich akzeptiere die Geschäftsbedingungen,Elfogadom a feltételeket és az adatvédelmi irányelveket
termsRequired,You must accept the terms and conditions,Du musst die Geschäftsbedingungen akzeptieren,A feltételek elfogadása kötelező a regisztrációhoz
theme,Theme,Thema,Téma
language,Language,Sprache,Nyelv
changeLanguage,Change Language,Sprache ändern,Nyelv váltása
english,English,Englisch,Angol
german,German,Deutsch,Német
hungarian,Hungarian,Ungarisch,Magyar
deleteConfirmation,Confirm Delete,Löschen bestätigen,Törlés megerősítése
deleteTaskConfirmation,Are you sure you want to delete this task?,Möchtest du diese Aufgabe wirklich löschen?,Biztosan törölni szeretnéd ezt a feladatot?
editProfile,Edit Profile,Profil bearbeiten,Profil szerkesztése
profileUpdated,Profile updated successfully,Profil erfolgreich aktualisiert,Profil sikeresen frissítve
profileLoadError,Failed to load profile data.,Fehler beim Laden der Profildaten.,Nem sikerült betölteni a profil adatokat.
personalData,Personal Data,Persönliche Daten,Személyes adatok
displayName,Display Name,Anzeigename,Megjelenítési név
displayNameRequired,Display name is required,Anzeigename ist erforderlich,A megjelenítési név megadása kötelező
birthDate,Birth Date,Geburtsdatum,Születési dátum
gender,Gender,Geschlecht,Nem
selectGender,Select gender,Geschlecht auswählen,Válassz nemet
male,Male,Männlich,Férfi
female,Female,Weiblich,Nő
other,Other,Andere,Egyéb
preferNotToSay,Prefer not to say,Keine Angabe,Nem szeretném megadni
residenceCity,Residence City,Wohnort,Lakóhely
dateTimeSettings,Date and Time Settings,Datums- und Zeiteinstellungen,Dátum és idő beállítások
dateFormat,Date Format,Datumsformat,Dátum formátum
timeFormat,Time Format,Zeitformat,Idő formátum
selectFormat,Select format,Format auswählen,Válassz formátumot
format24h,24-hour format (e.g. 14:30),24-Stunden-Format (z.B. 14:30),24 órás (pl. 14:30)
format12h,12-hour format (e.g. 2:30 PM),12-Stunden-Format (z.B. 2:30 PM),12 órás (pl. 2:30 PM)
timezone,Timezone,Zeitzone,Időzóna
selectTimezone,Select timezone,Zeitzone auswählen,Válassz időzónát
budapestTimezone,Central European Time (Budapest),Mitteleuropäische Zeit (Budapest),Közép-európai idő (Budapest)
londonTimezone,Greenwich Mean Time (London),Greenwich-Normalzeit (London),Greenwich-i középidő (London)
newYorkTimezone,Eastern Time (New York),Ostküstenzeit (New York),Keleti parti idő (New York)
losAngelesTimezone,Pacific Time (Los Angeles),Pazifikzeit (Los Angeles),Csendes-óceáni idő (Los Angeles)
tokyoTimezone,Japan Time (Tokyo),Japanische Zeit (Tokio),Japán idő (Tokió)
taskSettings,Task Settings,Aufgabeneinstellungen,Feladat beállítások
taskSortOrder,Task Sort Order,Aufgaben-Sortierreihenfolge,Feladatok rendezése
selectSortOrder,Select sort order,Sortierreihenfolge auswählen,Válassz rendezési sorrendet
byDueDate,By due date,Nach Fälligkeitsdatum,Határidő szerint
byPriority,By priority,Nach Priorität,Prioritás szerint
byCreationDate,By creation date,Nach Erstellungsdatum,Létrehozás szerint
byTitle,By title,Nach Titel,Cím szerint
readOnlyInformation,Read-only Information,Schreibgeschützte Informationen,Csak olvasható információk
created,Created,Erstellt,Létrehozva
updated,Updated,Aktualisiert,Frissítve
notSpecified,Not specified,Nicht angegeben,Nincs megadva
profilePicture,Profile Picture,Profilbild,Profilkép
changeProfilePicture,Change Profile Picture,Profilbild ändern,Profilkép módosítása
selectFromGallery,Select from Gallery,Aus Galerie auswählen,Kiválasztás a galériából
takePhoto,Take Photo,Foto aufnehmen,Fénykép készítése
removePhoto,Remove Photo,Foto entfernen,Fénykép eltávolítása
profilePictureUpdated,Profile picture updated successfully,Profilbild erfolgreich aktualisiert,Profilkép sikeresen frissítve
profilePictureRemoved,Profile picture removed successfully,Profilbild erfolgreich entfernt,Profilkép sikeresen eltávolítva
profilePictureUploadError,Error uploading profile picture,Fehler beim Hochladen des Profilbilds,Hiba a profilkép feltöltésekor
dangerZone,Danger Zone,Gefahrenbereich,Veszélyes műveletek
deleteAccount,Delete Account,Konto löschen,Fiók törlése
deleteAccountButton,Delete Account,Konto löschen,Fiók törlése
deleteAccountExplanation,Deleting your account will remove your profile and related data. If you are the only member in your family all data you created will be deleted. If there are other family members your private data will become shared with them.,Das Löschen deines Kontos entfernt dein Profil und zugehörige Daten. Wenn du das einzige Mitglied deiner Familie bist werden alle von dir erstellten Daten gelöscht. Wenn es andere Familienmitglieder gibt werden deine privaten Daten mit ihnen geteilt.,A fiók törlésével a profilod és az ahhoz kapcsolódó adatok törlődnek. Ha te vagy az egyetlen tag a családodban minden általad létrehozott adat törlődni fog. Ha vannak más családtagok is a privát adataid megosztottá válnak velük.
delayedDeletion,30-day delayed deletion,30-Tage verzögerte Löschung,30 napos késleltetett törlés
delayedDeletionDescription,Your account will be deleted after 30 days. You can cancel the deletion request within this period.,Dein Konto wird nach 30 Tagen gelöscht. Du kannst die Löschung innerhalb dieses Zeitraums zurückziehen.,A fiókod 30 nap múlva törlődik. Ezen időszakon belül visszavonhatod a törlési kérelmet.
immediateDeletion,Immediate deletion,Sofortige Löschung,Azonnali törlés
immediateDeletionDescription,Your account and all related data will be deleted immediately. This action cannot be undone!,Dein Konto und alle zugehörigen Daten werden sofort gelöscht. Diese Aktion kann nicht rückgängig gemacht werden!,A fiókod és minden kapcsolódó adat azonnal törlődik. Ez a művelet nem vonható vissza!
confirmDeletion,I acknowledge that my profile and data will be deleted,Ich bestätige dass mein Profil und meine Daten gelöscht werden,Tudomásul veszem hogy a profilom és az adataim törlődni fognak
confirmDeleteRequired,Please confirm the deletion by checking the acknowledgement box,Bitte bestätige die Löschung durch Aktivieren des Bestätigungskästchens,Kérlek erősítsd meg a fiók törlését a jelölőnégyzet bejelölésével
immediateDeleteButton,Delete Account Immediately,Konto sofort löschen,Fiók azonnali törlése
permanentDelete,Permanent Delete,Dauerhaft löschen,Végleges törlés
immediateDeleteConfirmText,Are you sure you want to delete your account IMMEDIATELY? This action CANNOT BE undone and all your data will be deleted immediately! If you are the only member in your family all data you created will be deleted. If there are other family members your private data will become shared with them.,Möchtest du dein Konto SOFORT löschen? Diese Aktion kann NICHT RÜCKGÄNGIG gemacht werden und alle deine Daten werden sofort gelöscht! Wenn du das einzige Mitglied deiner Familie bist werden alle von dir erstellten Daten gelöscht. Wenn es andere Familienmitglieder gibt werden deine privaten Daten mit ihnen geteilt.,Biztosan AZONNAL törölni szeretnéd a fiókodat? Ez a művelet NEM VISSZAVONHATÓ és az összes adatod azonnal törlődik! Ha te vagy az egyetlen tag a családodban minden általad létrehozott adat törlődni fog. Ha más családtagok is vannak a privát adataid megosztottá válnak velük.
delayedDeleteConfirmText,Are you sure you want to delete your account? The deletion process will take 30 days during which you can cancel the deletion request. If you are the only member in your family all data you created will be deleted. If there are other family members your private data will become shared with them.,Möchtest du dein Konto löschen? Der Löschvorgang dauert 30 Tage während derer du die Löschung zurückziehen kannst. Wenn du das einzige Mitglied deiner Familie bist werden alle von dir erstellten Daten gelöscht. Wenn es andere Familienmitglieder gibt werden deine privaten Daten mit ihnen geteilt.,Biztosan törölni szeretnéd a fiókodat? A törlési folyamat 30 napig tart ez idő alatt visszavonhatod a törlési kérelmet. Ha te vagy az egyetlen tag a családodban minden általad létrehozott adat törlődni fog. Ha más családtagok is vannak a privát adataid megosztottá válnak velük.
accountDeletedSuccess,Your account has been deleted.,Dein Konto wurde gelöscht.,Fiókod törölve lett.
accountDeleteScheduledSuccess,Account deletion in progress. Your account will be permanently deleted after 30 days.,Kontolöschung in Bearbeitung. Dein Konto wird nach 30 Tagen dauerhaft gelöscht.,Fiók törlése folyamatban. Fiókod 30 nap múlva törlődik véglegesen.
accountDeleteError,Error deleting account,Fehler beim Löschen des Kontos,Hiba a fiók törlése során
accountScheduledForDeletion,Your account is scheduled for deletion,Dein Konto ist zur Löschung vorgemerkt,Fiókod törlésre vár
accountDeletionExplanation,Your account is scheduled for deletion. If you don't cancel the deletion your account and data will be automatically deleted on the scheduled date.,Dein Konto ist zur Löschung vorgemerkt. Wenn du die Löschung nicht abbrichst werden dein Konto und deine Daten am geplanten Datum automatisch gelöscht.,Fiókod törlésre van ütemezve. Ha nem vonod vissza a törlést fiókod és adataid automatikusan törlésre kerülnek a megadott dátumkor.
deletionRequested,Deletion requested,Löschung beantragt,Törlés kérve
deletionScheduled,Deletion scheduled,Löschung geplant,Törlés végrehajtása
daysRemaining,Days remaining,Verbleibende Tage,Hátralévő idő
cancelDeletion,Cancel Deletion Request,Löschantrag zurückziehen,Törlési kérelem visszavonása
deletionCancelled,Deletion request successfully cancelled,Löschantrag erfolgreich zurückgezogen,Törlési kérelem sikeresen visszavonva
deletionCancelError,Error cancelling deletion request,Fehler beim Zurückziehen des Löschantrags,Hiba történt a törlési kérelem visszavonása közben
deletionStatusError,Error checking deletion status,Fehler beim Prüfen des Löschstatus,Hiba történt a törlési állapot lekérdezésekor
publicCategory,Public Category,Öffentliche Kategorie,Nyilvános kategória
privateTaskWarning,This task is public but belongs to a private category so it will not be visible to others,Diese Aufgabe ist öffentlich gehört aber zu einer privaten Kategorie und ist daher für andere nicht sichtbar,Ez a feladat nyilvános de privát kategóriához tartozik így mások számára nem lesz látható
categoryVisibility,Category Visibility,Kategoriesichtbarkeit,Kategória láthatósága
reminderTitle,Task Reminder,Aufgaben-Erinnerung,Feladat emlékeztető
reminderForTask,Reminder for: {taskName},Erinnerung für: {taskName},Emlékeztető: {taskName}
enableNotifications,Enable notifications,Benachrichtigungen aktivieren,Értesítések bekapcsolása
disableNotifications,Disable notifications,Benachrichtigungen deaktivieren,Értesítések kikapcsolása
notificationsEnabled,Notifications enabled,Benachrichtigungen aktiviert,Értesítések bekapcsolva
notificationsDisabled,Notifications disabled,Benachrichtigungen deaktiviert,Értesítések kikapcsolva
reminderSetFor,Reminder set for {dateTime},Erinnerung eingestellt für {dateTime},Emlékeztető beállítva: {dateTime}
loginFailed,Login Failed,Anmeldung fehlgeschlagen,Sikertelen bejelentkezés
invalidCredentials,Invalid username or password. Please try again.,Ungültiger Benutzername oder Passwort. Bitte versuchen Sie es erneut.,Érvénytelen felhasználónév vagy jelszó. Kérjük, próbáld újra.
forgotPasswordQuestion,Did you forget your password?,Haben Sie Ihr Passwort vergessen?,Elfelejtetted a jelszavadat?
resetPassword,Reset Password,Passwort zurücksetzen,Jelszó visszaállítása
resetPasswordDescription,Enter your email address and we will send you a link to reset your password.,Geben Sie Ihre E-Mail-Adresse ein und wir senden Ihnen einen Link zum Zurücksetzen Ihres Passworts.,Add meg az e-mail címed, és küldünk egy linket a jelszavad visszaállításához.
sendResetLink,Send Reset Link,Link zum Zurücksetzen senden,Visszaállító link küldése
resetLinkSent,Reset Link Sent,Link zum Zurücksetzen gesendet,Visszaállító link elküldve
resetLinkSentDescription,We've sent a password reset link to {email}. Please check your inbox.,Wir haben einen Link zum Zurücksetzen des Passworts an {email} gesendet. Bitte überprüfen Sie Ihren Posteingang.,Elküldtünk egy jelszó-visszaállító linket a következő címre: {email}. Kérjük, ellenőrizd a beérkező üzeneteidet.
resetPasswordFailed,Password Reset Failed,Passwort zurücksetzen fehlgeschlagen,Jelszó visszaállítása sikertelen
ok,OK,OK,Rendben
mobilePermissions,Mobile Permissions,Mobile Berechtigungen,Mobil engedélyek
notificationPermissions,Notification Permissions,Benachrichtigungsberechtigung,Értesítési engedélyek
permissionsCheck,Checking Permissions...,Berechtigungen überprüfen...,Engedélyek ellenőrzése...
exactAlarms,Exact Alarms,Genaue Alarme,Pontos riasztások
enabled,Enabled,Aktiviert,Engedélyezve
notEnabled,Not Enabled,Nicht aktiviert,Nincs engedélyezve
enablePermission,Enable,Aktivieren,Engedélyezés
allSettings,All Settings,Alle Einstellungen,Összes beállítás
androidOnlyFeature,This feature is only available on Android platform.,Diese Funktion ist nur auf der Android-Plattform verfügbar.,Ez a funkció csak Android platformon érhető el.
permissionsMissing,Missing Notification Permissions,Fehlende Benachrichtigungsberechtigungen,Értesítési engedélyek hiányoznak
permissionsDescription,Notification and exact alarm permissions are necessary for the app to function properly.,Benachrichtigungs- und genaue Alarmberechtigung sind für die ordnungsgemäße Funktion der App erforderlich.,Az értesítések és pontos riasztások engedélyezése szükséges az alkalmazás megfelelő működéséhez.
notificationSettings,Notification Settings,Benachrichtigungseinstellungen,Értesítési beállítások
exactAlarmSettings,Exact Alarm Settings,Einstellungen für genaue Alarme,Pontos riasztás beállítások
appSettings,App Settings,App-Einstellungen,App beállítások
close,Close,Schließen,Bezárás
quickView,Quick View,Schnellansicht,Gyors betekintés
detailedEdit,Detailed Edit,Detaillierte Bearbeitung,Részletes szerkesztés
taskActions,Task Actions,Aufgabenaktionen,Feladat műveletek
useDeviceSettings,Use device settings,Geräteeinstellungen verwenden,Eszköz beállítások használata
customSettings,Custom settings,Benutzerdefinierte Einstellungen,Egyéni beállítások
dateFormat_yyyyMMdd,YYYY.MM.DD,JJJJ.MM.TT,ÉÉÉÉ.HH.NN
dateFormat_ddMMyyyy,DD.MM.YYYY,TT.MM.JJJJ,NN.HH.ÉÉÉÉ
dateFormat_mmDdYyyy,MM.DD.YYYY,MM.TT.JJJJ,HH.NN.ÉÉÉÉ
dateFormatExample,Format example,Format Beispiel,Formátum példa
currentSetting,Current setting,Aktuelle Einstellung,Jelenlegi beállítás
preview,Preview,Vorschau,Előnézet
today,Today,Heute,Ma
tomorrow,Tomorrow,Morgen,Holnap
yesterday,Yesterday,Gestern,Tegnap
formatSettings,Format Settings,Format-Einstellungen,Formátum beállítások
chooseFormat,Choose format,Format wählen,Formátum választása
selectDateFormat,Select date format,Datumsformat auswählen,Dátum formátum kiválasztása
selectTimeFormat,Select time format,Zeitformat auswählen,Idő formátum kiválasztása
invalidDateFormat,Invalid date format,Ungültiges Datumsformat,Érvénytelen dátum formátum
dateParseError,Could not parse date,Datum konnte nicht analysiert werden,Nem sikerült a dátum értelmezése
dateFormatHelp,Choose how dates should be displayed throughout the app,Wählen Sie aus wie Daten in der App angezeigt werden sollen,Válaszd ki hogy jelenjenek meg a dátumok az alkalmazásban
timeFormatHelp,Choose between 12-hour and 24-hour time display,Wählen Sie zwischen 12-Stunden- und 24-Stunden-Zeitanzeige,Válassz a 12 órás és 24 órás időformátum között
commandDateHelp,Use #MMDD or #DDMM for due dates,Verwende #MMTT oder #TTMM für Fälligkeitsdaten,Használj #HHNN vagy #NNHH határidőkhöz
commandDateExample,Example: #0315 for March 15th,Beispiel: #0315 für 15. März,Példa: #0315 március 15-re
auto_save_title,Auto-Save,Automatisches Speichern,Automatikus mentés
auto_save_status,Auto-Save Status,Auto-Save Status,Auto-Save állapot
auto_save_active,Active,Aktiv,Aktív
auto_save_inactive,Inactive,Inaktiv,Inaktív
auto_save_saving,Saving...,Speichern...,Mentés...
auto_save_saved,Saved,Gespeichert,Mentve
auto_save_error,Save Error,Speicherfehler,Mentési hiba
auto_save_retry,Retrying...,Wiederholung...,Újrapróbálkozás...
auto_save_force,Force Save,Sofort speichern,Azonnali mentés
auto_save_last_save,Last saved,Zuletzt gespeichert,Utoljára mentve
auto_save_never,Never,Nie,Soha
auto_save_seconds_ago,{count}s ago,vor {count}s,{count}s ezelőtt
auto_save_minutes_ago,{count}m ago,vor {count}m,{count}m ezelőtt
auto_save_hours_ago,{count}h ago,vor {count}h,{count}h ezelőtt
auto_save_success_rate,Success Rate,Erfolgsrate,Sikeres arány
auto_save_total_attempts,Total Attempts,Versuche gesamt,Összes kísérlet
auto_save_successful_saves,Successful Saves,Erfolgreiche Speicherungen,Sikeres mentések
auto_save_failed_saves,Failed Saves,Fehlgeschlagene Speicherungen,Sikertelen mentések
auto_save_stats,Save Statistics,Speicher-Statistiken,Mentési statisztikák
auto_save_debounce_info,Changes are saved automatically after 500ms delay,Änderungen werden automatisch nach 500ms Verzögerung gespeichert,A változások 500ms késleltetés után automatikusan mentődnek
auto_save_local_storage,Local Storage,Lokaler Speicher,Helyi tárolás
auto_save_cloud_storage,Cloud Storage,Cloud-Speicher,Felhő tárolás
auto_save_sync_success,Synced successfully,Erfolgreich synchronisiert,Sikeresen szinkronizálva
auto_save_sync_failed,Sync failed,Synchronisation fehlgeschlagen,Szinkronizálás sikertelen
auto_save_refresh_status,Refresh Status,Status aktualisieren,Állapot frissítése
auto_save_debug_info,Debug Information,Debug-Informationen,Debug információk
auto_save_test_rapid_changes,Test Rapid Changes,Test schnelle Änderungen,Gyors változások teszt
auto_save_test_format_cycle,Test Format Cycle,Test Format-Zyklus,Formátum ciklus teszt
auto_save_test_time_toggle,Test Time Toggle,Test Zeit-Umschaltung,Idő váltás teszt
auto_save_manual_controls,Manual Controls,Manuelle Steuerung,Manuális vezérlés
auto_save_quick_tests,Quick Tests,Schnelltests,Gyors tesztek
auto_save_actions,Actions,Aktionen,Műveletek
auto_save_current_settings,Current Settings,Aktuelle Einstellungen,Jelenlegi beállítások
auto_save_change_counter,Changes made,Anzahl Änderungen,Változtatások száma
auto_save_format_changed,Format changed! Auto-save in 500ms.,Format geändert! Auto-Save in 500ms.,Formátum váltva! Auto-save 500ms múlva.
auto_save_rapid_test_started,Rapid changes test started...,Schnelle Änderungen Test gestartet...,Gyors változások teszt indítása...
auto_save_rapid_test_finished,Rapid changes done! Only the last change will be saved.,Schnelle Änderungen fertig! Nur die letzte Änderung wird gespeichert.,Gyors változások kész! Csak az utolsó mentődik el.
auto_save_welcome_title,Auto-Save System,Auto-Save System,Auto-Save rendszer
auto_save_welcome_subtitle,Welcome to the Auto-Save test application!,Willkommen in der Auto-Save Testanwendung!,Üdvözlünk az Auto-Save teszt alkalmazásban!
auto_save_feature_automatic,Automatic saving,Automatisches Speichern,Automatikus mentés
auto_save_feature_debounce,Debounce logic,Debounce-Logik,Debounce logika
auto_save_feature_retry,Retry mechanism,Wiederholungsmechanismus,Újrapróbálkozási mechanizmus
auto_save_feature_hybrid,Hybrid storage,Hybride Speicherung,Hibrid tárolás
auto_save_feature_monitoring,Real-time monitoring,Echtzeit-Überwachung,Valós idejű monitoring
auto_save_instructions_title,Testing Instructions,Testanweisungen,Tesztelési útmutató
auto_save_launch_test,LAUNCH TEST,TEST STARTEN,TESZT INDÍTÁSA
auto_save_console_tip,Tip: Open the console to view debug messages,Tipp: Öffnen Sie die Konsole für Debug-Nachrichten,Tipp: Nyisd meg a konzolt a debug üzenetek megtekintéséhez
commandParser_invalidDate,Invalid date format: #{0},Ungültiges Datumsformat: #{0},Érvénytelen dátum formátum: #{0}
commandParser_dateParsingError,Date parsing error: #{0},Datum-Analysefehler: #{0},Dátum elemzési hiba: #{0}
commandParser_ambiguousDate,Ambiguous date: #{0} {1},Mehrdeutiges Datum: #{0} {1},Kétértelmű dátum: #{0} {1}
commandParser_invalidPriority,Invalid priority: {0} (must be 1-3),Ungültige Priorität: {0} (muss 1-3 sein),Érvénytelen prioritás: {0} (1-3 között kell lennie)
commandParser_invalidPercentage,Invalid percentage: {0}% (must be 0-100),Ungültiger Prozentsatz: {0}% (muss 0-100 sein),Érvénytelen százalék: {0}% (0-100 között kell lennie)
commandParser_unknownStatus,Unknown status: {0},Unbekannter Status: {0},Ismeretlen státusz: {0}
commandParser_noCommands,No commands found,Keine Befehle gefunden,Nincsenek parancsok
commandParser_typeTaskTitle,Type a task title...,Geben Sie einen Aufgabentitel ein...,Írj be egy feladat címet...
commandParser_parsingPreview,Parsing preview,Parsing-Vorschau,Elemzési előnézet
commandParser_commandsFound,{0} commands found,{0} Befehle gefunden,{0} parancs találva
commandParser_warningsFound,{0} warnings found,{0} Warnungen gefunden,{0} figyelmeztetés találva
commandParser_dateExample_christmas,December 25 (Christmas),25. Dezember (Weihnachten),December 25 (karácsony)
commandParser_dateExample_newYear,January 1 (New Year),1. Januar (Neujahr),Január 1 (újév)
commandParser_dateExample_marchFifteenth,March 15,15. März,Március 15
commandParser_dateExample_dayMonth,day.month,Tag.Monat,nap.hónap
commandParser_dateExample_monthDay,month.day,Monat.Tag,hónap.nap
commandParser_priorityHigh,High priority,Hohe Priorität,Magas prioritás
commandParser_priorityMedium,Medium priority,Mittlere Priorität,Közepes prioritás  
commandParser_priorityLow,Low priority,Niedrige Priorität,Alacsony prioritás
commandParser_statusActive,Active,Aktiv,Aktív
commandParser_statusDraft,Draft,Entwurf,Vázlat
commandParser_statusArchived,Archived,Archiviert,Archivált
commandParser_statusCompleted,Completed,Abgeschlossen,Befejezett
commandParser_parseLogic_yyyymmdd,YYYY.MM.DD → #0315 = March 15,JJJJ.MM.TT → #0315 = 15. März,ÉÉÉÉ.HH.NN → #0315 = március 15
commandParser_parseLogic_ddmmyyyy,DD.MM.YYYY → #1503 = March 15 (day.month),TT.MM.JJJJ → #1503 = 15. März (Tag.Monat),NN.HH.ÉÉÉÉ → #1503 = március 15 (nap.hónap)
commandParser_parseLogic_mmddyyyy,MM.DD.YYYY → #0315 = March 15 (month.day),MM.TT.JJJJ → #0315 = 15. März (Monat.Tag),HH.NN.ÉÉÉÉ → #0315 = március 15 (hónap.nap)
commandParser_ambiguity_couldBe,Could be interpreted as,Könnte interpretiert werden als,Értelmezhető mint
commandParser_ambiguity_currentFormat,Current format interprets as,Aktuelles Format interpretiert als,A jelenlegi formátum szerint
commandParser_ambiguity_suggestion,Consider using full date format,Erwägen Sie die Verwendung des vollständigen Datumsformats,Fontold meg a teljes dátum formátum használatát

# ✅ ÚJ KULCSOK - Cache és teljesítmény
cache_performance,Cache Performance,Cache-Leistung,Cache Teljesítmény
cache_metrics_loading,Loading cache metrics...,Lade Cache-Metriken...,Cache metrikák betöltése...
cache_metrics_error,Error loading metrics,Fehler beim Laden der Metriken,Hiba a metrikák betöltése során
retry,Retry,Wiederholen,Újrapróbálás
refresh_metrics,Refresh Metrics,Metriken aktualisieren,Metrikák frissítése
cache_info,Cache Information,Cache-Informationen,Cache információk
hit_ratio,Hit Ratio,Trefferquote,Találati arány
cache_size,Cache Size,Cache-Größe,Cache méret
active_tables,Active Tables,Aktive Tabellen,Aktív táblák
elements_short,elem,Elem,elem
pieces,pcs,Stk,db
detailed_hit_ratio,Detailed hit ratio,Detaillierte Trefferquote,Részletes találati arány
excellent_cache_performance,Excellent cache performance,Ausgezeichnete Cache-Leistung,Kiváló cache teljesítmény
good_cache_performance,Good cache performance,Gute Cache-Leistung,Jó cache teljesítmény
average_cache_performance,Average cache performance,Durchschnittliche Cache-Leistung,Közepes cache teljesítmény
poor_cache_performance,Poor cache performance,Schlechte Cache-Leistung,Gyenge cache teljesítmény
very_poor_cache_performance,Very poor cache performance,Sehr schlechte Cache-Leistung,Nagyon gyenge cache teljesítmény
detailed_metrics,Detailed Metrics,Detaillierte Metriken,Részletes Metrikák
cache_hits,Cache hits,Cache-Treffer,Cache találatok
cache_misses,Cache misses,Cache-Fehltreffer,Cache hibák
expired_hits,Expired hits,Abgelaufene Treffer,Lejárt találatok
inserts,Inserts,Einfügungen,Beszúrások
updates,Updates,Aktualisierungen,Frissítések
invalidations,Invalidations,Ungültigmachungen,Érvénytelenítések
last_cleanup,Last cleanup,Letzte Bereinigung,Utolsó tisztítás
cleanup,Cleanup,Bereinigung,Tisztítás
clear_all,Clear All,Alle löschen,Teljes törlés
cache_cleanup_successful,Cache cleanup successful,Cache-Bereinigung erfolgreich,Cache tisztítás sikeres
cache_cleanup_error,Cache cleanup error,Cache-Bereinigungsfehler,Hiba a cache tisztítás során
clear_entire_cache,Clear entire cache,Gesamten Cache löschen,Cache teljes törlése
confirm_clear_cache_message,Are you sure you want to delete the entire cache? This will remove all stored data and subsequent queries will be slower.,Sind Sie sicher dass Sie den gesamten Cache löschen möchten? Dies entfernt alle gespeicherten Daten und nachfolgende Abfragen werden langsamer.,Biztos hogy törölni szeretnéd a teljes cache-t? Ez minden tárolt adatot eltávolít és a következő lekérdezések lassabbak lesznek.
entire_cache_cleared,Entire cache cleared,Gesamter Cache gelöscht,Teljes cache törölve
cache_delete_error,Cache delete error,Cache-Löschfehler,Hiba a cache törlése során
cache_info_table_sizes,Table cache sizes,Tabellen-Cache-Größen,Táblák cache mérete
no_cache_data,No cache data,Keine Cache-Daten,Nincs cache adat
cacheCleanupCount,elements deleted,Elemente gelöscht,elem törölve

# ✅ ÚJ KULCSOK - Szűrők
filters,Filters,Filter,Szűrők
activeFilters,Active filters,Aktive Filter,Aktív szűrők
clearFilters,Clear filters,Filter löschen,Szűrők törlése
basicFilters,Basic,Grundlegend,Alapvető
dateFilters,Dates,Daten,Dátumok
categoryFilters,Categories,Kategorien,Kategóriák
advancedFilters,Advanced,Erweitert,Haladó
applyFilters,Apply filters,Filter anwenden,Szűrők alkalmazása
searchQuery,Search,Suche,Keresés
searchTaskTitleDescription,Task title or description,Aufgabentitel oder Beschreibung,Feladat címe vagy leírása
all,All,Alle,Minden
completionStatus,Completion status,Fertigstellungsstatus,Befejezettségi állapot
open,Open,Offen,Nyitott
completionDate,Completion date,Fertigstellungsdatum,Befejezési dátum
completedFrom,Completed from,Abgeschlossen von,Befejezve ettől
completedUntil,Completed until,Abgeschlossen bis,Befejezve eddig
notSet,Not set,Nicht festgelegt,Nincs beállítva
selectDate,Select date,Datum auswählen,Dátum kiválasztása
dueDate,Due date,Fälligkeitsdatum,Határidő
dueDateFrom,Due date from,Fälligkeitsdatum von,Határidő ettől
dueDateUntil,Due date until,Fälligkeitsdatum bis,Határidő eddig
assignedTo,Assigned to,Zugewiesen an,Felelős
selectAssignee,Select assignee,Beauftragten auswählen,Felelős kiválasztása
unknownUser,Unknown user,Unbekannter Benutzer,Ismeretlen felhasználó
taskType,Task type,Aufgabentyp,Feladat típus
mainTasks,Main tasks,Hauptaufgaben,Fő feladatok
subTasks,Sub tasks,Unteraufgaben,Alfeladatok
parentTask,Parent task,Übergeordnete Aufgabe,Szülő feladat
selectParentTask,Select parent task,Übergeordnete Aufgabe auswählen,Szülő feladat kiválasztása
unknownTask,Unknown task,Unbekannte Aufgabe,Ismeretlen feladat
noMainTasksAvailable,No main tasks available,Keine Hauptaufgaben verfügbar,Nincs elérhető fő feladat
tags,Tags,Tags,Címkék
tagsCommaSeparated,Tags (comma separated),Tags (durch Komma getrennt),Címkék (vesszővel elválasztva)
tagsExample,e.g. urgent home project,z.B. dringend zuhause projekt,pl. sürgős otthon projekt
quickFilter,Quick filter,Schnellfilter,Gyors szűrés
detailedFilter,Detailed filter,Detaillierter Filter,Részletes szűrő

# ✅ ÚJ KULCSOK - Offline és fallback
offlineMode,Offline mode,Offline-Modus,Offline mód
cachedDataDisplay,⚡ Cached data display,⚡ Zwischengespeicherte Datenanzeige,⚡ Cache-elt adatok megjelenítése
connectionStatus,Connection status,Verbindungsstatus,Kapcsolódási állapot
online,Online,Online,Online
offline,Offline,Offline,Offline
fromCache,From cache,Aus Cache,Cache-ből
cannotCreateItemsOffline,New items cannot be created in offline mode,Im Offline-Modus können keine neuen Elemente erstellt werden,Offline módban nem lehet új elemeket létrehozni
offlineDataWarning,Without network connection only cached data are available. Creating new items is not possible in offline mode.,Ohne Netzwerkverbindung sind nur zwischengespeicherte Daten verfügbar. Das Erstellen neuer Elemente ist im Offline-Modus nicht möglich.,Hálózati kapcsolat nélkül csak a cache-elt adatok érhetők el. Új elemek létrehozása offline módban nem lehetséges.
toggleOfflineMode,Toggle offline mode,Offline-Modus umschalten,Offline mód ki/be

# ✅ ÚJ KULCSOK - Debug és teszt
currentState,Current state,Aktueller Zustand,Jelenlegi állapot
source,Source,Quelle,Forrás
cloudSynced,Cloud synced,Cloud synchronisiert,Felhő szinkronizálva
on,ON,EIN,BE
off,OFF,AUS,KI
yes,YES,JA,IGEN
no,NO,NEIN,NEM
managerStatus,Manager status,Manager-Status,Manager állapot
basicFallback,Basic fallback,Grundlegendes Fallback,Alapvető fallback
offlineModeSimulation,Offline mode simulation,Offline-Modus-Simulation,Offline mód szimuláció
onlineRestoration,Online restoration,Online-Wiederherstellung,Online visszaállítás
defaultFallback,Default fallback,Standard-Fallback,Alapértelmezett fallback
errorResistance,Error resistance,Fehlertoleranz,Hibatűrés
runAllTests,Run all tests,Alle Tests ausführen,Összes teszt futtatása
testResults,Test results,Testergebnisse,Teszt eredmények
testInitialized,Test widget initialized,Test-Widget initialisiert,Test widget inicializálva
readyForTesting,Ready for testing...,Bereit zum Testen...,Készen áll a tesztelésre...
testsStarted,Tests starting...,Tests starten...,Tesztek indítása...
basicFallbackTest,Basic fallback loading test,Grundlegender Fallback-Ladetest,Alapvető fallback betöltés teszt
initialTestsCompleted,Initial tests completed,Anfangstests abgeschlossen,Kezdeti tesztek befejezve
testCompleted,TEST {number} COMPLETED,TEST {number} ABGESCHLOSSEN,TESZT {number} BEFEJEZVE
testError,TEST {number} ERROR: {error},TEST {number} FEHLER: {error},TESZT {number} HIBA: {error}
allTestsCompleted,All tests completed,Alle Tests abgeschlossen,Összes teszt befejezve
checkResultsAbove,Check the results above!,Überprüfen Sie die Ergebnisse oben!,Ellenőrizd a fenti eredményeket!
resultsCleared,Test results cleared,Testergebnisse gelöscht,Teszt eredmények törölve
readyForNewTesting,Ready for new testing...,Bereit für neue Tests...,Készen áll új tesztelésre...

# ✅ ÚJ KULCSOK - Parancs előnézet és súgó
commandsInTaskTitle,Commands in task title,Befehle im Aufgabentitel,Parancsok a feladat címében
typeTaskTitleWithCommands,Type a task title with commands,Geben Sie einen Aufgabentitel mit Befehlen ein,Írj be egy feladat címet parancsokkal
example_task_commands,Example: Task #0315 #p1 #50% #act,Beispiel: Projekt #0315 #p1 #%50 #act,Példa: Projekt #0315 #p1 #%50 #act
liveParsingFeedback,Live parsing feedback,Live-Parsing-Feedback,Valós idejű parsing visszajelzés
commandsRecognized,{count} commands recognized,{count} Befehle erkannt,{count} parancs felismerve
warnings,Warnings,Warnungen,Figyelmeztetések
noCommands,No commands,Keine Befehle,Nincs parancs
cleanedTitle,Cleaned title,Bereinigter Titel,Tisztított cím
recognizedCommands,Recognized commands,Erkannte Befehle,Felismert parancsok
readiness,Readiness,Bereitschaft,Készültség
examples,Examples,Beispiele,Példák
combinedUsageExample,Combined usage example,Beispiel für kombinierte Verwendung,Kombinált használat példa
parsedResult,Parsed result,Analysiertes Ergebnis,Elemzett eredmény
currentDateFormat,Current date format,Aktuelles Datumsformat,Jelenlegi dátum formátum
dateExamples,Date examples,Datumsbeispiele,Dátum példák
quickTestCases,Quick test cases,Schnelle Testfälle,Gyors teszt esetek

# ✅ ÚJ KULCSOK - Család
join_family,Join family,Familie beitreten,Csatlakozás családhoz
important_family_restriction,Important: A user can only be a member of one family at a time. If you are already a member of a family and join a new family you must first leave your current family.,Wichtig: Ein Benutzer kann nur Mitglied einer Familie gleichzeitig sein. Wenn Sie bereits Mitglied einer Familie sind und einer neuen Familie beitreten müssen Sie zuerst Ihre aktuelle Familie verlassen.,Fontos: Egy felhasználó egyszerre csak egy család tagja lehet. Ha már tagja vagy egy családnak és csatlakozol egy új családhoz előbb ki kell lépned a jelenlegi családodból.
invite_code,Invite code,Einladungscode,Meghívó kód
enter_invite_code,Enter the invite code,Geben Sie den Einladungscode ein,Add meg a meghívó kódot
please_enter_invite_code,Please enter the invite code,Bitte geben Sie den Einladungscode ein,Kérlek add meg a meghívó kódot
verification,Verification,Überprüfung,Ellenőrzés
join,Join,Beitreten,Csatlakozás
family_name,Family name,Familienname,Család neve
expiry_date,Expiry date,Ablaufdatum,Lejárat
invalid_invite_code,Invalid invite code,Ungültiger Einladungscode,Érvénytelen meghívó kód
invite_expired,This invite code is no longer valid (expired or reached maximum usage),Dieser Einladungscode ist nicht mehr gültig (abgelaufen oder maximale Nutzung erreicht),Ez a meghívó kód már nem érvényes (lejárt vagy elérte a maximális felhasználást)
successfully_joined_family,Successfully joined family {familyName}!,Erfolgreich der Familie {familyName} beigetreten!,Sikeresen csatlakoztál a(z) {familyName} családhoz!
user_can_only_belong_to_one_family,A user can only belong to one family at a time. Please leave your current family first in the "Manage Family Members" menu.,Ein Benutzer kann nur einer Familie gleichzeitig angehören. Bitte verlassen Sie zuerst Ihre aktuelle Familie im Menü "Familienmitglieder verwalten".,Egy felhasználó egyszerre csak egy család tagja lehet. Előbb lépj ki a jelenlegi családodból a "Családtagok kezelése" menüpontban.
unknown_error,Unknown error occurred: {error},Unbekannter Fehler ist aufgetreten: {error},Ismeretlen hiba történt: {error}


#naptár

calendar,calendar,Kalender,naptár
calendar_view,calendar view,Kalenderansicht,naptár nézet
events,events,Ereignisse,események
no_events,no events,Keine Ereignisse,nincsenek események
event_details,event details,Ereignisdetails,esemény részletei
calendar_month_view,month view,Monatsansicht,havi nézet
calendar_week_view,week view,Wochenansicht,heti nézet
calendar_day_view,day view,Tagesansicht,napi nézet
calendar_timeline_view,timeline view,Timeline-Ansicht,idővonalas nézet
calendar_filter_all,all,alle,minden
calendar_filter_private,private,privat,privát
calendar_filter_family,family,Familie,családi
calendar_filter_completed,completed,abgeschlossen,befejezett
calendar_filter_pending,pending,ausstehend,függőben
calendar_filter_overdue,overdue,überfällig,lejárt
calendar_filter_today,today,heute,mai
due_tasks,due tasks,fällige Aufgaben,esedékes feladatok
overdue_tasks,overdue tasks,überfällige Aufgaben,lejárt feladatok
completed_tasks,completed tasks,abgeschlossene Aufgaben,befejezett feladatok
today_tasks,today's tasks,heutige Aufgaben,mai feladatok
sync_calendar,sync calendar,Kalender synchronisieren,naptár szinkronizálása
calendar_offline,calendar offline,Kalender offline,naptár offline
manual_refresh,manual refresh,manuelle Aktualisierung,manuális frissítés
pull_to_refresh,pull to refresh,zum Aktualisieren ziehen,húzza le a frissítéshez
syncing,syncing,synchronisiere,szinkronizálás
last_synced,last synced,zuletzt synchronisiert,utolsó szinkronizálás
calendar_cache_loading,loading calendar,Kalender wird geladen,naptár betöltése
calendar_cache_offline,offline data,Offline-Daten,offline adatok
calendar_cache_synced,synced,synchronisiert,szinkronizálva
calendar_cache_error,loading error,Ladefehler,betöltési hiba
previous_month,previous month,vorheriger Monat,előző hónap
next_month,next month,nächster Monat,következő hónap
today_button,today,heute,ma
go_to_date,go to date,zu Datum springen,ugrás dátumra
event_title,event title,Ereignistitel,esemény címe
event_date,event date,Ereignisdatum,esemény dátuma
event_time,event time,Ereigniszeit,esemény ideje
event_priority,priority,Priorität,prioritás
event_category,category,Kategorie,kategória
event_assignee,assignee,Verantwortlicher,felelős
event_status,status,Status,állapot
event_description,description,Beschreibung,leírás
priority_high,high,hoch,magas
priority_medium,medium,mittel,közepes
priority_low,low,niedrig,alacsony
calendar_error_load,error loading calendar,Fehler beim Laden des Kalenders,hiba a naptár betöltésekor
calendar_error_sync,sync error,Synchronisierungsfehler,szinkronizálási hiba
calendar_no_connection,no internet connection,keine Internetverbindung,nincs internetkapcsolat
calendar_retry,retry,erneut versuchen,újrapróbálkozás
morning,morning,Morgen,reggel
afternoon,afternoon,Nachmittag,délután
evening,evening,Abend,este
night,night,Nacht,éjjel
all_day,all day,ganztägig,egész nap
group_by_category,group by category,nach Kategorie gruppieren,csoportosítás kategória szerint
group_by_priority,group by priority,nach Priorität gruppieren,csoportosítás prioritás szerint
group_by_assignee,group by assignee,nach Verantwortlichem gruppieren,csoportosítás felelős szerint
group_by_status,group by status,nach Status gruppieren,csoportosítás állapot szerint
no_grouping,no grouping,keine Gruppierung,nincs csoportosítás
search_events,search events,Ereignisse suchen,események keresése
search_placeholder,search...,suchen...,keresés...
search_results,search results,Suchergebnisse,keresési eredmények
no_search_results,no results found,keine Ergebnisse gefunden,nincs találat
calendar_settings,calendar settings,Kalender-Einstellungen,naptár beállítások
show_weekends,show weekends,Wochenenden anzeigen,hétvégék megjelenítése
week_starts_monday,week starts on Monday,Woche beginnt am Montag,hét hétfőn kezdődik
show_completed,show completed tasks,abgeschlossene Aufgaben anzeigen,befejezett feladatok megjelenítése
auto_sync,auto sync,automatische Synchronisation,automatikus szinkronizálás
sync_status_idle,Üresjárat,Leerlauf,Idle
sync_status_syncing,Szinkronizálás,Synchronisierung,Syncing
sync_status_success,Sikeres,Erfolgreich,Success
sync_status_error,Hiba,Fehler,Error
sync_status_offline,Offline,Offline,Offline
sync_synchronized,Szinkronizálva,Synchronisiert,Synchronized
sync_syncing,Szinkronizálás...,Synchronisierung...,Syncing...
sync_updated,Frissítve,Aktualisiert,Updated
sync_error,Szinkronizálási hiba,Synchronisierungsfehler,Sync error
sync_offline_mode,Offline mód,Offline-Modus,Offline mode
refresh_state_idle,Üresjárat,Leerlauf,Idle
refresh_state_refreshing,Frissítés,Aktualisierung,Refreshing
refresh_state_success,Sikeres,Erfolgreich,Success
refresh_state_error,Hiba,Fehler,Error
manual_refresh,Manuális frissítés,Manuelle Aktualisierung,Manual refresh
pull_to_refresh,Húzza le a frissítéshez,Zum Aktualisieren ziehen,Pull to refresh
refresh_now,Frissítés most,Jetzt aktualisieren,Refresh now
quick_refresh,Gyors frissítés,Schnelle Aktualisierung,Quick refresh
full_refresh,Teljes frissítés,Vollständige Aktualisierung,Full refresh
background_refresh,Háttér frissítés,Hintergrund-Aktualisierung,Background refresh
last_sync,Utolsó szinkronizálás,Letzte Synchronisation,Last sync
never_synced,Soha,Nie,Never
just_now,Most,Gerade eben,Just now
seconds_ago,{0}s ezelőtt,vor {0}s,{0}s ago
minutes_ago,{0}m ezelőtt,vor {0}m,{0}m ago
hours_ago,{0}ó ezelőtt,vor {0}h,{0}h ago
days_ago,{0}n ezelőtt,vor {0}d,{0}d ago
network_online,Online,Online,Online
network_offline,Offline,Offline,Offline
no_internet_connection,Nincs internetkapcsolat,Keine Internetverbindung,No internet connection
connection_restored,Kapcsolat helyreállt,Verbindung wiederhergestellt,Connection restored
sync_failed,Szinkronizálás sikertelen,Synchronisation fehlgeschlagen,Sync failed
refresh_failed,Frissítés sikertelen,Aktualisierung fehlgeschlagen,Refresh failed
cannot_sync_offline,Offline módban nem lehet szinkronizálni,Synchronisation im Offline-Modus nicht möglich,Cannot sync in offline mode
retry_when_online,Újrapróbálás online módban,Bei Online-Verbindung wiederholen,Retry when online
cache_loading,Betöltés cache-ből,Laden aus Cache,Loading from cache
cache_offline_data,Offline adatok,Offline-Daten,Offline data
cache_synced_data,Szinkronizált adatok,Synchronisierte Daten,Synced data
cache_stale_data,Elavult adatok,Veraltete Daten,Outdated data
pending_changes,Függőben lévő változások,Ausstehende Änderungen,Pending changes
no_pending_changes,Nincs függőben lévő változás,Keine ausstehenden Änderungen,No pending changes
changes_count,{0} változás,{0} Änderungen,{0} changes
sync_pending_changes,Függőben lévő változások szinkronizálása,Ausstehende Änderungen synchronisieren,Sync pending changes
invalidation_sync_change,Szinkronizálási állapot változott,Synchronisationsstatus geändert,Sync status changed
invalidation_manual_refresh,Manuális frissítés aktiválva,Manuelle Aktualisierung ausgelöst,Manual refresh triggered
invalidation_date_change,Dátum változott,Datum geändert,Date changed
invalidation_view_change,Nézet típus változott,Ansichtstyp geändert,View type changed
invalidation_network_change,Hálózati állapot változott,Netzwerkstatus geändert,Network status changed
invalidation_background_refresh,Háttér frissítés,Hintergrund-Aktualisierung,Background refresh
tap_to_refresh,Érintsd meg a frissítéshez,Zum Aktualisieren tippen,Tap to refresh
sync_in_progress,Szinkronizálás folyamatban,Synchronisation läuft,Sync in progress
sync_completed,Szinkronizálás befejezve,Synchronisation abgeschlossen,Sync completed
offline_mode_active,Offline mód aktív,Offline-Modus aktiv,Offline mode active
sync_performance,Szinkronizálási teljesítmény,Synchronisationsleistung,Sync performance
invalidation_events,Invalidálási események,Invalidierungsereignisse,Invalidation events
cache_warming,Cache melegítés,Cache-Aufwärmung,Cache warming
background_operations,Háttér műveletek,Hintergrundoperationen,Background operations
force_sync,Szinkronizálás kényszerítése,Synchronisation erzwingen,Force sync
simulate_offline,Offline szimuláció,Offline simulieren,Simulate offline
restore_online,Online visszaállítás,Online wiederherstellen,Restore online
clear_events,Események törlése,Ereignisse löschen,Clear events
auto_sync,Automatikus szinkronizálás,Automatische Synchronisation,Auto sync
sync_frequency,Szinkronizálási gyakoriság,Synchronisationsfrequenz,Sync frequency
background_sync,Háttér szinkronizálás,Hintergrund-Synchronisation,Background sync
sync_on_startup,Induláskor szinkronizálás,Synchronisation beim Start,Sync on startup
event_details,Event details,Event-Details,Esemény részletei
event_card_tap_to_view,Tap to view details,Tippen für Details,Koppints a részletekért
event_card_offline_data,Offline data,Offline-Daten,Offline adat
event_card_synced_data,Synced data,Synchronisierte Daten,Szinkronizált adat
event_card_pending_sync,Pending sync,Synchronisation ausstehend,Szinkronizálásra vár
completion_percentage,Completion percentage,Fertigstellungsgrad,Befejezés százaléka
due_date,Due date,Fälligkeitsdatum,Határidő
created_date,Created,Erstellt,Létrehozva
completed_date,Completed,Abgeschlossen,Befejezve
task_status,Task status,Aufgabenstatus,Feladat állapot
task_overdue,Overdue,Überfällig,Lejárt
task_due_today,Due today,Heute fällig,Ma van a határideje
task_in_progress,In progress,In Bearbeitung,Folyamatban
task_completed,Completed,Abgeschlossen,Befejezett
task_private,Private,Privat,Privát
task_family,Family,Familie,Családi
edit_event,Edit event,Ereignis bearbeiten,Esemény szerkesztése
close_modal,Close,Schließen,Bezárás
view_task_details,View task details,Aufgabendetails anzeigen,Feladat részletei
sync_info,Sync information,Synchronisationsinformationen,Szinkronizációs információ
pending_changes_count,Pending changes,Ausstehende Änderungen,Függőben lévő változások
last_sync_time,Last sync,Letzte Synchronisation,Utolsó szinkronizálás
cache_status,Cache status,Cache-Status,Cache állapot
network_status,Network status,Netzwerkstatus,Hálózati állapot
offline_indicator,Offline indicator,Offline-Anzeige,Offline jelző
priority_indicator,Priority indicator,Prioritätsanzeige,Prioritás jelző
category_color,Category color,Kategoriefarbe,Kategória szín
progress_indicator,Progress indicator,Fortschrittsanzeige,Haladás jelző
today_short,Today,Heute,Ma
tomorrow_short,Tomorrow,Morgen,Holnap
yesterday_short,Yesterday,Gestern,Tegnap
this_week,This week,Diese Woche,Ezen a héten
next_week,Next week,Nächste Woche,Jövő héten
last_week,Last week,Letzte Woche,Múlt héten
monday_short,Monday,Montag,Hétfő
tuesday_short,Tuesday,Dienstag,Kedd
wednesday_short,Wednesday,Mittwoch,Szerda
thursday_short,Thursday,Donnerstag,Csütörtök
friday_short,Friday,Freitag,Péntek
saturday_short,Saturday,Samstag,Szombat
sunday_short,Sunday,Sonntag,Vasárnap
jan_short,Jan,Jan,Jan
feb_short,Feb,Feb,Feb
mar_short,Mar,Mär,Már
apr_short,Apr,Apr,Ápr
may_short,May,Mai,Máj
jun_short,Jun,Jun,Jún
jul_short,Jul,Jul,Júl
aug_short,Aug,Aug,Aug
sep_short,Sep,Sep,Sze
oct_short,Oct,Okt,Okt
nov_short,Nov,Nov,Nov
dec_short,Dec,Dez,Dec
event_tags,Tags,Tags,Címkék
no_description,No description,Keine Beschreibung,Nincs leírás
no_category,No category,Keine Kategorie,Kategória nélkül
no_assignee,No assignee,Kein Verantwortlicher,Nincs felelős
no_tags,No tags,Keine Tags,Nincs címke
loading_event_details,Loading event details,Lade Event-Details,Esemény részletek betöltése
error_loading_event,Error loading event,Fehler beim Laden des Events,Hiba az esemény betöltésekor
retry_load_event,Retry loading,Erneut versuchen,Újrapróbálás
calendar_month_view,Month,Monat,Hónap
calendar_week_view,Week,Woche ,Hét
calendar_day_view,Day,Tag,Nap
calendar_timeline_view,Timeline,Zeitlinie,Idősor
calendar_today_button,Today,Heute,Ma
calendar_refresh,Refresh,Aktualisieren,Frissítés
calendar_settings,Settings,Einstellungen,Beállítások
create_new_event,New event,Neues Ereignis,Új esemény
export,Export,Exportieren,Exportálás
switching_to_month_view,Switching to month view,Wechsel zur Monatsansicht,Váltás havi nézetre
switching_to_week_view,Switching to week view,Wechsel zur Wochenansicht,Váltás heti nézetre
switching_to_day_view,Switching to day view,Wechsel zur Tagesansicht,Váltás napi nézetre
switching_to_timeline_view,Switching to timeline view,Wechsel zur Zeitlinienansicht,Váltás idővonal nézetre
navigating_to_today,Going to today,Zum heutigen Tag springen,Ugrás a mai napra
calendar_navigation_previous,Previous,Vorherige,Előző
calendar_navigation_next,Next,Nächste,Következő
monthly_summary,Monthly Summary,Monatliche Zusammenfassung,Havi Összesítő
weekly_summary,Weekly Summary,Wöchentliche Zusammenfassung,Heti Összesítő
daily_summary,Daily Summary,Tägliche Zusammenfassung,Napi Összesítő
timeline_summary,Timeline Summary,Zeitlinien Zusammenfassung,Idővonalas Összesítő
events_completed,Completed,Abgeschlossen,Befejezett
events_in_progress,In Progress,In Bearbeitung,Folyamatban
events_high_priority,High Priority,Hohe Priorität,Magas prioritás
events_total,Total Events,Gesamt Ereignisse,Összes esemény
quick_action_new_task,New task,Neue Aufgabe,Új feladat
quick_action_go_today,Go to today,Zu heute gehen,Mai napra
quick_action_filter,Filter,Filtern,Szűrés
morning,Morning,Morgen,Reggel
afternoon,Afternoon,Nachmittag,Délután
evening,Evening,Abend,Este
night,Night,Nacht,Éjszaka
no_events_today,No events today,Keine Ereignisse heute,Nincs esemény ma
no_events_this_week,No events this week,Keine Ereignisse diese Woche,Nincs esemény ezen a héten
no_events_this_month,No events this month,Keine Ereignisse diesen Monat,Nincs esemény ebben a hónapban
no_events_timeline,No events on timeline,Keine Ereignisse auf der Zeitlinie,Nincs esemény az idővonalon
loading_calendar,Loading calendar,Kalender wird geladen,Naptár betöltése
loading_events,Loading events,Ereignisse werden geladen,Események betöltése
loading_view,Loading view,Ansicht wird geladen,Nézet betöltése
calendar_load_error,Error loading calendar,Fehler beim Laden des Kalenders,Hiba a naptár betöltésekor
calendar_sync_error,Sync error,Synchronisierungsfehler,Szinkronizálási hiba
calendar_network_error,Network error,Netzwerkfehler,Hálózati hiba
month_view_description,Display full month,Ganzen Monat anzeigen,Teljes hónap megjelenítése
week_view_description,Display one week,Eine Woche anzeigen,Egy hét megjelenítése
day_view_description,Display detailed day,Detaillierten Tag anzeigen,Egy nap részletes megjelenítése
timeline_view_description,Events in chronological order,Ereignisse in chronologischer Reihenfolge,Események kronológiai sorrendben
today_label,Today,Heute,Ma
tomorrow_label,Tomorrow,Morgen,Holnap
yesterday_label,Yesterday,Gestern,Tegnap
this_week,This week,Diese Woche,Ezen a héten
next_week,Next week,Nächste Woche,Jövő héten
last_week,Last week,Letzte Woche,Múlt héten
calendar_go_previous,Previous period,Vorheriger Zeitraum,Előző időszak
calendar_go_next,Next period,Nächster Zeitraum,Következő időszak
calendar_select_date,Select date,Datum auswählen,Dátum kiválasztása
view_event_details,View event details,Ereignisdetails anzeigen,Esemény részletei
edit_event,Edit event,Ereignis bearbeiten,Esemény szerkesztése
delete_event,Delete event,Ereignis löschen,Esemény törlése
mark_completed,Mark completed,Als abgeschlossen markieren,Befejezettnek jelölés
calendar_accessibility_month,Monthly calendar view,Monatliche Kalenderansicht,Havi naptár nézet
calendar_accessibility_week,Weekly calendar view,Wöchentliche Kalenderansicht,Heti naptár nézet
calendar_accessibility_day,Daily calendar view,Tägliche Kalenderansicht,Napi naptár nézet
calendar_accessibility_timeline,Timeline calendar view,Zeitlinien Kalenderansicht,Idővonalas naptár nézet
category_created_by,Created by: {name},Erstellt von: {name},Létrehozta: {name}
category_edit_no_permission,Only the creator or family administrator can edit this category,Nur der Ersteller oder Familienadministrator kann diese Kategorie bearbeiten,Csak a létrehozó vagy családi adminisztrátor szerkesztheti ezt a kategóriát
category_delete_no_permission,Only the creator or family administrator can delete this category,Nur der Ersteller oder Familienadministrator kann diese Kategorie löschen,Csak a létrehozó vagy családi adminisztrátor törölheti ezt a kategóriát
category_permission_denied,Permission denied,Berechtigung verweigert,Nincs jogosultság
category_admin_or_creator_only,Only parent or creator can modify,Nur Elternteil oder Ersteller kann ändern,Csak szülő vagy létrehozó módosíthatja

databaseUnavailable,The server is currently unavailable. Please try again later.,Der Server ist derzeit nicht verfügbar. Bitte versuchen Sie es später erneut.,A szerver jelenleg nem elérhető. Kérjük próbálja meg később.
networkOfflineError,No internet connection. Please check your network settings.,Keine Internetverbindung. Bitte überprüfen Sie Ihre Netzwerkeinstellungen.,Nincs internetkapcsolat. Ellenőrizze a hálózati beállításokat.
authenticationError,Authentication error. Please check your credentials.,Authentifizierungsfehler. Bitte überprüfen Sie Ihre Anmeldedaten.,Bejelentkezési hiba. Ellenőrizze az adatokat.
connectionTimeout,Connection timed out. Please try again.,Verbindung unterbrochen. Bitte versuchen Sie es erneut.,A kapcsolat időtúllépés miatt megszakadt. Próbálja újra.
loginGeneralError,An error occurred during login. Please try again.,Ein Fehler ist bei der Anmeldung aufgetreten. Bitte versuchen Sie es erneut.,Hiba történt a bejelentkezés során. Próbálja újra.
errorDetails,Error Details,Fehlerdetails,Hiba részletei
errorCategory,Category,Kategorie,Kategória
debugInfo,Debug,Debug,Debug
originalErrorLabel,Original error,Ursprünglicher Fehler,Eredeti hiba
closeDialog,Close,Schließen,Bezárás


calendar_selected_date,Selected date,Ausgewähltes Datum,Kiválasztott dátum
calendar_today_button,Today,Heute,Mai nap
calendar_refresh,Refresh,Aktualisieren,Frissítés
calendar_tasks_for_day,Tasks - {date},Aufgaben - {date},Feladatok - {date}
calendar_no_tasks,No tasks on this day,Keine Aufgaben an diesem Tag,Nincsenek feladatok ezen a napon
calendar_offline_no_tasks,No tasks in offline mode,Keine Aufgaben im Offline-Modus,Offline módban nincsenek feladatok
calendar_offline_banner,Offline mode - Calendar data limited,Offline-Modus - Kalenderdaten begrenzt,Offline mód - Naptár adatok korlátozottak
calendar_offline_action_blocked,This feature is unavailable in offline mode,Diese Funktion ist im Offline-Modus nicht verfügbar,Offline módban ez a funkció nem elérhető


# Register page általános
registerTitle,Regisztráció,Register,Registrieren
registerAndJoin,Regisztráció és csatlakozás,Register and Join,Registrieren und Beitreten

# Meghívó kód
inviteCode,Meghívó kód,Invite Code,Einladungscode
inviteCodeHint,Add meg a kapott meghívó kódot,Enter the invite code you received,Geben Sie den erhaltenen Einladungscode ein
inviteCodeRequired,A meghívó kód nem lehet üres,Invite code cannot be empty,Einladungscode darf nicht leer sein
invalidInviteCode,Érvénytelen meghívó kód: {error},Invalid invite code: {error},Ungültiger Einladungscode: {error}
invalidInviteCodeMessage,Érvénytelen meghívó kód,Invalid invite code,Ungültiger Einladungscode
inviteCodeExpired,Ez a meghívó kód már nem érvényes,This invite code is no longer valid,Dieser Einladungscode ist nicht mehr gültig
inviteCheckError,Hiba történt a meghívó ellenőrzése közben,Error checking invite code,Fehler beim Überprüfen des Einladungscodes
checkInvite,Ellenőrzés,Check,Prüfen
joiningFamily,Csatlakozás: {familyName},Joining: {familyName},Beitritt: {familyName}

# Családhoz csatlakozás
joinFamilyWithInvite,Csatlakozás családhoz meghívó kóddal,Join family with invite code,Mit Einladungscode zur Familie beitreten
familyJoinSuccess,Sikeresen csatlakoztál a családhoz!,Successfully joined the family!,Erfolgreich der Familie beigetreten!
familyJoinError,Hiba a családhoz csatlakozás során: {error},Error joining family: {error},Fehler beim Beitritt zur Familie: {error}

# Hibaüzenetek
profileCreationError,Hiba a felhasználói fiók létrehozásakor. Kérjük próbálja meg újra más email címmel.,Error creating user account. Please try again with a different email.,Fehler beim Erstellen des Benutzerkontos. Bitte versuchen Sie es mit einer anderen E-Mail erneut.
registrationError,Regisztrációs hiba,Registration error,Registrierungsfehler
emailAlreadyRegistered,Ez az email cím már regisztrálva van. Kérjük jelentkezz be!,This email address is already registered. Please log in!,Diese E-Mail-Adresse ist bereits registriert. Bitte melde dich an!

# Egyéb
fullNameHint,Teljes neved (opcionális),Your full name (optional),Ihr vollständiger Name (optional)

myTasksOffline,My Tasks (Offline),Meine Aufgaben (Offline),Saját feladatok (Offline)
offlineModeOnlyCached,Offline mode - Only cached data available,Offline-Modus - Nur zwischengespeicherte Daten verfügbar,Offline mód - Csak cache-elt adatok érhetők el
offlineModeTasksReadonly,Tasks cannot be modified in offline mode,Aufgaben können im Offline-Modus nicht geändert werden,Offline módban a feladatok állapota nem módosítható
errorOccurred,An error occurred,Ein Fehler ist aufgetreten,Hiba történt
active,Active,Aktiv,Aktív
hidden,Hidden,Versteckt,Rejtett
hiddenCompleted,hidden completed,versteckte abgeschlossene,rejtett befejezett
inactive,INACTIVE,INAKTIV,INAKTÍV
today,Today,Heute,Ma
tomorrow,Tomorrow,Morgen,Holnap
yesterday,Yesterday,Gestern,Tegnap
daysAgo,{count} days ago,vor {count} Tagen,{count} napja lejárt
daysFromNow,in {count} days,in {count} Tagen,{count} nap múlva
noTasksToDisplay,No tasks to display,Keine Aufgaben anzuzeigen,Nincs megjeleníthető feladat
unnamedTask,Unnamed task,Unbenannte Aufgabe,Névtelen feladat
advancedFilters,Advanced Filters,Erweiterte Filter,Részletes szűrők
showCompleted,Show completed,Zeige abgeschlossene,Befejezettek mutatása
hideCompleted,Hide completed,Verberge abgeschlossene,Befejezettek elrejtése
sortBy,Sort by,Sortieren nach,Rendezés
sortByName,Name,Name,Név
sortByDueDate,Due date,Fälligkeitsdatum,Határidő
sortByPriority,Priority,Priorität,Prioritás

offlineModeTitle,Offline Mode,Offline-Modus,Offline mód
offlineModeRefreshUnavailable,Refresh is not available in offline mode,Aktualisierung ist im Offline-Modus nicht verfügbar,Offline módban a frissítés nem elérhető
offlineModeWarning,Offline Mode Warning,Offline-Modus Warnung,Offline mód figyelmeztetés
offlineModeLogoutConfirm,You are in offline simulation mode. Are you sure you want to log out?,Sie befinden sich im Offline-Simulationsmodus. Möchten Sie sich wirklich abmelden?,Offline szimulációs módban vagy. Biztosan ki szeretnél jelentkezni?
offlineModeNavigationLimited,Offline mode - Navigation available but limited functionality,Offline-Modus - Navigation verfügbar aber eingeschränkte Funktionalität,Offline mód - Navigáció elérhető de korlátozott funkciók


offlineModeTitle,Offline Mode,Offline-Modus,Offline mód
offlineModeRefreshUnavailable,Refresh is not available in offline mode,Aktualisierung ist im Offline-Modus nicht verfügbar,Offline módban a frissítés nem elérhető
offlineModeWarning,Offline Mode Warning,Offline-Modus Warnung,Offline mód figyelmeztetés
offlineModeLogoutConfirm,You are in offline simulation mode. Are you sure you want to log out?,Sie befinden sich im Offline-Simulationsmodus. Möchten Sie sich wirklich abmelden?,Offline szimulációs módban vagy. Biztosan ki szeretnél jelentkezni?
offlineModeNavigationLimited,Offline mode - Navigation available but limited functionality,Offline-Modus - Navigation verfügbar aber eingeschränkte Funktionalität,Offline mód - Navigáció elérhető de korlátozott funkciók
categories,Categories,Kategorien,Kategóriák
offlineModeActive,Offline mode active,Offline-Modus aktiv,Offline mód aktív
cachedDataDisplay,Showing cached data,Zwischengespeicherte Daten anzeigen,Cache-elt adatok megjelenítése
noCategoriesFound,No categories found,Keine Kategorien gefunden,Nincs kategória
createFirstCategory,Create your first category,Erstelle deine erste Kategorie,Hozd létre az első kategóriádat
newCategory,New Category,Neue Kategorie,Új kategória
editCategory,Edit Category,Kategorie bearbeiten,Kategória szerkesztése
categoryName,Category name,Kategoriename,Kategória neve
enterCategoryName,Enter category name,Kategoriename eingeben,Írd be a kategória nevét
optionalDescription,Optional description,Optionale Beschreibung,Opcionális leírás
makePrivate,Make private,Privat machen,Legyen privát
categoryColor,Category color,Kategoriefarbe,Kategória színe
activeTasks,Active tasks,Aktive Aufgaben,Aktív feladatok
completedTasks,Completed tasks,Abgeschlossene Aufgaben,Befejezett feladatok
deleteCategory,Delete category,Kategorie löschen,Kategória törlése
deleteCategoryConfirm,Are you sure you want to delete "{name}" category?,Möchten Sie die Kategorie "{name}" wirklich löschen?,Biztosan törölni szeretnéd a "{name}" kategóriát?
categoryCreated,Category created,Kategorie erstellt,Kategória létrehozva
categoryUpdated,Category updated,Kategorie aktualisiert,Kategória frissítve
categoryDeleted,Category deleted,Kategorie gelöscht,Kategória törölve
noPermissionEditCategory,You don't have permission to edit this category,Sie haben keine Berechtigung diese Kategorie zu bearbeiten,Nincs jogosultságod szerkeszteni ezt a kategóriát
cannotMakePrivate,Cannot make private,Kann nicht privat gemacht werden,Nem tehető privattá
categoryContainsPublicTasks,This category contains public tasks. Move or make them private first.,Diese Kategorie enthält öffentliche Aufgaben. Verschieben oder privat machen Sie sie zuerst.,Ez a kategória nyilvános feladatokat tartalmaz. Először ezeket privattá kell tenni vagy át kell helyezni őket másik kategóriába.
offlineNoOperations,Operations not available in offline mode,Operationen im Offline-Modus nicht verfügbar,Offline módban a műveletek nem elérhetők
offlineViewOnly,View only mode,Nur Ansichtsmodus,Csak megtekintés módban
selectCategoryToEdit,Select a category to edit,Wählen Sie eine Kategorie zum Bearbeiten,Válassz kategóriát a szerkesztéshez
invalidNumber,Invalid number,Ungültige Nummer,Érvénytelen szám
description,Description,Beschreibung,Leírás
sortOrder,Sort order,Sortierreihenfolge,Sorrend


calendar,Calendar,Kalender,Naptár
calendarView,Calendar view,Kalenderansicht,Naptár nézet
events,Events,Ereignisse,Események
noEvents,No events,Keine Ereignisse,Nincsenek események
eventDetails,Event details,Ereignisdetails,Esemény részletei
calendarMonthView,Month,Monat,Hónap
calendarWeekView,Week,Woche,Hét
calendarDayView,Day,Tag,Nap
calendarTimelineView,Timeline,Zeitlinie,Idővonal

// Hónapnevek
monthJanuary,January,Januar,Január
monthFebruary,February,Februar,Február
monthMarch,March,März,Március
monthApril,April,April,Április
monthMay,May,Mai,Május
monthJune,June,Juni,Június
monthJuly,July,Juli,Július
monthAugust,August,August,Augusztus
monthSeptember,September,September,Szeptember
monthOctober,October,Oktober,Október
monthNovember,November,November,November
monthDecember,December,Dezember,December

// Rövid hónapnevek
monthJanShort,Jan,Jan,Jan
monthFebShort,Feb,Feb,Feb
monthMarShort,Mar,Mär,Már
monthAprShort,Apr,Apr,Ápr
monthMayShort,May,Mai,Máj
monthJunShort,Jun,Jun,Jún
monthJulShort,Jul,Jul,Júl
monthAugShort,Aug,Aug,Aug
monthSepShort,Sep,Sep,Sze
monthOctShort,Oct,Okt,Okt
monthNovShort,Nov,Nov,Nov
monthDecShort,Dec,Dez,Dec

// Napok
dayMonday,Monday,Montag,Hétfő
dayTuesday,Tuesday,Dienstag,Kedd
dayWednesday,Wednesday,Mittwoch,Szerda
dayThursday,Thursday,Donnerstag,Csütörtök
dayFriday,Friday,Freitag,Péntek
daySaturday,Saturday,Samstag,Szombat
daySunday,Sunday,Sonntag,Vasárnap

// Rövid napnevek
dayMonShort,Mon,Mo,H
dayTueShort,Tue,Di,K
dayWedShort,Wed,Mi,Sze
dayThuShort,Thu,Do,Cs
dayFriShort,Fri,Fr,P
daySatShort,Sat,Sa,Szo
daySunShort,Sun,So,V

// Dátumválasztó
selectDate,Select date,Datum auswählen,Dátum kiválasztása
selectYear,Select year,Jahr auswählen,Év kiválasztása
selectMonth,Select month,Monat auswählen,Hónap kiválasztása
selectDay,Select day,Tag auswählen,Nap kiválasztása
jumpToDate,Jump to date,Zum Datum springen,Ugrás dátumhoz
goToToday,Go to today,Zu heute gehen,Ugrás a mai napra
year,Year,Jahr,Év
month,Month,Monat,Hónap
day,Day,Tag,Nap

profileImageSection,Profile Picture,Profilbild,Profilkép
premiumSubscription,Premium Subscription,Premium-Abonnement,Prémium előfizetés
activeSubscription,Active Subscription,Aktives Abonnement,Aktív előfizetés
unlockAllFeatures,Unlock all features,Alle Funktionen freischalten,Használd ki az összes funkciót
developerTools,Developer Tools,Entwickler-Tools,Fejlesztői Eszközök
offlineModeNoSave,Cannot save in offline mode,Im Offline-Modus kann nicht gespeichert werden,Offline módban nem menthető

families,Families,Familien,Családok
familiesManagement,Family Management,Familienverwaltung,Családok kezelése
offlineFamiliesManagement,Offline Family Management,Offline Familienverwaltung,Offline családok kezelése
offlineModeViewOnly,Offline mode - View only mode no modifications possible,Offline-Modus - Nur Ansichtsmodus keine Änderungen möglich,Offline mód - Csak megtekintési mód módosítások nem lehetségesek
noFamilyYet,You don't have a family yet. Create one or join an existing one!,Du hast noch keine Familie. Erstelle eine oder tritt einer bestehenden bei!,Még nincs családod. Hozz létre egyet vagy csatlakozz egy meglévőhöz!
offlineNoFamilies,No families available in offline mode,Im Offline-Modus sind keine Familien verfügbar,Offline módban nincsenek elérhető családok
familySettings,Family Settings,Familieneinstellungen,Család beállítások
familySettingsDesc,Manage family settings,Familieneinstellungen verwalten,Család beállításainak kezelése
familyMembersManagement,Member and Permission Management,Mitglieder- und Berechtigungsverwaltung,Tagok és jogosultságok kezelése
familyEditPageTitle,Edit Family,Familie bearbeiten,Család szerkesztése
familyEditPageTitleOffline,Offline Family Edit,Offline Familienbearbeitung,Offline család szerkesztés
offlineModeViewOnly,Offline mode - View only cached data,Offline-Modus - Nur zwischengespeicherte Daten anzeigen,Offline mód - Csak cache-elt adatok és megtekintés
offlineNotAvailable,Not available in offline mode,Im Offline-Modus nicht verfügbar,Offline módban nem elérhető
offlineFamilyNotAvailable,Family not available in offline mode,Familie im Offline-Modus nicht verfügbar,Offline módban a család nem elérhető
familyNotFound,Family not found,Familie nicht gefunden,A család nem található
offlineSettingsCannotModify,Settings cannot be modified in offline mode,Einstellungen können im Offline-Modus nicht geändert werden,Offline módban a beállítások nem módosíthatók
offlineFamilyCannotSave,Family settings cannot be saved in offline mode,Familieneinstellungen können im Offline-Modus nicht gespeichert werden,Offline módban a család beállítások nem menthetők
offlineOperationsNotAvailable,Operations not available in offline mode,Vorgänge im Offline-Modus nicht verfügbar,Offline módban a műveletek nem elérhetők
offlineViewOnlyLabel,View only,Nur anzeigen,Csak megtekintés módban
offlineCachedData,Cached data,Zwischengespeicherte Daten,Cache-elt adatok
familyBasicInfo,Basic Information,Grundinformationen,Alapadatok
familyBasicInfoOffline,Basic Information (Cached),Grundinformationen (Zwischengespeichert),Alapadatok (Cache-elt adatok)
familyNameLabel,Family Name,Familienname,Család neve
familyNameHint,Enter family name,Familiennamen eingeben,Add meg a család nevét
familyNameRequired,Family name is required,Familienname ist erforderlich,A család neve kötelező
familyDescriptionLabel,Description,Beschreibung,Leírás
familyDescriptionHint,Enter family description (optional),Familienbeschreibung eingeben (optional),Add meg a család leírását (opcionális)
familyCreatedAt,Created,Erstellt,Létrehozva
familyInviteCode,Invite Code,Einladungscode,Meghívó kód
familyMaxMembers,Maximum Members,Maximale Mitglieder,Maximális tagok száma
familyPrivacySettings,Privacy Settings,Datenschutzeinstellungen,Adatvédelmi beállítások
familyPrivacySettingsOffline,Privacy Settings (View only),Datenschutzeinstellungen (Nur anzeigen),Adatvédelmi beállítások (Csak megtekintés módban)
familyAllowMemberInvites,Members can invite new members,Mitglieder können neue Mitglieder einladen,Tagok meghívhatnak új tagokat
familyShowMemberActivity,Show member activity,Mitgliederaktivität anzeigen,Tagok aktivitásának megjelenítése
familyDefaultTodoVisibility,Default task visibility,Standard-Aufgabensichtbarkeit,Alapértelmezett feladat láthatóság
familyNotificationSettings,Notification Settings,Benachrichtigungseinstellungen,Értesítési beállítások
familyNotificationSettingsOffline,Notification Settings (View only),Benachrichtigungseinstellungen (Nur anzeigen),Értesítési beállítások (Csak megtekintés módban)
familyNotifyNewMember,New member joined,Neues Mitglied beigetreten,Új tag csatlakozott
familyNotifyMemberLeft,Member left,Mitglied ist gegangen,Tag kilépett
familyNotifyTodoAssigned,Task assigned,Aufgabe zugewiesen,Feladat hozzárendelve
familyNotifyTodoCompleted,Task completed,Aufgabe abgeschlossen,Feladat elvégezve
familyTodoSettings,Task Settings,Aufgabeneinstellungen,Feladat beállítások
familyTodoSettingsOffline,Task Settings (View only),Aufgabeneinstellungen (Nur anzeigen),Feladat beállítások (Csak megtekintés módban)
familyAutoArchiveDays,Auto-archive (days),Automatisches Archivieren (Tage),Automatikus archiválás (nap)
familyAllowMemberReassign,Members can reassign tasks,Mitglieder können Aufgaben neu zuweisen,Tagok átadhatnak feladatokat
familyRequireCompletionNotes,Completion notes required,Abschlussnotizen erforderlich,Befejezéshez megjegyzés kötelező
familyCalendarSettings,Calendar Settings,Kalendereinstellungen,Naptár beállítások
familyCalendarSettingsOffline,Calendar Settings (View only),Kalendereinstellungen (Nur anzeigen),Naptár beállítások (Csak megtekintés módban)
familyCalendarShowTodos,Show tasks in calendar,Aufgaben im Kalender anzeigen,Feladatok megjelenítése a naptárban
familyCalendarShowBirthdays,Show birthdays,Geburtstage anzeigen,Születésnapok megjelenítése
familyCalendarReminderDefaultTime,Default reminder time,Standard-Erinnerungszeit,Alapértelmezett emlékeztető idő
familySaveButton,Save,Speichern,Mentés
familySuccessfullyUpdated,Family successfully updated,Familie erfolgreich aktualisiert,Család sikeresen frissítve
familyUpdateError,Error occurred: {error},Fehler aufgetreten: {error},Hiba történt: {error}
offlineErrorFamilyDataNotAvailable,Offline mode - Family data not available,Offline-Modus - Familiendaten nicht verfügbar,Offline mód - Család adatok nem érhetők el
selectVisibility,Select Visibility,Sichtbarkeit wählen,Válassz láthatóságot
selectVisibilityOffline,Select Visibility (View only),Sichtbarkeit wählen (Nur anzeigen),Válassz láthatóságot (Csak megtekintés módban)
visibilityFamily,Family,Familie,Családi
visibilityPrivate,Private,Privat,Privát
visibilityPublic,Public,Öffentlich,Nyilvános
selectValue,Select Value,Wert wählen,Válassz értéket
selectValueOffline,Select Value (View only),Wert wählen (Nur anzeigen),Válassz értéket (Csak megtekintés módban)
selectTime,Select Time,Zeit wählen,Idő választás
selectTimeOffline,Select Time (View only),Zeit wählen (Nur anzeigen),Idő választás (Csak megtekintés módban)
offlineTimePickerNotAvailable,Time selection not available in offline mode,Zeitauswahl im Offline-Modus nicht verfügbar,Offline módban az idő választás nem elérhető
close,Close,Schließen,Bezárás
invitesManagement,Invite Management,Einladungsverwaltung,Meghívók kezelése
invitesManagementDesc,Create and manage invites,Einladungen erstellen und verwalten,Meghívók létrehozása és kezelése
offlineNotEditable,Not editable in offline mode,Im Offline-Modus nicht bearbeitbar,Offline módban nem szerkeszthető
offlineNotAvailable,Not available in offline mode,Im Offline-Modus nicht verfügbar,Offline módban nem elérhető
viewOnlyMode,View only mode available,Nur Ansichtsmodus verfügbar,Csak megtekintési mód elérhető
offlineInvites,Offline Invites,Offline Einladungen,Offline meghívók
offlineFamiliesNotAvailable,Families not available in offline mode,Familien im Offline-Modus nicht verfügbar,Offline módban a családok nem érhetők el
offlineFamilySettingsNotEditable,Family settings cannot be edited in offline mode,Familieneinstellungen können im Offline-Modus nicht bearbeitet werden,Offline módban a család beállítások nem szerkeszthetők
offlineInvitesNotAvailable,Invite management not available in offline mode,Einladungsverwaltung im Offline-Modus nicht verfügbar,Offline módban a meghívók kezelése nem elérhető


paywall_title,Premium Subscription,Premium-Abonnement,Prémium Előfizetés
paywall_premium_title,Zumi Premium,Zumi Premium,Zumi Premium
paywall_subtitle,Unlock all features of the app,Nutze alle Funktionen der App,Használd ki az alkalmazás összes funkcióját
paywall_loading_plans,Loading plans...,Pakete werden geladen...,Csomagok betöltése...
paywall_loading_error,Error loading plans,Fehler beim Laden der Pakete,Hiba történt a csomagok betöltésekor
paywall_retry,Retry,Erneut versuchen,Újrapróbálás
paywall_purchase_loading,Purchase in progress...,Kauf läuft...,Vásárlás folyamatban...
paywall_purchase_wait,Please do not close the app,Bitte schließe die App nicht,Kérjük ne zárd be az alkalmazást,
paywall_why_premium,Why Premium?,Warum Premium?,Miért érdemes Prémium?
paywall_no_ads,Ad-free experience,Werbefrei,Reklámmmentesség
paywall_unlimited_tasks,Unlimited tasks,Unbegrenzte Aufgaben,Korlátlan feladatok
paywall_family_sharing,Family sharing,Familienfreigabe,Családi megosztás
paywall_offline_mode,Offline mode,Offline-Modus,Offline mód
paywall_priority_support,Priority support,Vorrangiger Support,Elsőbbségi támogatás
paywall_early_access,Early access to new features,Früher Zugang zu neuen Funktionen,Korai hozzáférés új funkciókhoz
paywall_legal_text,Subscription auto-renews unless cancelled at least 24 hours before the end of the current period. Payment is through your Google Play account. You can manage your subscription in Google Play settings.,Das Abonnement verlängert sich automatisch es sei denn es wird mindestens 24 Stunden vor Ende der aktuellen Periode gekündigt. Die Zahlung erfolgt über Ihr Google Play-Konto. Sie können Ihr Abonnement in den Google Play-Einstellungen verwalten.,Az előfizetés automatikusan megújul hacsak nem mondod le legalább 24 órával a jelenlegi időszak vége előtt. A fizetés a Google Play fiókodon keresztül történik. Az előfizetést a Google Play beállításaiban kezelheted.
paywall_success_title,Successful purchase!,Erfolgreicher Kauf!,Sikeres vásárlás!
paywall_success_message,Thank you for becoming a Premium subscriber! You now have access to all features.,Danke dass Sie Premium-Abonnent geworden sind! Sie haben jetzt Zugriff auf alle Funktionen.,Köszönjük hogy Prémium előfizető lettél! Most már elérheted az összes funkciót.
paywall_success_button,OK,OK,Rendben
paywall_per_month,per month,pro Monat,havonta
paywall_per_year,per year,pro Jahr,évente
paywall_month,month,Monat,hó
paywall_year,year,Jahr,év
paywall_current_plan,Current plan,Aktuelles Paket,Jelenlegi csomag
paywall_savings,Save {percent}%,Spare {percent}%,{percent}% megtakarítás
paywall_offline_banner,Subscription purchase requires internet connection,Abonnement-Kauf erfordert Internetverbindung,Az előfizetés vásárlásához internetkapcsolat szükséges
paywall_offline_features_limited,Features are limited in offline mode,Funktionen sind im Offline-Modus eingeschränkt,A funkciók offline módban korlátozottak


subscription_current,Current subscription,Aktuelles Abonnement,Jelenlegi előfizetésed
subscription_automatic,Automatic,Automatisch,Automatikus
subscription_package,Package,Paket,Csomag
subscription_yearly_premium,Yearly Premium,Jährliches Premium,Éves Prémium
subscription_monthly_premium,Monthly Premium,Monatliches Premium,Havi Prémium
subscription_purchase_date,Purchase date,Kaufdatum,Vásárlás
subscription_expiry_date,Expiry date,Ablaufdatum,Lejárat
subscription_expired,Expired,Abgelaufen,Lejárt
subscription_platform,Platform,Plattform,Platform
subscription_manage,Manage subscription,Abonnement verwalten,Előfizetés kezelése
subscription_days_remaining,{count} days,{count} Tage,{count} nap
subscription_manage_error,Failed to open subscription management,Abonnementverwaltung konnte nicht geöffnet werden,Nem sikerült megnyitni az előfizetés kezelést
subscription_status_active,Active,Aktiv,Aktív
subscription_status_expired,Expired,Abgelaufen,Lejárt
subscription_status_cancelled,Cancelled,Gekündigt,Lemondva
subscription_status_pending,Pending,Ausstehend,Függőben
subscription_status_unknown,Unknown,Unbekannt,Ismeretlen

key,en,de,hu
settings,Settings,Einstellungen,Beállítások
darkMode,Dark Mode,Dunkles Thema,Sötét mód
lightMode,Light Mode,Helles Thema,Világos mód
systemTheme,System Theme,System-Thema,Rendszer téma
appTitle,Task Manager,Aufgabenmanager,Feladatkezelő
loginTitle,Login,Anmelden,Bejelentkezés
registerTitle,Register,Registrieren,Regisztráció
homeTitle,Home,Startseite,Főoldal
tasksTitle,Tasks,Aufgaben,Feladatok
categoriesTitle,Categories,Kategorien,Kategóriák
newTaskTitle,New Task,Neue Aufgabe,Új feladat
taskDetailsTitle,Task Details,Aufgabendetails,Feladat részletei
user,User,Benutzer,Felhasználó
registerSuccess,Registration successful! Please confirm your email.,Registrierung erfolgreich! Bitte bestätige deine E-Mail.,Sikeres regisztráció! Kérjük erősítsd meg az email címedet.
creating,Creating,Erstelle,Létrehozás
noUserLoggedIn,No user is logged in,Kein Benutzer ist angemeldet,Nincs bejelentkezett felhasználó
refresh,Refresh,Aktualisieren,Frissítés
createNewCategory,Create New Category,Neue Kategorie erstellen,Új kategória létrehozása
editCategory,Edit Category,Kategorie bearbeiten,Kategória szerkesztése
noCategories,No categories yet,Noch keine Kategorien,Nincsenek kategóriák
email,Email,E-Mail,Email cím
emailHint,Enter your email,Gib deine E-Mail-Adresse ein,Add meg az email címed
emailRequired,Email is required,E-Mail ist erforderlich,Az email cím megadása kötelező
emailInvalid,Invalid email format,Ungültiges E-Mail-Format,Érvénytelen email formátum
password,Password,Passwort,Jelszó
passwordHint,Enter your password,Gib dein Passwort ein,Add meg a jelszavad
passwordRequired,Password is required,Passwort ist erforderlich,A jelszó megadása kötelező
passwordTooShort,Password must be at least 6 characters,Passwort muss mindestens 6 Zeichen lang sein,A jelszó legalább 6 karakter hosszú legyen
passwordNeedsDigit,Password must contain a digit,Passwort muss mindestens eine Ziffer enthalten,A jelszónak tartalmaznia kell számot
confirmPassword,Confirm Password,Passwort bestätigen,Jelszó megerősítése
passwordsDontMatch,Passwords don't match,Passwörter stimmen nicht überein,A jelszavak nem egyeznek
fullName,Full Name,Vollständiger Name,Teljes név
fullNameHint,Enter your full name,Gib deinen vollständigen Namen ein,Add meg a teljes neved
fullNameRequired,Full name is required,Vollständiger Name ist erforderlich,A név megadása kötelező
login,Login,Anmelden,Bejelentkezés
register,Register,Registrieren,Regisztráció
logout,Logout,Abmelden,Kijelentkezés
save,Save,Speichern,Mentés
cancel,Cancel,Abbrechen,Mégse
delete,Delete,Löschen,Törlés
edit,Edit,Bearbeiten,Szerkesztés
create,Create,Erstellen,Létrehozás
update,Update,Aktualisieren,Frissítés
forgotPassword,Forgot Password?,Passwort vergessen?,Elfelejtett jelszó?
noAccount,Don't have an account? Register!,Noch kein Konto? Registrieren!,Még nincs fiókod? Regisztrálj!
hasAccount,Already have an account? Login!,Bereits ein Konto? Anmelden!,Már van fiókod? Jelentkezz be!
selectOption,Select an option:,Wähle eine Option:,Válassz az alábbi lehetőségek közül:
taskName,Task Name,Aufgabenname,Feladat neve
taskNameHint,Enter task name,Aufgabenname eingeben,Add meg a feladat nevét
taskNameRequired,Task name is required,Aufgabenname ist erforderlich,A feladat neve kötelező
category,Category,Kategorie,Kategória
selectCategory,Select category,Kategorie auswählen,Válassz kategóriát
noCategory,No category,Keine Kategorie,Nincs kategória
categoryName,Category Name,Kategoriename,Kategória neve
categoryNameHint,Enter category name,Kategoriename eingeben,Add meg a kategória nevét
categoryNameRequired,Category name is required,Kategoriename ist erforderlich,A kategória neve kötelező
categoryDescription,Description (optional),Beschreibung (optional),Leírás (opcionális)
privateTask,Private Task,Private Aufgabe,Privát feladat
privateTaskDescription,If checked only you can see this task,Wenn aktiviert kannst nur du diese Aufgabe sehen,Ha be van jelölve csak te láthatod ezt a feladatot
privateCategory,Private Category,Private Kategorie,Privát kategória
privateCategoryDescription,Private categories are not visible to family members,Private Kategorien sind für Familienmitglieder nicht sichtbar,A privát kategória nem látható a családtagok számára
taskCreated,Task created successfully,Aufgabe erfolgreich erstellt,Feladat sikeresen létrehozva
taskUpdated,Task updated successfully,Aufgabe erfolgreich aktualisiert,Feladat sikeresen frissítve
taskDeleted,Task deleted successfully,Aufgabe erfolgreich gelöscht,Feladat sikeresen törölve
categoryCreated,Category created successfully,Kategorie erfolgreich erstellt,Kategória sikeresen létrehozva
categoryUpdated,Category updated successfully,Kategorie erfolgreich aktualisiert,Kategória sikeresen módosítva
categoryDeleted,Category deleted successfully,Kategorie erfolgreich gelöscht,Kategória sikeresen törölve
error,Error,Fehler,Hiba
generalError,An error occurred,Ein Fehler ist aufgetreten,Hiba történt
connectionError,Connection error,Verbindungsfehler,Kapcsolódási hiba
tryAgain,Try Again,Erneut versuchen,Újrapróbálkozás
status,Status,Status,Státusz
inProgress,In Progress,In Bearbeitung,Folyamatban
completed,Completed,Abgeschlossen,Befejezve
visibility,Visibility,Sichtbarkeit,Láthatóság
private,Private,Privat,Privát
public,Public,Öffentlich,Nyilvános
creationDate,Creation Date,Erstellungsdatum,Létrehozás dátuma
userId,User ID,Benutzer-ID,Felhasználói azonosító
myTasks,My Tasks,Meine Aufgaben,Saját feladatok
familyTasks,Family Tasks,Familienaufgaben,Családi feladatok
noTasks,No tasks yet,Noch keine Aufgaben,Még nincsenek feladatok
noMyTasks,You don't have any tasks yet,Du hast noch keine Aufgaben,Még nincsenek saját feladataid
noFamilyTasks,There are no family tasks yet,Es gibt noch keine Familienaufgaben,Még nincsenek családi feladatok
acceptTerms,I accept the terms and conditions,Ich akzeptiere die Geschäftsbedingungen,Elfogadom a feltételeket és az adatvédelmi irányelveket
termsRequired,You must accept the terms and conditions,Du musst die Geschäftsbedingungen akzeptieren,A feltételek elfogadása kötelező a regisztrációhoz
theme,Theme,Thema,Téma
language,Language,Sprache,Nyelv
changeLanguage,Change Language,Sprache ändern,Nyelv váltása
english,English,Englisch,Angol
german,German,Deutsch,Német
hungarian,Hungarian,Ungarisch,Magyar
deleteConfirmation,Confirm Delete,Löschen bestätigen,Törlés megerősítése
deleteTaskConfirmation,Are you sure you want to delete this task?,Möchtest du diese Aufgabe wirklich löschen?,Biztosan törölni szeretnéd ezt a feladatot?
editProfile,Edit Profile,Profil bearbeiten,Profil szerkesztése
profileUpdated,Profile updated successfully,Profil erfolgreich aktualisiert,Profil sikeresen frissítve
profileLoadError,Failed to load profile data.,Fehler beim Laden der Profildaten.,Nem sikerült betölteni a profil adatokat.
personalData,Personal Data,Persönliche Daten,Személyes adatok
displayName,Display Name,Anzeigename,Megjelenítési név
displayNameRequired,Display name is required,Anzeigename ist erforderlich,A megjelenítési név megadása kötelező
birthDate,Birth Date,Geburtsdatum,Születési dátum
gender,Gender,Geschlecht,Nem
selectGender,Select gender,Geschlecht auswählen,Válassz nemet
male,Male,Männlich,Férfi
female,Female,Weiblich,Nő
other,Other,Andere,Egyéb
preferNotToSay,Prefer not to say,Keine Angabe,Nem szeretném megadni
residenceCity,Residence City,Wohnort,Lakóhely
dateTimeSettings,Date and Time Settings,Datums- und Zeiteinstellungen,Dátum és idő beállítások
dateFormat,Date Format,Datumsformat,Dátum formátum
timeFormat,Time Format,Zeitformat,Idő formátum
selectFormat,Select format,Format auswählen,Válassz formátumot
format24h,24-hour format (e.g. 14:30),24-Stunden-Format (z.B. 14:30),24 órás (pl. 14:30)
format12h,12-hour format (e.g. 2:30 PM),12-Stunden-Format (z.B. 2:30 PM),12 órás (pl. 2:30 PM)
timezone,Timezone,Zeitzone,Időzóna
selectTimezone,Select timezone,Zeitzone auswählen,Válassz időzónát
budapestTimezone,Central European Time (Budapest),Mitteleuropäische Zeit (Budapest),Közép-európai idő (Budapest)
londonTimezone,Greenwich Mean Time (London),Greenwich-Normalzeit (London),Greenwich-i középidő (London)
newYorkTimezone,Eastern Time (New York),Ostküstenzeit (New York),Keleti parti idő (New York)
losAngelesTimezone,Pacific Time (Los Angeles),Pazifikzeit (Los Angeles),Csendes-óceáni idő (Los Angeles)
tokyoTimezone,Japan Time (Tokyo),Japanische Zeit (Tokio),Japán idő (Tokió)
taskSettings,Task Settings,Aufgabeneinstellungen,Feladat beállítások
taskSortOrder,Task Sort Order,Aufgaben-Sortierreihenfolge,Feladatok rendezése
selectSortOrder,Select sort order,Sortierreihenfolge auswählen,Válassz rendezési sorrendet
byDueDate,By due date,Nach Fälligkeitsdatum,Határidő szerint
byPriority,By priority,Nach Priorität,Prioritás szerint
byCreationDate,By creation date,Nach Erstellungsdatum,Létrehozás szerint
byTitle,By title,Nach Titel,Cím szerint
readOnlyInformation,Read-only Information,Schreibgeschützte Informationen,Csak olvasható információk
created,Created,Erstellt,Létrehozva
updated,Updated,Aktualisiert,Frissítve
notSpecified,Not specified,Nicht angegeben,Nincs megadva
profilePicture,Profile Picture,Profilbild,Profilkép
changeProfilePicture,Change Profile Picture,Profilbild ändern,Profilkép módosítása
selectFromGallery,Select from Gallery,Aus Galerie auswählen,Kiválasztás a galériából
takePhoto,Take Photo,Foto aufnehmen,Fénykép készítése
removePhoto,Remove Photo,Foto entfernen,Fénykép eltávolítása
profilePictureUpdated,Profile picture updated successfully,Profilbild erfolgreich aktualisiert,Profilkép sikeresen frissítve
profilePictureRemoved,Profile picture removed successfully,Profilbild erfolgreich entfernt,Profilkép sikeresen eltávolítva
profilePictureUploadError,Error uploading profile picture,Fehler beim Hochladen des Profilbilds,Hiba a profilkép feltöltésekor
dangerZone,Danger Zone,Gefahrenbereich,Veszélyes műveletek
deleteAccount,Delete Account,Konto löschen,Fiók törlése
deleteAccountButton,Delete Account,Konto löschen,Fiók törlése
deleteAccountExplanation,Deleting your account will remove your profile and related data. If you are the only member in your family all data you created will be deleted. If there are other family members your private data will become shared with them.,Das Löschen deines Kontos entfernt dein Profil und zugehörige Daten. Wenn du das einzige Mitglied deiner Familie bist werden alle von dir erstellten Daten gelöscht. Wenn es andere Familienmitglieder gibt werden deine privaten Daten mit ihnen geteilt.,A fiók törlésével a profilod és az ahhoz kapcsolódó adatok törlődnek. Ha te vagy az egyetlen tag a családodban minden általad létrehozott adat törlődni fog. Ha vannak más családtagok is a privát adataid megosztottá válnak velük.
delayedDeletion,30-day delayed deletion,30-Tage verzögerte Löschung,30 napos késleltetett törlés
delayedDeletionDescription,Your account will be deleted after 30 days. You can cancel the deletion request within this period.,Dein Konto wird nach 30 Tagen gelöscht. Du kannst die Löschung innerhalb dieses Zeitraums zurückziehen.,A fiókod 30 nap múlva törlődik. Ezen időszakon belül visszavonhatod a törlési kérelmet.
immediateDeletion,Immediate deletion,Sofortige Löschung,Azonnali törlés
immediateDeletionDescription,Your account and all related data will be deleted immediately. This action cannot be undone!,Dein Konto und alle zugehörigen Daten werden sofort gelöscht. Diese Aktion kann nicht rückgängig gemacht werden!,A fiókod és minden kapcsolódó adat azonnal törlődik. Ez a művelet nem vonható vissza!
confirmDeletion,I acknowledge that my profile and data will be deleted,Ich bestätige dass mein Profil und meine Daten gelöscht werden,Tudomásul veszem hogy a profilom és az adataim törlődni fognak
confirmDeleteRequired,Please confirm the deletion by checking the acknowledgement box,Bitte bestätige die Löschung durch Aktivieren des Bestätigungskästchens,Kérlek erősítsd meg a fiók törlését a jelölőnégyzet bejelölésével
immediateDeleteButton,Delete Account Immediately,Konto sofort löschen,Fiók azonnali törlése
permanentDelete,Permanent Delete,Dauerhaft löschen,Végleges törlés
immediateDeleteConfirmText,Are you sure you want to delete your account IMMEDIATELY? This action CANNOT BE undone and all your data will be deleted immediately! If you are the only member in your family all data you created will be deleted. If there are other family members your private data will become shared with them.,Möchtest du dein Konto SOFORT löschen? Diese Aktion kann NICHT RÜCKGÄNGIG gemacht werden und alle deine Daten werden sofort gelöscht! Wenn du das einzige Mitglied deiner Familie bist werden alle von dir erstellten Daten gelöscht. Wenn es andere Familienmitglieder gibt werden deine privaten Daten mit ihnen geteilt.,Biztosan AZONNAL törölni szeretnéd a fiókodat? Ez a művelet NEM VISSZAVONHATÓ és az összes adatod azonnal törlődik! Ha te vagy az egyetlen tag a családodban minden általad létrehozott adat törlődni fog. Ha más családtagok is vannak a privát adataid megosztottá válnak velük.
delayedDeleteConfirmText,Are you sure you want to delete your account? The deletion process will take 30 days during which you can cancel the deletion request. If you are the only member in your family all data you created will be deleted. If there are other family members your private data will become shared with them.,Möchtest du dein Konto löschen? Der Löschvorgang dauert 30 Tage während derer du die Löschung zurückziehen kannst. Wenn du das einzige Mitglied deiner Familie bist werden alle von dir erstellten Daten gelöscht. Wenn es andere Familienmitglieder gibt werden deine privaten Daten mit ihnen geteilt.,Biztosan törölni szeretnéd a fiókodat? A törlési folyamat 30 napig tart ez idő alatt visszavonhatod a törlési kérelmet. Ha te vagy az egyetlen tag a családodban minden általad létrehozott adat törlődni fog. Ha más családtagok is vannak a privát adataid megosztottá válnak velük.
accountDeletedSuccess,Your account has been deleted.,Dein Konto wurde gelöscht.,Fiókod törölve lett.
accountDeleteScheduledSuccess,Account deletion in progress. Your account will be permanently deleted after 30 days.,Kontolöschung in Bearbeitung. Dein Konto wird nach 30 Tagen dauerhaft gelöscht.,Fiók törlése folyamatban. Fiókod 30 nap múlva törlődik véglegesen.
accountDeleteError,Error deleting account,Fehler beim Löschen des Kontos,Hiba a fiók törlése során
accountScheduledForDeletion,Your account is scheduled for deletion,Dein Konto ist zur Löschung vorgemerkt,Fiókod törlésre vár
accountDeletionExplanation,Your account is scheduled for deletion. If you don't cancel the deletion your account and data will be automatically deleted on the scheduled date.,Dein Konto ist zur Löschung vorgemerkt. Wenn du die Löschung nicht abbrichst werden dein Konto und deine Daten am geplanten Datum automatisch gelöscht.,Fiókod törlésre van ütemezve. Ha nem vonod vissza a törlést fiókod és adataid automatikusan törlésre kerülnek a megadott dátumkor.
deletionRequested,Deletion requested,Löschung beantragt,Törlés kérve
deletionScheduled,Deletion scheduled,Löschung geplant,Törlés végrehajtása
daysRemaining,Days remaining,Verbleibende Tage,Hátralévő idő
cancelDeletion,Cancel Deletion Request,Löschantrag zurückziehen,Törlési kérelem visszavonása
deletionCancelled,Deletion request successfully cancelled,Löschantrag erfolgreich zurückgezogen,Törlési kérelem sikeresen visszavonva
deletionCancelError,Error cancelling deletion request,Fehler beim Zurückziehen des Löschantrags,Hiba történt a törlési kérelem visszavonása közben
deletionStatusError,Error checking deletion status,Fehler beim Prüfen des Löschstatus,Hiba történt a törlési állapot lekérdezésekor
publicCategory,Public Category,Öffentliche Kategorie,Nyilvános kategória
privateTaskWarning,This task is public but belongs to a private category so it will not be visible to others,Diese Aufgabe ist öffentlich gehört aber zu einer privaten Kategorie und ist daher für andere nicht sichtbar,Ez a feladat nyilvános de privát kategóriához tartozik így mások számára nem lesz látható
categoryVisibility,Category Visibility,Kategoriesichtbarkeit,Kategória láthatósága
reminderTitle,Task Reminder,Aufgaben-Erinnerung,Feladat emlékeztető
reminderForTask,Reminder for: {taskName},Erinnerung für: {taskName},Emlékeztető: {taskName}
enableNotifications,Enable notifications,Benachrichtigungen aktivieren,Értesítések bekapcsolása
disableNotifications,Disable notifications,Benachrichtigungen deaktivieren,Értesítések kikapcsolása
notificationsEnabled,Notifications enabled,Benachrichtigungen aktiviert,Értesítések bekapcsolva
notificationsDisabled,Notifications disabled,Benachrichtigungen deaktiviert,Értesítések kikapcsolva
reminderSetFor,Reminder set for {dateTime},Erinnerung eingestellt für {dateTime},Emlékeztető beállítva: {dateTime}
loginFailed,Login Failed,Anmeldung fehlgeschlagen,Sikertelen bejelentkezés
invalidCredentials,Invalid username or password. Please try again.,Ungültiger Benutzername oder Passwort. Bitte versuchen Sie es erneut.,Érvénytelen felhasználónév vagy jelszó. Kérjük, próbáld újra.
forgotPasswordQuestion,Did you forget your password?,Haben Sie Ihr Passwort vergessen?,Elfelejtetted a jelszavadat?
resetPassword,Reset Password,Passwort zurücksetzen,Jelszó visszaállítása
resetPasswordDescription,Enter your email address and we will send you a link to reset your password.,Geben Sie Ihre E-Mail-Adresse ein und wir senden Ihnen einen Link zum Zurücksetzen Ihres Passworts.,Add meg az e-mail címed, és küldünk egy linket a jelszavad visszaállításához.
sendResetLink,Send Reset Link,Link zum Zurücksetzen senden,Visszaállító link küldése
resetLinkSent,Reset Link Sent,Link zum Zurücksetzen gesendet,Visszaállító link elküldve
resetLinkSentDescription,We've sent a password reset link to {email}. Please check your inbox.,Wir haben einen Link zum Zurücksetzen des Passworts an {email} gesendet. Bitte überprüfen Sie Ihren Posteingang.,Elküldtünk egy jelszó-visszaállító linket a következő címre: {email}. Kérjük, ellenőrizd a beérkező üzeneteidet.
resetPasswordFailed,Password Reset Failed,Passwort zurücksetzen fehlgeschlagen,Jelszó visszaállítása sikertelen
ok,OK,OK,Rendben
mobilePermissions,Mobile Permissions,Mobile Berechtigungen,Mobil engedélyek
notificationPermissions,Notification Permissions,Benachrichtigungsberechtigung,Értesítési engedélyek
permissionsCheck,Checking Permissions...,Berechtigungen überprüfen...,Engedélyek ellenőrzése...
exactAlarms,Exact Alarms,Genaue Alarme,Pontos riasztások
enabled,Enabled,Aktiviert,Engedélyezve
notEnabled,Not Enabled,Nicht aktiviert,Nincs engedélyezve
enablePermission,Enable,Aktivieren,Engedélyezés
allSettings,All Settings,Alle Einstellungen,Összes beállítás
androidOnlyFeature,This feature is only available on Android platform.,Diese Funktion ist nur auf der Android-Plattform verfügbar.,Ez a funkció csak Android platformon érhető el.
permissionsMissing,Missing Notification Permissions,Fehlende Benachrichtigungsberechtigungen,Értesítési engedélyek hiányoznak
permissionsDescription,Notification and exact alarm permissions are necessary for the app to function properly.,Benachrichtigungs- und genaue Alarmberechtigung sind für die ordnungsgemäße Funktion der App erforderlich.,Az értesítések és pontos riasztások engedélyezése szükséges az alkalmazás megfelelő működéséhez.
notificationSettings,Notification Settings,Benachrichtigungseinstellungen,Értesítési beállítások
exactAlarmSettings,Exact Alarm Settings,Einstellungen für genaue Alarme,Pontos riasztás beállítások
appSettings,App Settings,App-Einstellungen,App beállítások
close,Close,Schließen,Bezárás
quickView,Quick View,Schnellansicht,Gyors betekintés
detailedEdit,Detailed Edit,Detaillierte Bearbeitung,Részletes szerkesztés
taskActions,Task Actions,Aufgabenaktionen,Feladat műveletek
useDeviceSettings,Use device settings,Geräteeinstellungen verwenden,Eszköz beállítások használata
customSettings,Custom settings,Benutzerdefinierte Einstellungen,Egyéni beállítások
dateFormat_yyyyMMdd,YYYY.MM.DD,JJJJ.MM.TT,ÉÉÉÉ.HH.NN
dateFormat_ddMMyyyy,DD.MM.YYYY,TT.MM.JJJJ,NN.HH.ÉÉÉÉ
dateFormat_mmDdYyyy,MM.DD.YYYY,MM.TT.JJJJ,HH.NN.ÉÉÉÉ
dateFormatExample,Format example,Format Beispiel,Formátum példa
currentSetting,Current setting,Aktuelle Einstellung,Jelenlegi beállítás
preview,Preview,Vorschau,Előnézet
today,Today,Heute,Ma
tomorrow,Tomorrow,Morgen,Holnap
yesterday,Yesterday,Gestern,Tegnap
formatSettings,Format Settings,Format-Einstellungen,Formátum beállítások
chooseFormat,Choose format,Format wählen,Formátum választása
selectDateFormat,Select date format,Datumsformat auswählen,Dátum formátum kiválasztása
selectTimeFormat,Select time format,Zeitformat auswählen,Idő formátum kiválasztása
invalidDateFormat,Invalid date format,Ungültiges Datumsformat,Érvénytelen dátum formátum
dateParseError,Could not parse date,Datum konnte nicht analysiert werden,Nem sikerült a dátum értelmezése
dateFormatHelp,Choose how dates should be displayed throughout the app,Wählen Sie aus wie Daten in der App angezeigt werden sollen,Válaszd ki hogy jelenjenek meg a dátumok az alkalmazásban
timeFormatHelp,Choose between 12-hour and 24-hour time display,Wählen Sie zwischen 12-Stunden- und 24-Stunden-Zeitanzeige,Válassz a 12 órás és 24 órás időformátum között
commandDateHelp,Use #MMDD or #DDMM for due dates,Verwende #MMTT oder #TTMM für Fälligkeitsdaten,Használj #HHNN vagy #NNHH határidőkhöz
commandDateExample,Example: #0315 for March 15th,Beispiel: #0315 für 15. März,Példa: #0315 március 15-re
auto_save_title,Auto-Save,Automatisches Speichern,Automatikus mentés
auto_save_status,Auto-Save Status,Auto-Save Status,Auto-Save állapot
auto_save_active,Active,Aktiv,Aktív
auto_save_inactive,Inactive,Inaktiv,Inaktív
auto_save_saving,Saving...,Speichern...,Mentés...
auto_save_saved,Saved,Gespeichert,Mentve
auto_save_error,Save Error,Speicherfehler,Mentési hiba
auto_save_retry,Retrying...,Wiederholung...,Újrapróbálkozás...
auto_save_force,Force Save,Sofort speichern,Azonnali mentés
auto_save_last_save,Last saved,Zuletzt gespeichert,Utoljára mentve
auto_save_never,Never,Nie,Soha
auto_save_seconds_ago,{count}s ago,vor {count}s,{count}s ezelőtt
auto_save_minutes_ago,{count}m ago,vor {count}m,{count}m ezelőtt
auto_save_hours_ago,{count}h ago,vor {count}h,{count}h ezelőtt
auto_save_success_rate,Success Rate,Erfolgsrate,Sikeres arány
auto_save_total_attempts,Total Attempts,Versuche gesamt,Összes kísérlet
auto_save_successful_saves,Successful Saves,Erfolgreiche Speicherungen,Sikeres mentések
auto_save_failed_saves,Failed Saves,Fehlgeschlagene Speicherungen,Sikertelen mentések
auto_save_stats,Save Statistics,Speicher-Statistiken,Mentési statisztikák
auto_save_debounce_info,Changes are saved automatically after 500ms delay,Änderungen werden automatisch nach 500ms Verzögerung gespeichert,A változások 500ms késleltetés után automatikusan mentődnek
auto_save_local_storage,Local Storage,Lokaler Speicher,Helyi tárolás
auto_save_cloud_storage,Cloud Storage,Cloud-Speicher,Felhő tárolás
auto_save_sync_success,Synced successfully,Erfolgreich synchronisiert,Sikeresen szinkronizálva
auto_save_sync_failed,Sync failed,Synchronisation fehlgeschlagen,Szinkronizálás sikertelen
auto_save_refresh_status,Refresh Status,Status aktualisieren,Állapot frissítése
auto_save_debug_info,Debug Information,Debug-Informationen,Debug információk
auto_save_test_rapid_changes,Test Rapid Changes,Test schnelle Änderungen,Gyors változások teszt
auto_save_test_format_cycle,Test Format Cycle,Test Format-Zyklus,Formátum ciklus teszt
auto_save_test_time_toggle,Test Time Toggle,Test Zeit-Umschaltung,Idő váltás teszt
auto_save_manual_controls,Manual Controls,Manuelle Steuerung,Manuális vezérlés
auto_save_quick_tests,Quick Tests,Schnelltests,Gyors tesztek
auto_save_actions,Actions,Aktionen,Műveletek
auto_save_current_settings,Current Settings,Aktuelle Einstellungen,Jelenlegi beállítások
auto_save_change_counter,Changes made,Anzahl Änderungen,Változtatások száma
auto_save_format_changed,Format changed! Auto-save in 500ms.,Format geändert! Auto-Save in 500ms.,Formátum váltva! Auto-save 500ms múlva.
auto_save_rapid_test_started,Rapid changes test started...,Schnelle Änderungen Test gestartet...,Gyors változások teszt indítása...
auto_save_rapid_test_finished,Rapid changes done! Only the last change will be saved.,Schnelle Änderungen fertig! Nur die letzte Änderung wird gespeichert.,Gyors változások kész! Csak az utolsó mentődik el.
auto_save_welcome_title,Auto-Save System,Auto-Save System,Auto-Save rendszer
auto_save_welcome_subtitle,Welcome to the Auto-Save test application!,Willkommen in der Auto-Save Testanwendung!,Üdvözlünk az Auto-Save teszt alkalmazásban!
auto_save_feature_automatic,Automatic saving,Automatisches Speichern,Automatikus mentés
auto_save_feature_debounce,Debounce logic,Debounce-Logik,Debounce logika
auto_save_feature_retry,Retry mechanism,Wiederholungsmechanismus,Újrapróbálkozási mechanizmus
auto_save_feature_hybrid,Hybrid storage,Hybride Speicherung,Hibrid tárolás
auto_save_feature_monitoring,Real-time monitoring,Echtzeit-Überwachung,Valós idejű monitoring
auto_save_instructions_title,Testing Instructions,Testanweisungen,Tesztelési útmutató
auto_save_launch_test,LAUNCH TEST,TEST STARTEN,TESZT INDÍTÁSA
auto_save_console_tip,Tip: Open the console to view debug messages,Tipp: Öffnen Sie die Konsole für Debug-Nachrichten,Tipp: Nyisd meg a konzolt a debug üzenetek megtekintéséhez
commandParser_invalidDate,Invalid date format: #{0},Ungültiges Datumsformat: #{0},Érvénytelen dátum formátum: #{0}
commandParser_dateParsingError,Date parsing error: #{0},Datum-Analysefehler: #{0},Dátum elemzési hiba: #{0}
commandParser_ambiguousDate,Ambiguous date: #{0} {1},Mehrdeutiges Datum: #{0} {1},Kétértelmű dátum: #{0} {1}
commandParser_invalidPriority,Invalid priority: {0} (must be 1-3),Ungültige Priorität: {0} (muss 1-3 sein),Érvénytelen prioritás: {0} (1-3 között kell lennie)
commandParser_invalidPercentage,Invalid percentage: {0}% (must be 0-100),Ungültiger Prozentsatz: {0}% (muss 0-100 sein),Érvénytelen százalék: {0}% (0-100 között kell lennie)
commandParser_unknownStatus,Unknown status: {0},Unbekannter Status: {0},Ismeretlen státusz: {0}
commandParser_noCommands,No commands found,Keine Befehle gefunden,Nincsenek parancsok
commandParser_typeTaskTitle,Type a task title...,Geben Sie einen Aufgabentitel ein...,Írj be egy feladat címet...
commandParser_parsingPreview,Parsing preview,Parsing-Vorschau,Elemzési előnézet
commandParser_commandsFound,{0} commands found,{0} Befehle gefunden,{0} parancs találva
commandParser_warningsFound,{0} warnings found,{0} Warnungen gefunden,{0} figyelmeztetés találva
commandParser_dateExample_christmas,December 25 (Christmas),25. Dezember (Weihnachten),December 25 (karácsony)
commandParser_dateExample_newYear,January 1 (New Year),1. Januar (Neujahr),Január 1 (újév)
commandParser_dateExample_marchFifteenth,March 15,15. März,Március 15
commandParser_dateExample_dayMonth,day.month,Tag.Monat,nap.hónap
commandParser_dateExample_monthDay,month.day,Monat.Tag,hónap.nap
commandParser_priorityHigh,High priority,Hohe Priorität,Magas prioritás
commandParser_priorityMedium,Medium priority,Mittlere Priorität,Közepes prioritás  
commandParser_priorityLow,Low priority,Niedrige Priorität,Alacsony prioritás
commandParser_statusActive,Active,Aktiv,Aktív
commandParser_statusDraft,Draft,Entwurf,Vázlat
commandParser_statusArchived,Archived,Archiviert,Archivált
commandParser_statusCompleted,Completed,Abgeschlossen,Befejezett
commandParser_parseLogic_yyyymmdd,YYYY.MM.DD → #0315 = March 15,JJJJ.MM.TT → #0315 = 15. März,ÉÉÉÉ.HH.NN → #0315 = március 15
commandParser_parseLogic_ddmmyyyy,DD.MM.YYYY → #1503 = March 15 (day.month),TT.MM.JJJJ → #1503 = 15. März (Tag.Monat),NN.HH.ÉÉÉÉ → #1503 = március 15 (nap.hónap)
commandParser_parseLogic_mmddyyyy,MM.DD.YYYY → #0315 = March 15 (month.day),MM.TT.JJJJ → #0315 = 15. März (Monat.Tag),HH.NN.ÉÉÉÉ → #0315 = március 15 (hónap.nap)
commandParser_ambiguity_couldBe,Could be interpreted as,Könnte interpretiert werden als,Értelmezhető mint
commandParser_ambiguity_currentFormat,Current format interprets as,Aktuelles Format interpretiert als,A jelenlegi formátum szerint
commandParser_ambiguity_suggestion,Consider using full date format,Erwägen Sie die Verwendung des vollständigen Datumsformats,Fontold meg a teljes dátum formátum használatát

# ✅ ÚJ KULCSOK - Cache és teljesítmény
cache_performance,Cache Performance,Cache-Leistung,Cache Teljesítmény
cache_metrics_loading,Loading cache metrics...,Lade Cache-Metriken...,Cache metrikák betöltése...
cache_metrics_error,Error loading metrics,Fehler beim Laden der Metriken,Hiba a metrikák betöltése során
retry,Retry,Wiederholen,Újrapróbálás
refresh_metrics,Refresh Metrics,Metriken aktualisieren,Metrikák frissítése
cache_info,Cache Information,Cache-Informationen,Cache információk
hit_ratio,Hit Ratio,Trefferquote,Találati arány
cache_size,Cache Size,Cache-Größe,Cache méret
active_tables,Active Tables,Aktive Tabellen,Aktív táblák
elements_short,elem,Elem,elem
pieces,pcs,Stk,db
detailed_hit_ratio,Detailed hit ratio,Detaillierte Trefferquote,Részletes találati arány
excellent_cache_performance,Excellent cache performance,Ausgezeichnete Cache-Leistung,Kiváló cache teljesítmény
good_cache_performance,Good cache performance,Gute Cache-Leistung,Jó cache teljesítmény
average_cache_performance,Average cache performance,Durchschnittliche Cache-Leistung,Közepes cache teljesítmény
poor_cache_performance,Poor cache performance,Schlechte Cache-Leistung,Gyenge cache teljesítmény
very_poor_cache_performance,Very poor cache performance,Sehr schlechte Cache-Leistung,Nagyon gyenge cache teljesítmény
detailed_metrics,Detailed Metrics,Detaillierte Metriken,Részletes Metrikák
cache_hits,Cache hits,Cache-Treffer,Cache találatok
cache_misses,Cache misses,Cache-Fehltreffer,Cache hibák
expired_hits,Expired hits,Abgelaufene Treffer,Lejárt találatok
inserts,Inserts,Einfügungen,Beszúrások
updates,Updates,Aktualisierungen,Frissítések
invalidations,Invalidations,Ungültigmachungen,Érvénytelenítések
last_cleanup,Last cleanup,Letzte Bereinigung,Utolsó tisztítás
cleanup,Cleanup,Bereinigung,Tisztítás
clear_all,Clear All,Alle löschen,Teljes törlés
cache_cleanup_successful,Cache cleanup successful,Cache-Bereinigung erfolgreich,Cache tisztítás sikeres
cache_cleanup_error,Cache cleanup error,Cache-Bereinigungsfehler,Hiba a cache tisztítás során
clear_entire_cache,Clear entire cache,Gesamten Cache löschen,Cache teljes törlése
confirm_clear_cache_message,Are you sure you want to delete the entire cache? This will remove all stored data and subsequent queries will be slower.,Sind Sie sicher dass Sie den gesamten Cache löschen möchten? Dies entfernt alle gespeicherten Daten und nachfolgende Abfragen werden langsamer.,Biztos hogy törölni szeretnéd a teljes cache-t? Ez minden tárolt adatot eltávolít és a következő lekérdezések lassabbak lesznek.
entire_cache_cleared,Entire cache cleared,Gesamter Cache gelöscht,Teljes cache törölve
cache_delete_error,Cache delete error,Cache-Löschfehler,Hiba a cache törlése során
cache_info_table_sizes,Table cache sizes,Tabellen-Cache-Größen,Táblák cache mérete
no_cache_data,No cache data,Keine Cache-Daten,Nincs cache adat
cacheCleanupCount,elements deleted,Elemente gelöscht,elem törölve

# ✅ ÚJ KULCSOK - Szűrők
filters,Filters,Filter,Szűrők
activeFilters,Active filters,Aktive Filter,Aktív szűrők
clearFilters,Clear filters,Filter löschen,Szűrők törlése
basicFilters,Basic,Grundlegend,Alapvető
dateFilters,Dates,Daten,Dátumok
categoryFilters,Categories,Kategorien,Kategóriák
advancedFilters,Advanced,Erweitert,Haladó
applyFilters,Apply filters,Filter anwenden,Szűrők alkalmazása
searchQuery,Search,Suche,Keresés
searchTaskTitleDescription,Task title or description,Aufgabentitel oder Beschreibung,Feladat címe vagy leírása
all,All,Alle,Minden
completionStatus,Completion status,Fertigstellungsstatus,Befejezettségi állapot
open,Open,Offen,Nyitott
completionDate,Completion date,Fertigstellungsdatum,Befejezési dátum
completedFrom,Completed from,Abgeschlossen von,Befejezve ettől
completedUntil,Completed until,Abgeschlossen bis,Befejezve eddig
notSet,Not set,Nicht festgelegt,Nincs beállítva
selectDate,Select date,Datum auswählen,Dátum kiválasztása
dueDate,Due date,Fälligkeitsdatum,Határidő
dueDateFrom,Due date from,Fälligkeitsdatum von,Határidő ettől
dueDateUntil,Due date until,Fälligkeitsdatum bis,Határidő eddig
assignedTo,Assigned to,Zugewiesen an,Felelős
selectAssignee,Select assignee,Beauftragten auswählen,Felelős kiválasztása
unknownUser,Unknown user,Unbekannter Benutzer,Ismeretlen felhasználó
taskType,Task type,Aufgabentyp,Feladat típus
mainTasks,Main tasks,Hauptaufgaben,Fő feladatok
subTasks,Sub tasks,Unteraufgaben,Alfeladatok
parentTask,Parent task,Übergeordnete Aufgabe,Szülő feladat
selectParentTask,Select parent task,Übergeordnete Aufgabe auswählen,Szülő feladat kiválasztása
unknownTask,Unknown task,Unbekannte Aufgabe,Ismeretlen feladat
noMainTasksAvailable,No main tasks available,Keine Hauptaufgaben verfügbar,Nincs elérhető fő feladat
tags,Tags,Tags,Címkék
tagsCommaSeparated,Tags (comma separated),Tags (durch Komma getrennt),Címkék (vesszővel elválasztva)
tagsExample,e.g. urgent home project,z.B. dringend zuhause projekt,pl. sürgős otthon projekt
quickFilter,Quick filter,Schnellfilter,Gyors szűrés
detailedFilter,Detailed filter,Detaillierter Filter,Részletes szűrő

# ✅ ÚJ KULCSOK - Offline és fallback
offlineMode,Offline mode,Offline-Modus,Offline mód
cachedDataDisplay,⚡ Cached data display,⚡ Zwischengespeicherte Datenanzeige,⚡ Cache-elt adatok megjelenítése
connectionStatus,Connection status,Verbindungsstatus,Kapcsolódási állapot
online,Online,Online,Online
offline,Offline,Offline,Offline
fromCache,From cache,Aus Cache,Cache-ből
cannotCreateItemsOffline,New items cannot be created in offline mode,Im Offline-Modus können keine neuen Elemente erstellt werden,Offline módban nem lehet új elemeket létrehozni
offlineDataWarning,Without network connection only cached data are available. Creating new items is not possible in offline mode.,Ohne Netzwerkverbindung sind nur zwischengespeicherte Daten verfügbar. Das Erstellen neuer Elemente ist im Offline-Modus nicht möglich.,Hálózati kapcsolat nélkül csak a cache-elt adatok érhetők el. Új elemek létrehozása offline módban nem lehetséges.
toggleOfflineMode,Toggle offline mode,Offline-Modus umschalten,Offline mód ki/be

# ✅ ÚJ KULCSOK - Debug és teszt
currentState,Current state,Aktueller Zustand,Jelenlegi állapot
source,Source,Quelle,Forrás
cloudSynced,Cloud synced,Cloud synchronisiert,Felhő szinkronizálva
on,ON,EIN,BE
off,OFF,AUS,KI
yes,YES,JA,IGEN
no,NO,NEIN,NEM
managerStatus,Manager status,Manager-Status,Manager állapot
basicFallback,Basic fallback,Grundlegendes Fallback,Alapvető fallback
offlineModeSimulation,Offline mode simulation,Offline-Modus-Simulation,Offline mód szimuláció
onlineRestoration,Online restoration,Online-Wiederherstellung,Online visszaállítás
defaultFallback,Default fallback,Standard-Fallback,Alapértelmezett fallback
errorResistance,Error resistance,Fehlertoleranz,Hibatűrés
runAllTests,Run all tests,Alle Tests ausführen,Összes teszt futtatása
testResults,Test results,Testergebnisse,Teszt eredmények
testInitialized,Test widget initialized,Test-Widget initialisiert,Test widget inicializálva
readyForTesting,Ready for testing...,Bereit zum Testen...,Készen áll a tesztelésre...
testsStarted,Tests starting...,Tests starten...,Tesztek indítása...
basicFallbackTest,Basic fallback loading test,Grundlegender Fallback-Ladetest,Alapvető fallback betöltés teszt
initialTestsCompleted,Initial tests completed,Anfangstests abgeschlossen,Kezdeti tesztek befejezve
testCompleted,TEST {number} COMPLETED,TEST {number} ABGESCHLOSSEN,TESZT {number} BEFEJEZVE
testError,TEST {number} ERROR: {error},TEST {number} FEHLER: {error},TESZT {number} HIBA: {error}
allTestsCompleted,All tests completed,Alle Tests abgeschlossen,Összes teszt befejezve
checkResultsAbove,Check the results above!,Überprüfen Sie die Ergebnisse oben!,Ellenőrizd a fenti eredményeket!
resultsCleared,Test results cleared,Testergebnisse gelöscht,Teszt eredmények törölve
readyForNewTesting,Ready for new testing...,Bereit für neue Tests...,Készen áll új tesztelésre...

# ✅ ÚJ KULCSOK - Parancs előnézet és súgó
commandsInTaskTitle,Commands in task title,Befehle im Aufgabentitel,Parancsok a feladat címében
typeTaskTitleWithCommands,Type a task title with commands,Geben Sie einen Aufgabentitel mit Befehlen ein,Írj be egy feladat címet parancsokkal
example_task_commands,Example: Task #0315 #p1 #50% #act,Beispiel: Projekt #0315 #p1 #%50 #act,Példa: Projekt #0315 #p1 #%50 #act
liveParsingFeedback,Live parsing feedback,Live-Parsing-Feedback,Valós idejű parsing visszajelzés
commandsRecognized,{count} commands recognized,{count} Befehle erkannt,{count} parancs felismerve
warnings,Warnings,Warnungen,Figyelmeztetések
noCommands,No commands,Keine Befehle,Nincs parancs
cleanedTitle,Cleaned title,Bereinigter Titel,Tisztított cím
recognizedCommands,Recognized commands,Erkannte Befehle,Felismert parancsok
readiness,Readiness,Bereitschaft,Készültség
examples,Examples,Beispiele,Példák
combinedUsageExample,Combined usage example,Beispiel für kombinierte Verwendung,Kombinált használat példa
parsedResult,Parsed result,Analysiertes Ergebnis,Elemzett eredmény
currentDateFormat,Current date format,Aktuelles Datumsformat,Jelenlegi dátum formátum
dateExamples,Date examples,Datumsbeispiele,Dátum példák
quickTestCases,Quick test cases,Schnelle Testfälle,Gyors teszt esetek

# ✅ ÚJ KULCSOK - Család
join_family,Join family,Familie beitreten,Csatlakozás családhoz
important_family_restriction,Important: A user can only be a member of one family at a time. If you are already a member of a family and join a new family you must first leave your current family.,Wichtig: Ein Benutzer kann nur Mitglied einer Familie gleichzeitig sein. Wenn Sie bereits Mitglied einer Familie sind und einer neuen Familie beitreten müssen Sie zuerst Ihre aktuelle Familie verlassen.,Fontos: Egy felhasználó egyszerre csak egy család tagja lehet. Ha már tagja vagy egy családnak és csatlakozol egy új családhoz előbb ki kell lépned a jelenlegi családodból.
invite_code,Invite code,Einladungscode,Meghívó kód
enter_invite_code,Enter the invite code,Geben Sie den Einladungscode ein,Add meg a meghívó kódot
please_enter_invite_code,Please enter the invite code,Bitte geben Sie den Einladungscode ein,Kérlek add meg a meghívó kódot
verification,Verification,Überprüfung,Ellenőrzés
join,Join,Beitreten,Csatlakozás
family_name,Family name,Familienname,Család neve
expiry_date,Expiry date,Ablaufdatum,Lejárat
invalid_invite_code,Invalid invite code,Ungültiger Einladungscode,Érvénytelen meghívó kód
invite_expired,This invite code is no longer valid (expired or reached maximum usage),Dieser Einladungscode ist nicht mehr gültig (abgelaufen oder maximale Nutzung erreicht),Ez a meghívó kód már nem érvényes (lejárt vagy elérte a maximális felhasználást)
successfully_joined_family,Successfully joined family {familyName}!,Erfolgreich der Familie {familyName} beigetreten!,Sikeresen csatlakoztál a(z) {familyName} családhoz!
user_can_only_belong_to_one_family,A user can only belong to one family at a time. Please leave your current family first in the "Manage Family Members" menu.,Ein Benutzer kann nur einer Familie gleichzeitig angehören. Bitte verlassen Sie zuerst Ihre aktuelle Familie im Menü "Familienmitglieder verwalten".,Egy felhasználó egyszerre csak egy család tagja lehet. Előbb lépj ki a jelenlegi családodból a "Családtagok kezelése" menüpontban.
unknown_error,Unknown error occurred: {error},Unbekannter Fehler ist aufgetreten: {error},Ismeretlen hiba történt: {error}


#naptár

calendar,calendar,Kalender,naptár
calendar_view,calendar view,Kalenderansicht,naptár nézet
events,events,Ereignisse,események
no_events,no events,Keine Ereignisse,nincsenek események
event_details,event details,Ereignisdetails,esemény részletei
calendar_month_view,month view,Monatsansicht,havi nézet
calendar_week_view,week view,Wochenansicht,heti nézet
calendar_day_view,day view,Tagesansicht,napi nézet
calendar_timeline_view,timeline view,Timeline-Ansicht,idővonalas nézet
calendar_filter_all,all,alle,minden
calendar_filter_private,private,privat,privát
calendar_filter_family,family,Familie,családi
calendar_filter_completed,completed,abgeschlossen,befejezett
calendar_filter_pending,pending,ausstehend,függőben
calendar_filter_overdue,overdue,überfällig,lejárt
calendar_filter_today,today,heute,mai
due_tasks,due tasks,fällige Aufgaben,esedékes feladatok
overdue_tasks,overdue tasks,überfällige Aufgaben,lejárt feladatok
completed_tasks,completed tasks,abgeschlossene Aufgaben,befejezett feladatok
today_tasks,today's tasks,heutige Aufgaben,mai feladatok
sync_calendar,sync calendar,Kalender synchronisieren,naptár szinkronizálása
calendar_offline,calendar offline,Kalender offline,naptár offline
manual_refresh,manual refresh,manuelle Aktualisierung,manuális frissítés
pull_to_refresh,pull to refresh,zum Aktualisieren ziehen,húzza le a frissítéshez
syncing,syncing,synchronisiere,szinkronizálás
last_synced,last synced,zuletzt synchronisiert,utolsó szinkronizálás
calendar_cache_loading,loading calendar,Kalender wird geladen,naptár betöltése
calendar_cache_offline,offline data,Offline-Daten,offline adatok
calendar_cache_synced,synced,synchronisiert,szinkronizálva
calendar_cache_error,loading error,Ladefehler,betöltési hiba
previous_month,previous month,vorheriger Monat,előző hónap
next_month,next month,nächster Monat,következő hónap
today_button,today,heute,ma
go_to_date,go to date,zu Datum springen,ugrás dátumra
event_title,event title,Ereignistitel,esemény címe
event_date,event date,Ereignisdatum,esemény dátuma
event_time,event time,Ereigniszeit,esemény ideje
event_priority,priority,Priorität,prioritás
event_category,category,Kategorie,kategória
event_assignee,assignee,Verantwortlicher,felelős
event_status,status,Status,állapot
event_description,description,Beschreibung,leírás
priority_high,high,hoch,magas
priority_medium,medium,mittel,közepes
priority_low,low,niedrig,alacsony
calendar_error_load,error loading calendar,Fehler beim Laden des Kalenders,hiba a naptár betöltésekor
calendar_error_sync,sync error,Synchronisierungsfehler,szinkronizálási hiba
calendar_no_connection,no internet connection,keine Internetverbindung,nincs internetkapcsolat
calendar_retry,retry,erneut versuchen,újrapróbálkozás
morning,morning,Morgen,reggel
afternoon,afternoon,Nachmittag,délután
evening,evening,Abend,este
night,night,Nacht,éjjel
all_day,all day,ganztägig,egész nap
group_by_category,group by category,nach Kategorie gruppieren,csoportosítás kategória szerint
group_by_priority,group by priority,nach Priorität gruppieren,csoportosítás prioritás szerint
group_by_assignee,group by assignee,nach Verantwortlichem gruppieren,csoportosítás felelős szerint
group_by_status,group by status,nach Status gruppieren,csoportosítás állapot szerint
no_grouping,no grouping,keine Gruppierung,nincs csoportosítás
search_events,search events,Ereignisse suchen,események keresése
search_placeholder,search...,suchen...,keresés...
search_results,search results,Suchergebnisse,keresési eredmények
no_search_results,no results found,keine Ergebnisse gefunden,nincs találat
calendar_settings,calendar settings,Kalender-Einstellungen,naptár beállítások
show_weekends,show weekends,Wochenenden anzeigen,hétvégék megjelenítése
week_starts_monday,week starts on Monday,Woche beginnt am Montag,hét hétfőn kezdődik
show_completed,show completed tasks,abgeschlossene Aufgaben anzeigen,befejezett feladatok megjelenítése
auto_sync,auto sync,automatische Synchronisation,automatikus szinkronizálás
sync_status_idle,Üresjárat,Leerlauf,Idle
sync_status_syncing,Szinkronizálás,Synchronisierung,Syncing
sync_status_success,Sikeres,Erfolgreich,Success
sync_status_error,Hiba,Fehler,Error
sync_status_offline,Offline,Offline,Offline
sync_synchronized,Szinkronizálva,Synchronisiert,Synchronized
sync_syncing,Szinkronizálás...,Synchronisierung...,Syncing...
sync_updated,Frissítve,Aktualisiert,Updated
sync_error,Szinkronizálási hiba,Synchronisierungsfehler,Sync error
sync_offline_mode,Offline mód,Offline-Modus,Offline mode
refresh_state_idle,Üresjárat,Leerlauf,Idle
refresh_state_refreshing,Frissítés,Aktualisierung,Refreshing
refresh_state_success,Sikeres,Erfolgreich,Success
refresh_state_error,Hiba,Fehler,Error
manual_refresh,Manuális frissítés,Manuelle Aktualisierung,Manual refresh
pull_to_refresh,Húzza le a frissítéshez,Zum Aktualisieren ziehen,Pull to refresh
refresh_now,Frissítés most,Jetzt aktualisieren,Refresh now
quick_refresh,Gyors frissítés,Schnelle Aktualisierung,Quick refresh
full_refresh,Teljes frissítés,Vollständige Aktualisierung,Full refresh
background_refresh,Háttér frissítés,Hintergrund-Aktualisierung,Background refresh
last_sync,Utolsó szinkronizálás,Letzte Synchronisation,Last sync
never_synced,Soha,Nie,Never
just_now,Most,Gerade eben,Just now
seconds_ago,{0}s ezelőtt,vor {0}s,{0}s ago
minutes_ago,{0}m ezelőtt,vor {0}m,{0}m ago
hours_ago,{0}ó ezelőtt,vor {0}h,{0}h ago
days_ago,{0}n ezelőtt,vor {0}d,{0}d ago
network_online,Online,Online,Online
network_offline,Offline,Offline,Offline
no_internet_connection,Nincs internetkapcsolat,Keine Internetverbindung,No internet connection
connection_restored,Kapcsolat helyreállt,Verbindung wiederhergestellt,Connection restored
sync_failed,Szinkronizálás sikertelen,Synchronisation fehlgeschlagen,Sync failed
refresh_failed,Frissítés sikertelen,Aktualisierung fehlgeschlagen,Refresh failed
cannot_sync_offline,Offline módban nem lehet szinkronizálni,Synchronisation im Offline-Modus nicht möglich,Cannot sync in offline mode
retry_when_online,Újrapróbálás online módban,Bei Online-Verbindung wiederholen,Retry when online
cache_loading,Betöltés cache-ből,Laden aus Cache,Loading from cache
cache_offline_data,Offline adatok,Offline-Daten,Offline data
cache_synced_data,Szinkronizált adatok,Synchronisierte Daten,Synced data
cache_stale_data,Elavult adatok,Veraltete Daten,Outdated data
pending_changes,Függőben lévő változások,Ausstehende Änderungen,Pending changes
no_pending_changes,Nincs függőben lévő változás,Keine ausstehenden Änderungen,No pending changes
changes_count,{0} változás,{0} Änderungen,{0} changes
sync_pending_changes,Függőben lévő változások szinkronizálása,Ausstehende Änderungen synchronisieren,Sync pending changes
invalidation_sync_change,Szinkronizálási állapot változott,Synchronisationsstatus geändert,Sync status changed
invalidation_manual_refresh,Manuális frissítés aktiválva,Manuelle Aktualisierung ausgelöst,Manual refresh triggered
invalidation_date_change,Dátum változott,Datum geändert,Date changed
invalidation_view_change,Nézet típus változott,Ansichtstyp geändert,View type changed
invalidation_network_change,Hálózati állapot változott,Netzwerkstatus geändert,Network status changed
invalidation_background_refresh,Háttér frissítés,Hintergrund-Aktualisierung,Background refresh
tap_to_refresh,Érintsd meg a frissítéshez,Zum Aktualisieren tippen,Tap to refresh
sync_in_progress,Szinkronizálás folyamatban,Synchronisation läuft,Sync in progress
sync_completed,Szinkronizálás befejezve,Synchronisation abgeschlossen,Sync completed
offline_mode_active,Offline mód aktív,Offline-Modus aktiv,Offline mode active
sync_performance,Szinkronizálási teljesítmény,Synchronisationsleistung,Sync performance
invalidation_events,Invalidálási események,Invalidierungsereignisse,Invalidation events
cache_warming,Cache melegítés,Cache-Aufwärmung,Cache warming
background_operations,Háttér műveletek,Hintergrundoperationen,Background operations
force_sync,Szinkronizálás kényszerítése,Synchronisation erzwingen,Force sync
simulate_offline,Offline szimuláció,Offline simulieren,Simulate offline
restore_online,Online visszaállítás,Online wiederherstellen,Restore online
clear_events,Események törlése,Ereignisse löschen,Clear events
auto_sync,Automatikus szinkronizálás,Automatische Synchronisation,Auto sync
sync_frequency,Szinkronizálási gyakoriság,Synchronisationsfrequenz,Sync frequency
background_sync,Háttér szinkronizálás,Hintergrund-Synchronisation,Background sync
sync_on_startup,Induláskor szinkronizálás,Synchronisation beim Start,Sync on startup
event_details,Event details,Event-Details,Esemény részletei
event_card_tap_to_view,Tap to view details,Tippen für Details,Koppints a részletekért
event_card_offline_data,Offline data,Offline-Daten,Offline adat
event_card_synced_data,Synced data,Synchronisierte Daten,Szinkronizált adat
event_card_pending_sync,Pending sync,Synchronisation ausstehend,Szinkronizálásra vár
completion_percentage,Completion percentage,Fertigstellungsgrad,Befejezés százaléka
due_date,Due date,Fälligkeitsdatum,Határidő
created_date,Created,Erstellt,Létrehozva
completed_date,Completed,Abgeschlossen,Befejezve
task_status,Task status,Aufgabenstatus,Feladat állapot
task_overdue,Overdue,Überfällig,Lejárt
task_due_today,Due today,Heute fällig,Ma van a határideje
task_in_progress,In progress,In Bearbeitung,Folyamatban
task_completed,Completed,Abgeschlossen,Befejezett
task_private,Private,Privat,Privát
task_family,Family,Familie,Családi
edit_event,Edit event,Ereignis bearbeiten,Esemény szerkesztése
close_modal,Close,Schließen,Bezárás
view_task_details,View task details,Aufgabendetails anzeigen,Feladat részletei
sync_info,Sync information,Synchronisationsinformationen,Szinkronizációs információ
pending_changes_count,Pending changes,Ausstehende Änderungen,Függőben lévő változások
last_sync_time,Last sync,Letzte Synchronisation,Utolsó szinkronizálás
cache_status,Cache status,Cache-Status,Cache állapot
network_status,Network status,Netzwerkstatus,Hálózati állapot
offline_indicator,Offline indicator,Offline-Anzeige,Offline jelző
priority_indicator,Priority indicator,Prioritätsanzeige,Prioritás jelző
category_color,Category color,Kategoriefarbe,Kategória szín
progress_indicator,Progress indicator,Fortschrittsanzeige,Haladás jelző
today_short,Today,Heute,Ma
tomorrow_short,Tomorrow,Morgen,Holnap
yesterday_short,Yesterday,Gestern,Tegnap
this_week,This week,Diese Woche,Ezen a héten
next_week,Next week,Nächste Woche,Jövő héten
last_week,Last week,Letzte Woche,Múlt héten
monday_short,Monday,Montag,Hétfő
tuesday_short,Tuesday,Dienstag,Kedd
wednesday_short,Wednesday,Mittwoch,Szerda
thursday_short,Thursday,Donnerstag,Csütörtök
friday_short,Friday,Freitag,Péntek
saturday_short,Saturday,Samstag,Szombat
sunday_short,Sunday,Sonntag,Vasárnap
jan_short,Jan,Jan,Jan
feb_short,Feb,Feb,Feb
mar_short,Mar,Mär,Már
apr_short,Apr,Apr,Ápr
may_short,May,Mai,Máj
jun_short,Jun,Jun,Jún
jul_short,Jul,Jul,Júl
aug_short,Aug,Aug,Aug
sep_short,Sep,Sep,Sze
oct_short,Oct,Okt,Okt
nov_short,Nov,Nov,Nov
dec_short,Dec,Dez,Dec
event_tags,Tags,Tags,Címkék
no_description,No description,Keine Beschreibung,Nincs leírás
no_category,No category,Keine Kategorie,Kategória nélkül
no_assignee,No assignee,Kein Verantwortlicher,Nincs felelős
no_tags,No tags,Keine Tags,Nincs címke
loading_event_details,Loading event details,Lade Event-Details,Esemény részletek betöltése
error_loading_event,Error loading event,Fehler beim Laden des Events,Hiba az esemény betöltésekor
retry_load_event,Retry loading,Erneut versuchen,Újrapróbálás
calendar_month_view,Month,Monat,Hónap
calendar_week_view,Week,Woche ,Hét
calendar_day_view,Day,Tag,Nap
calendar_timeline_view,Timeline,Zeitlinie,Idősor
calendar_today_button,Today,Heute,Ma
calendar_refresh,Refresh,Aktualisieren,Frissítés
calendar_settings,Settings,Einstellungen,Beállítások
create_new_event,New event,Neues Ereignis,Új esemény
export,Export,Exportieren,Exportálás
switching_to_month_view,Switching to month view,Wechsel zur Monatsansicht,Váltás havi nézetre
switching_to_week_view,Switching to week view,Wechsel zur Wochenansicht,Váltás heti nézetre
switching_to_day_view,Switching to day view,Wechsel zur Tagesansicht,Váltás napi nézetre
switching_to_timeline_view,Switching to timeline view,Wechsel zur Zeitlinienansicht,Váltás idővonal nézetre
navigating_to_today,Going to today,Zum heutigen Tag springen,Ugrás a mai napra
calendar_navigation_previous,Previous,Vorherige,Előző
calendar_navigation_next,Next,Nächste,Következő
monthly_summary,Monthly Summary,Monatliche Zusammenfassung,Havi Összesítő
weekly_summary,Weekly Summary,Wöchentliche Zusammenfassung,Heti Összesítő
daily_summary,Daily Summary,Tägliche Zusammenfassung,Napi Összesítő
timeline_summary,Timeline Summary,Zeitlinien Zusammenfassung,Idővonalas Összesítő
events_completed,Completed,Abgeschlossen,Befejezett
events_in_progress,In Progress,In Bearbeitung,Folyamatban
events_high_priority,High Priority,Hohe Priorität,Magas prioritás
events_total,Total Events,Gesamt Ereignisse,Összes esemény
quick_action_new_task,New task,Neue Aufgabe,Új feladat
quick_action_go_today,Go to today,Zu heute gehen,Mai napra
quick_action_filter,Filter,Filtern,Szűrés
morning,Morning,Morgen,Reggel
afternoon,Afternoon,Nachmittag,Délután
evening,Evening,Abend,Este
night,Night,Nacht,Éjszaka
no_events_today,No events today,Keine Ereignisse heute,Nincs esemény ma
no_events_this_week,No events this week,Keine Ereignisse diese Woche,Nincs esemény ezen a héten
no_events_this_month,No events this month,Keine Ereignisse diesen Monat,Nincs esemény ebben a hónapban
no_events_timeline,No events on timeline,Keine Ereignisse auf der Zeitlinie,Nincs esemény az idővonalon
loading_calendar,Loading calendar,Kalender wird geladen,Naptár betöltése
loading_events,Loading events,Ereignisse werden geladen,Események betöltése
loading_view,Loading view,Ansicht wird geladen,Nézet betöltése
calendar_load_error,Error loading calendar,Fehler beim Laden des Kalenders,Hiba a naptár betöltésekor
calendar_sync_error,Sync error,Synchronisierungsfehler,Szinkronizálási hiba
calendar_network_error,Network error,Netzwerkfehler,Hálózati hiba
month_view_description,Display full month,Ganzen Monat anzeigen,Teljes hónap megjelenítése
week_view_description,Display one week,Eine Woche anzeigen,Egy hét megjelenítése
day_view_description,Display detailed day,Detaillierten Tag anzeigen,Egy nap részletes megjelenítése
timeline_view_description,Events in chronological order,Ereignisse in chronologischer Reihenfolge,Események kronológiai sorrendben
today_label,Today,Heute,Ma
tomorrow_label,Tomorrow,Morgen,Holnap
yesterday_label,Yesterday,Gestern,Tegnap
this_week,This week,Diese Woche,Ezen a héten
next_week,Next week,Nächste Woche,Jövő héten
last_week,Last week,Letzte Woche,Múlt héten
calendar_go_previous,Previous period,Vorheriger Zeitraum,Előző időszak
calendar_go_next,Next period,Nächster Zeitraum,Következő időszak
calendar_select_date,Select date,Datum auswählen,Dátum kiválasztása
view_event_details,View event details,Ereignisdetails anzeigen,Esemény részletei
edit_event,Edit event,Ereignis bearbeiten,Esemény szerkesztése
delete_event,Delete event,Ereignis löschen,Esemény törlése
mark_completed,Mark completed,Als abgeschlossen markieren,Befejezettnek jelölés
calendar_accessibility_month,Monthly calendar view,Monatliche Kalenderansicht,Havi naptár nézet
calendar_accessibility_week,Weekly calendar view,Wöchentliche Kalenderansicht,Heti naptár nézet
calendar_accessibility_day,Daily calendar view,Tägliche Kalenderansicht,Napi naptár nézet
calendar_accessibility_timeline,Timeline calendar view,Zeitlinien Kalenderansicht,Idővonalas naptár nézet
category_created_by,Created by: {name},Erstellt von: {name},Létrehozta: {name}
category_edit_no_permission,Only the creator or family administrator can edit this category,Nur der Ersteller oder Familienadministrator kann diese Kategorie bearbeiten,Csak a létrehozó vagy családi adminisztrátor szerkesztheti ezt a kategóriát
category_delete_no_permission,Only the creator or family administrator can delete this category,Nur der Ersteller oder Familienadministrator kann diese Kategorie löschen,Csak a létrehozó vagy családi adminisztrátor törölheti ezt a kategóriát
category_permission_denied,Permission denied,Berechtigung verweigert,Nincs jogosultság
category_admin_or_creator_only,Only parent or creator can modify,Nur Elternteil oder Ersteller kann ändern,Csak szülő vagy létrehozó módosíthatja

databaseUnavailable,The server is currently unavailable. Please try again later.,Der Server ist derzeit nicht verfügbar. Bitte versuchen Sie es später erneut.,A szerver jelenleg nem elérhető. Kérjük próbálja meg később.
networkOfflineError,No internet connection. Please check your network settings.,Keine Internetverbindung. Bitte überprüfen Sie Ihre Netzwerkeinstellungen.,Nincs internetkapcsolat. Ellenőrizze a hálózati beállításokat.
authenticationError,Authentication error. Please check your credentials.,Authentifizierungsfehler. Bitte überprüfen Sie Ihre Anmeldedaten.,Bejelentkezési hiba. Ellenőrizze az adatokat.
connectionTimeout,Connection timed out. Please try again.,Verbindung unterbrochen. Bitte versuchen Sie es erneut.,A kapcsolat időtúllépés miatt megszakadt. Próbálja újra.
loginGeneralError,An error occurred during login. Please try again.,Ein Fehler ist bei der Anmeldung aufgetreten. Bitte versuchen Sie es erneut.,Hiba történt a bejelentkezés során. Próbálja újra.
errorDetails,Error Details,Fehlerdetails,Hiba részletei
errorCategory,Category,Kategorie,Kategória
debugInfo,Debug,Debug,Debug
originalErrorLabel,Original error,Ursprünglicher Fehler,Eredeti hiba
closeDialog,Close,Schließen,Bezárás


calendar_selected_date,Selected date,Ausgewähltes Datum,Kiválasztott dátum
calendar_today_button,Today,Heute,Mai nap
calendar_refresh,Refresh,Aktualisieren,Frissítés
calendar_tasks_for_day,Tasks - {date},Aufgaben - {date},Feladatok - {date}
calendar_no_tasks,No tasks on this day,Keine Aufgaben an diesem Tag,Nincsenek feladatok ezen a napon
calendar_offline_no_tasks,No tasks in offline mode,Keine Aufgaben im Offline-Modus,Offline módban nincsenek feladatok
calendar_offline_banner,Offline mode - Calendar data limited,Offline-Modus - Kalenderdaten begrenzt,Offline mód - Naptár adatok korlátozottak
calendar_offline_action_blocked,This feature is unavailable in offline mode,Diese Funktion ist im Offline-Modus nicht verfügbar,Offline módban ez a funkció nem elérhető


# Register page általános
registerTitle,Regisztráció,Register,Registrieren
registerAndJoin,Regisztráció és csatlakozás,Register and Join,Registrieren und Beitreten

# Meghívó kód
inviteCode,Meghívó kód,Invite Code,Einladungscode
inviteCodeHint,Add meg a kapott meghívó kódot,Enter the invite code you received,Geben Sie den erhaltenen Einladungscode ein
inviteCodeRequired,A meghívó kód nem lehet üres,Invite code cannot be empty,Einladungscode darf nicht leer sein
invalidInviteCode,Érvénytelen meghívó kód: {error},Invalid invite code: {error},Ungültiger Einladungscode: {error}
invalidInviteCodeMessage,Érvénytelen meghívó kód,Invalid invite code,Ungültiger Einladungscode
inviteCodeExpired,Ez a meghívó kód már nem érvényes,This invite code is no longer valid,Dieser Einladungscode ist nicht mehr gültig
inviteCheckError,Hiba történt a meghívó ellenőrzése közben,Error checking invite code,Fehler beim Überprüfen des Einladungscodes
checkInvite,Ellenőrzés,Check,Prüfen
joiningFamily,Csatlakozás: {familyName},Joining: {familyName},Beitritt: {familyName}

# Családhoz csatlakozás
joinFamilyWithInvite,Csatlakozás családhoz meghívó kóddal,Join family with invite code,Mit Einladungscode zur Familie beitreten
familyJoinSuccess,Sikeresen csatlakoztál a családhoz!,Successfully joined the family!,Erfolgreich der Familie beigetreten!
familyJoinError,Hiba a családhoz csatlakozás során: {error},Error joining family: {error},Fehler beim Beitritt zur Familie: {error}

# Hibaüzenetek
profileCreationError,Hiba a felhasználói fiók létrehozásakor. Kérjük próbálja meg újra más email címmel.,Error creating user account. Please try again with a different email.,Fehler beim Erstellen des Benutzerkontos. Bitte versuchen Sie es mit einer anderen E-Mail erneut.
registrationError,Regisztrációs hiba,Registration error,Registrierungsfehler
emailAlreadyRegistered,Ez az email cím már regisztrálva van. Kérjük jelentkezz be!,This email address is already registered. Please log in!,Diese E-Mail-Adresse ist bereits registriert. Bitte melde dich an!

# Egyéb
fullNameHint,Teljes neved (opcionális),Your full name (optional),Ihr vollständiger Name (optional)

myTasksOffline,My Tasks (Offline),Meine Aufgaben (Offline),Saját feladatok (Offline)
offlineModeOnlyCached,Offline mode - Only cached data available,Offline-Modus - Nur zwischengespeicherte Daten verfügbar,Offline mód - Csak cache-elt adatok érhetők el
offlineModeTasksReadonly,Tasks cannot be modified in offline mode,Aufgaben können im Offline-Modus nicht geändert werden,Offline módban a feladatok állapota nem módosítható
errorOccurred,An error occurred,Ein Fehler ist aufgetreten,Hiba történt
active,Active,Aktiv,Aktív
hidden,Hidden,Versteckt,Rejtett
hiddenCompleted,hidden completed,versteckte abgeschlossene,rejtett befejezett
inactive,INACTIVE,INAKTIV,INAKTÍV
today,Today,Heute,Ma
tomorrow,Tomorrow,Morgen,Holnap
yesterday,Yesterday,Gestern,Tegnap
daysAgo,{count} days ago,vor {count} Tagen,{count} napja lejárt
daysFromNow,in {count} days,in {count} Tagen,{count} nap múlva
noTasksToDisplay,No tasks to display,Keine Aufgaben anzuzeigen,Nincs megjeleníthető feladat
unnamedTask,Unnamed task,Unbenannte Aufgabe,Névtelen feladat
advancedFilters,Advanced Filters,Erweiterte Filter,Részletes szűrők
showCompleted,Show completed,Zeige abgeschlossene,Befejezettek mutatása
hideCompleted,Hide completed,Verberge abgeschlossene,Befejezettek elrejtése
sortBy,Sort by,Sortieren nach,Rendezés
sortByName,Name,Name,Név
sortByDueDate,Due date,Fälligkeitsdatum,Határidő
sortByPriority,Priority,Priorität,Prioritás

offlineModeTitle,Offline Mode,Offline-Modus,Offline mód
offlineModeRefreshUnavailable,Refresh is not available in offline mode,Aktualisierung ist im Offline-Modus nicht verfügbar,Offline módban a frissítés nem elérhető
offlineModeWarning,Offline Mode Warning,Offline-Modus Warnung,Offline mód figyelmeztetés
offlineModeLogoutConfirm,You are in offline simulation mode. Are you sure you want to log out?,Sie befinden sich im Offline-Simulationsmodus. Möchten Sie sich wirklich abmelden?,Offline szimulációs módban vagy. Biztosan ki szeretnél jelentkezni?
offlineModeNavigationLimited,Offline mode - Navigation available but limited functionality,Offline-Modus - Navigation verfügbar aber eingeschränkte Funktionalität,Offline mód - Navigáció elérhető de korlátozott funkciók


offlineModeTitle,Offline Mode,Offline-Modus,Offline mód
offlineModeRefreshUnavailable,Refresh is not available in offline mode,Aktualisierung ist im Offline-Modus nicht verfügbar,Offline módban a frissítés nem elérhető
offlineModeWarning,Offline Mode Warning,Offline-Modus Warnung,Offline mód figyelmeztetés
offlineModeLogoutConfirm,You are in offline simulation mode. Are you sure you want to log out?,Sie befinden sich im Offline-Simulationsmodus. Möchten Sie sich wirklich abmelden?,Offline szimulációs módban vagy. Biztosan ki szeretnél jelentkezni?
offlineModeNavigationLimited,Offline mode - Navigation available but limited functionality,Offline-Modus - Navigation verfügbar aber eingeschränkte Funktionalität,Offline mód - Navigáció elérhető de korlátozott funkciók
categories,Categories,Kategorien,Kategóriák
offlineModeActive,Offline mode active,Offline-Modus aktiv,Offline mód aktív
cachedDataDisplay,Showing cached data,Zwischengespeicherte Daten anzeigen,Cache-elt adatok megjelenítése
noCategoriesFound,No categories found,Keine Kategorien gefunden,Nincs kategória
createFirstCategory,Create your first category,Erstelle deine erste Kategorie,Hozd létre az első kategóriádat
newCategory,New Category,Neue Kategorie,Új kategória
editCategory,Edit Category,Kategorie bearbeiten,Kategória szerkesztése
categoryName,Category name,Kategoriename,Kategória neve
enterCategoryName,Enter category name,Kategoriename eingeben,Írd be a kategória nevét
optionalDescription,Optional description,Optionale Beschreibung,Opcionális leírás
makePrivate,Make private,Privat machen,Legyen privát
categoryColor,Category color,Kategoriefarbe,Kategória színe
activeTasks,Active tasks,Aktive Aufgaben,Aktív feladatok
completedTasks,Completed tasks,Abgeschlossene Aufgaben,Befejezett feladatok
deleteCategory,Delete category,Kategorie löschen,Kategória törlése
deleteCategoryConfirm,Are you sure you want to delete "{name}" category?,Möchten Sie die Kategorie "{name}" wirklich löschen?,Biztosan törölni szeretnéd a "{name}" kategóriát?
categoryCreated,Category created,Kategorie erstellt,Kategória létrehozva
categoryUpdated,Category updated,Kategorie aktualisiert,Kategória frissítve
categoryDeleted,Category deleted,Kategorie gelöscht,Kategória törölve
noPermissionEditCategory,You don't have permission to edit this category,Sie haben keine Berechtigung diese Kategorie zu bearbeiten,Nincs jogosultságod szerkeszteni ezt a kategóriát
cannotMakePrivate,Cannot make private,Kann nicht privat gemacht werden,Nem tehető privattá
categoryContainsPublicTasks,This category contains public tasks. Move or make them private first.,Diese Kategorie enthält öffentliche Aufgaben. Verschieben oder privat machen Sie sie zuerst.,Ez a kategória nyilvános feladatokat tartalmaz. Először ezeket privattá kell tenni vagy át kell helyezni őket másik kategóriába.
offlineNoOperations,Operations not available in offline mode,Operationen im Offline-Modus nicht verfügbar,Offline módban a műveletek nem elérhetők
offlineViewOnly,View only mode,Nur Ansichtsmodus,Csak megtekintés módban
selectCategoryToEdit,Select a category to edit,Wählen Sie eine Kategorie zum Bearbeiten,Válassz kategóriát a szerkesztéshez
invalidNumber,Invalid number,Ungültige Nummer,Érvénytelen szám
description,Description,Beschreibung,Leírás
sortOrder,Sort order,Sortierreihenfolge,Sorrend


calendar,Calendar,Kalender,Naptár
calendarView,Calendar view,Kalenderansicht,Naptár nézet
events,Events,Ereignisse,Események
noEvents,No events,Keine Ereignisse,Nincsenek események
eventDetails,Event details,Ereignisdetails,Esemény részletei
calendarMonthView,Month,Monat,Hónap
calendarWeekView,Week,Woche,Hét
calendarDayView,Day,Tag,Nap
calendarTimelineView,Timeline,Zeitlinie,Idővonal

// Hónapnevek
monthJanuary,January,Januar,Január
monthFebruary,February,Februar,Február
monthMarch,March,März,Március
monthApril,April,April,Április
monthMay,May,Mai,Május
monthJune,June,Juni,Június
monthJuly,July,Juli,Július
monthAugust,August,August,Augusztus
monthSeptember,September,September,Szeptember
monthOctober,October,Oktober,Október
monthNovember,November,November,November
monthDecember,December,Dezember,December

// Rövid hónapnevek
monthJanShort,Jan,Jan,Jan
monthFebShort,Feb,Feb,Feb
monthMarShort,Mar,Mär,Már
monthAprShort,Apr,Apr,Ápr
monthMayShort,May,Mai,Máj
monthJunShort,Jun,Jun,Jún
monthJulShort,Jul,Jul,Júl
monthAugShort,Aug,Aug,Aug
monthSepShort,Sep,Sep,Sze
monthOctShort,Oct,Okt,Okt
monthNovShort,Nov,Nov,Nov
monthDecShort,Dec,Dez,Dec

// Napok
dayMonday,Monday,Montag,Hétfő
dayTuesday,Tuesday,Dienstag,Kedd
dayWednesday,Wednesday,Mittwoch,Szerda
dayThursday,Thursday,Donnerstag,Csütörtök
dayFriday,Friday,Freitag,Péntek
daySaturday,Saturday,Samstag,Szombat
daySunday,Sunday,Sonntag,Vasárnap

// Rövid napnevek
dayMonShort,Mon,Mo,H
dayTueShort,Tue,Di,K
dayWedShort,Wed,Mi,Sze
dayThuShort,Thu,Do,Cs
dayFriShort,Fri,Fr,P
daySatShort,Sat,Sa,Szo
daySunShort,Sun,So,V

// Dátumválasztó
selectDate,Select date,Datum auswählen,Dátum kiválasztása
selectYear,Select year,Jahr auswählen,Év kiválasztása
selectMonth,Select month,Monat auswählen,Hónap kiválasztása
selectDay,Select day,Tag auswählen,Nap kiválasztása
jumpToDate,Jump to date,Zum Datum springen,Ugrás dátumhoz
goToToday,Go to today,Zu heute gehen,Ugrás a mai napra
year,Year,Jahr,Év
month,Month,Monat,Hónap
day,Day,Tag,Nap

profileImageSection,Profile Picture,Profilbild,Profilkép
premiumSubscription,Premium Subscription,Premium-Abonnement,Prémium előfizetés
activeSubscription,Active Subscription,Aktives Abonnement,Aktív előfizetés
unlockAllFeatures,Unlock all features,Alle Funktionen freischalten,Használd ki az összes funkciót
developerTools,Developer Tools,Entwickler-Tools,Fejlesztői Eszközök
offlineModeNoSave,Cannot save in offline mode,Im Offline-Modus kann nicht gespeichert werden,Offline módban nem menthető

families,Families,Familien,Családok
familiesManagement,Family Management,Familienverwaltung,Családok kezelése
offlineFamiliesManagement,Offline Family Management,Offline Familienverwaltung,Offline családok kezelése
offlineModeViewOnly,Offline mode - View only mode no modifications possible,Offline-Modus - Nur Ansichtsmodus keine Änderungen möglich,Offline mód - Csak megtekintési mód módosítások nem lehetségesek
noFamilyYet,You don't have a family yet. Create one or join an existing one!,Du hast noch keine Familie. Erstelle eine oder tritt einer bestehenden bei!,Még nincs családod. Hozz létre egyet vagy csatlakozz egy meglévőhöz!
offlineNoFamilies,No families available in offline mode,Im Offline-Modus sind keine Familien verfügbar,Offline módban nincsenek elérhető családok
familySettings,Family Settings,Familieneinstellungen,Család beállítások
familySettingsDesc,Manage family settings,Familieneinstellungen verwalten,Család beállításainak kezelése
familyMembersManagement,Member and Permission Management,Mitglieder- und Berechtigungsverwaltung,Tagok és jogosultságok kezelése
invitesManagement,Invite Management,Einladungsverwaltung,Meghívók kezelése
invitesManagementDesc,Create and manage invites,Einladungen erstellen und verwalten,Meghívók létrehozása és kezelése
offlineNotEditable,Not editable in offline mode,Im Offline-Modus nicht bearbeitbar,Offline módban nem szerkeszthető
offlineNotAvailable,Not available in offline mode,Im Offline-Modus nicht verfügbar,Offline módban nem elérhető
viewOnlyMode,View only mode available,Nur Ansichtsmodus verfügbar,Csak megtekintési mód elérhető
offlineInvites,Offline Invites,Offline Einladungen,Offline meghívók
offlineFamiliesNotAvailable,Families not available in offline mode,Familien im Offline-Modus nicht verfügbar,Offline módban a családok nem érhetők el
offlineFamilySettingsNotEditable,Family settings cannot be edited in offline mode,Familieneinstellungen können im Offline-Modus nicht bearbeitet werden,Offline módban a család beállítások nem szerkeszthetők
offlineInvitesNotAvailable,Invite management not available in offline mode,Einladungsverwaltung im Offline-Modus nicht verfügbar,Offline módban a meghívók kezelése nem elérhető

key,en,de,hu
settings,Settings,Einstellungen,Beállítások
darkMode,Dark Mode,Dunkles Thema,Sötét mód
lightMode,Light Mode,Helles Thema,Világos mód
systemTheme,System Theme,System-Thema,Rendszer téma
appTitle,Task Manager,Aufgabenmanager,Feladatkezelő
loginTitle,Login,Anmelden,Bejelentkezés
registerTitle,Register,Registrieren,Regisztráció
homeTitle,Home,Startseite,Főoldal
tasksTitle,Tasks,Aufgaben,Feladatok
categoriesTitle,Categories,Kategorien,Kategóriák
newTaskTitle,New Task,Neue Aufgabe,Új feladat
taskDetailsTitle,Task Details,Aufgabendetails,Feladat részletei
user,User,Benutzer,Felhasználó
registerSuccess,Registration successful! Please confirm your email.,Registrierung erfolgreich! Bitte bestätige deine E-Mail.,Sikeres regisztráció! Kérjük erősítsd meg az email címedet.
creating,Creating,Erstelle,Létrehozás
noUserLoggedIn,No user is logged in,Kein Benutzer ist angemeldet,Nincs bejelentkezett felhasználó
refresh,Refresh,Aktualisieren,Frissítés
createNewCategory,Create New Category,Neue Kategorie erstellen,Új kategória létrehozása
editCategory,Edit Category,Kategorie bearbeiten,Kategória szerkesztése
noCategories,No categories yet,Noch keine Kategorien,Nincsenek kategóriák
email,Email,E-Mail,Email cím
emailHint,Enter your email,Gib deine E-Mail-Adresse ein,Add meg az email címed
emailRequired,Email is required,E-Mail ist erforderlich,Az email cím megadása kötelező
emailInvalid,Invalid email format,Ungültiges E-Mail-Format,Érvénytelen email formátum
password,Password,Passwort,Jelszó
passwordHint,Enter your password,Gib dein Passwort ein,Add meg a jelszavad
passwordRequired,Password is required,Passwort ist erforderlich,A jelszó megadása kötelező
passwordTooShort,Password must be at least 6 characters,Passwort muss mindestens 6 Zeichen lang sein,A jelszó legalább 6 karakter hosszú legyen
passwordNeedsDigit,Password must contain a digit,Passwort muss mindestens eine Ziffer enthalten,A jelszónak tartalmaznia kell számot
confirmPassword,Confirm Password,Passwort bestätigen,Jelszó megerősítése
passwordsDontMatch,Passwords don't match,Passwörter stimmen nicht überein,A jelszavak nem egyeznek
fullName,Full Name,Vollständiger Name,Teljes név
fullNameHint,Enter your full name,Gib deinen vollständigen Namen ein,Add meg a teljes neved
fullNameRequired,Full name is required,Vollständiger Name ist erforderlich,A név megadása kötelező
login,Login,Anmelden,Bejelentkezés
register,Register,Registrieren,Regisztráció
logout,Logout,Abmelden,Kijelentkezés
save,Save,Speichern,Mentés
cancel,Cancel,Abbrechen,Mégse
delete,Delete,Löschen,Törlés
edit,Edit,Bearbeiten,Szerkesztés
create,Create,Erstellen,Létrehozás
update,Update,Aktualisieren,Frissítés
forgotPassword,Forgot Password?,Passwort vergessen?,Elfelejtett jelszó?
noAccount,Don't have an account? Register!,Noch kein Konto? Registrieren!,Még nincs fiókod? Regisztrálj!
hasAccount,Already have an account? Login!,Bereits ein Konto? Anmelden!,Már van fiókod? Jelentkezz be!
selectOption,Select an option:,Wähle eine Option:,Válassz az alábbi lehetőségek közül:
taskName,Task Name,Aufgabenname,Feladat neve
taskNameHint,Enter task name,Aufgabenname eingeben,Add meg a feladat nevét
taskNameRequired,Task name is required,Aufgabenname ist erforderlich,A feladat neve kötelező
category,Category,Kategorie,Kategória
selectCategory,Select category,Kategorie auswählen,Válassz kategóriát
noCategory,No category,Keine Kategorie,Nincs kategória
categoryName,Category Name,Kategoriename,Kategória neve
categoryNameHint,Enter category name,Kategoriename eingeben,Add meg a kategória nevét
categoryNameRequired,Category name is required,Kategoriename ist erforderlich,A kategória neve kötelező
categoryDescription,Description (optional),Beschreibung (optional),Leírás (opcionális)
privateTask,Private Task,Private Aufgabe,Privát feladat
privateTaskDescription,If checked only you can see this task,Wenn aktiviert kannst nur du diese Aufgabe sehen,Ha be van jelölve csak te láthatod ezt a feladatot
privateCategory,Private Category,Private Kategorie,Privát kategória
privateCategoryDescription,Private categories are not visible to family members,Private Kategorien sind für Familienmitglieder nicht sichtbar,A privát kategória nem látható a családtagok számára
taskCreated,Task created successfully,Aufgabe erfolgreich erstellt,Feladat sikeresen létrehozva
taskUpdated,Task updated successfully,Aufgabe erfolgreich aktualisiert,Feladat sikeresen frissítve
taskDeleted,Task deleted successfully,Aufgabe erfolgreich gelöscht,Feladat sikeresen törölve
categoryCreated,Category created successfully,Kategorie erfolgreich erstellt,Kategória sikeresen létrehozva
categoryUpdated,Category updated successfully,Kategorie erfolgreich aktualisiert,Kategória sikeresen módosítva
categoryDeleted,Category deleted successfully,Kategorie erfolgreich gelöscht,Kategória sikeresen törölve
error,Error,Fehler,Hiba
generalError,An error occurred,Ein Fehler ist aufgetreten,Hiba történt
connectionError,Connection error,Verbindungsfehler,Kapcsolódási hiba
tryAgain,Try Again,Erneut versuchen,Újrapróbálkozás
status,Status,Status,Státusz
inProgress,In Progress,In Bearbeitung,Folyamatban
completed,Completed,Abgeschlossen,Befejezve
visibility,Visibility,Sichtbarkeit,Láthatóság
private,Private,Privat,Privát
public,Public,Öffentlich,Nyilvános
creationDate,Creation Date,Erstellungsdatum,Létrehozás dátuma
userId,User ID,Benutzer-ID,Felhasználói azonosító
myTasks,My Tasks,Meine Aufgaben,Saját feladatok
familyTasks,Family Tasks,Familienaufgaben,Családi feladatok
noTasks,No tasks yet,Noch keine Aufgaben,Még nincsenek feladatok
noMyTasks,You don't have any tasks yet,Du hast noch keine Aufgaben,Még nincsenek saját feladataid
noFamilyTasks,There are no family tasks yet,Es gibt noch keine Familienaufgaben,Még nincsenek családi feladatok
acceptTerms,I accept the terms and conditions,Ich akzeptiere die Geschäftsbedingungen,Elfogadom a feltételeket és az adatvédelmi irányelveket
termsRequired,You must accept the terms and conditions,Du musst die Geschäftsbedingungen akzeptieren,A feltételek elfogadása kötelező a regisztrációhoz
theme,Theme,Thema,Téma
language,Language,Sprache,Nyelv
changeLanguage,Change Language,Sprache ändern,Nyelv váltása
english,English,Englisch,Angol
german,German,Deutsch,Német
hungarian,Hungarian,Ungarisch,Magyar
deleteConfirmation,Confirm Delete,Löschen bestätigen,Törlés megerősítése
deleteTaskConfirmation,Are you sure you want to delete this task?,Möchtest du diese Aufgabe wirklich löschen?,Biztosan törölni szeretnéd ezt a feladatot?
editProfile,Edit Profile,Profil bearbeiten,Profil szerkesztése
profileUpdated,Profile updated successfully,Profil erfolgreich aktualisiert,Profil sikeresen frissítve
profileLoadError,Failed to load profile data.,Fehler beim Laden der Profildaten.,Nem sikerült betölteni a profil adatokat.
personalData,Personal Data,Persönliche Daten,Személyes adatok
displayName,Display Name,Anzeigename,Megjelenítési név
displayNameRequired,Display name is required,Anzeigename ist erforderlich,A megjelenítési név megadása kötelező
birthDate,Birth Date,Geburtsdatum,Születési dátum
gender,Gender,Geschlecht,Nem
selectGender,Select gender,Geschlecht auswählen,Válassz nemet
male,Male,Männlich,Férfi
female,Female,Weiblich,Nő
other,Other,Andere,Egyéb
preferNotToSay,Prefer not to say,Keine Angabe,Nem szeretném megadni
residenceCity,Residence City,Wohnort,Lakóhely
dateTimeSettings,Date and Time Settings,Datums- und Zeiteinstellungen,Dátum és idő beállítások
dateFormat,Date Format,Datumsformat,Dátum formátum
timeFormat,Time Format,Zeitformat,Idő formátum
selectFormat,Select format,Format auswählen,Válassz formátumot
format24h,24-hour format (e.g. 14:30),24-Stunden-Format (z.B. 14:30),24 órás (pl. 14:30)
format12h,12-hour format (e.g. 2:30 PM),12-Stunden-Format (z.B. 2:30 PM),12 órás (pl. 2:30 PM)
timezone,Timezone,Zeitzone,Időzóna
selectTimezone,Select timezone,Zeitzone auswählen,Válassz időzónát
budapestTimezone,Central European Time (Budapest),Mitteleuropäische Zeit (Budapest),Közép-európai idő (Budapest)
londonTimezone,Greenwich Mean Time (London),Greenwich-Normalzeit (London),Greenwich-i középidő (London)
newYorkTimezone,Eastern Time (New York),Ostküstenzeit (New York),Keleti parti idő (New York)
losAngelesTimezone,Pacific Time (Los Angeles),Pazifikzeit (Los Angeles),Csendes-óceáni idő (Los Angeles)
tokyoTimezone,Japan Time (Tokyo),Japanische Zeit (Tokio),Japán idő (Tokió)
taskSettings,Task Settings,Aufgabeneinstellungen,Feladat beállítások
taskSortOrder,Task Sort Order,Aufgaben-Sortierreihenfolge,Feladatok rendezése
selectSortOrder,Select sort order,Sortierreihenfolge auswählen,Válassz rendezési sorrendet
byDueDate,By due date,Nach Fälligkeitsdatum,Határidő szerint
byPriority,By priority,Nach Priorität,Prioritás szerint
byCreationDate,By creation date,Nach Erstellungsdatum,Létrehozás szerint
byTitle,By title,Nach Titel,Cím szerint
readOnlyInformation,Read-only Information,Schreibgeschützte Informationen,Csak olvasható információk
created,Created,Erstellt,Létrehozva
updated,Updated,Aktualisiert,Frissítve
notSpecified,Not specified,Nicht angegeben,Nincs megadva
profilePicture,Profile Picture,Profilbild,Profilkép
changeProfilePicture,Change Profile Picture,Profilbild ändern,Profilkép módosítása
selectFromGallery,Select from Gallery,Aus Galerie auswählen,Kiválasztás a galériából
takePhoto,Take Photo,Foto aufnehmen,Fénykép készítése
removePhoto,Remove Photo,Foto entfernen,Fénykép eltávolítása
profilePictureUpdated,Profile picture updated successfully,Profilbild erfolgreich aktualisiert,Profilkép sikeresen frissítve
profilePictureRemoved,Profile picture removed successfully,Profilbild erfolgreich entfernt,Profilkép sikeresen eltávolítva
profilePictureUploadError,Error uploading profile picture,Fehler beim Hochladen des Profilbilds,Hiba a profilkép feltöltésekor
dangerZone,Danger Zone,Gefahrenbereich,Veszélyes műveletek
deleteAccount,Delete Account,Konto löschen,Fiók törlése
deleteAccountButton,Delete Account,Konto löschen,Fiók törlése
deleteAccountExplanation,Deleting your account will remove your profile and related data. If you are the only member in your family all data you created will be deleted. If there are other family members your private data will become shared with them.,Das Löschen deines Kontos entfernt dein Profil und zugehörige Daten. Wenn du das einzige Mitglied deiner Familie bist werden alle von dir erstellten Daten gelöscht. Wenn es andere Familienmitglieder gibt werden deine privaten Daten mit ihnen geteilt.,A fiók törlésével a profilod és az ahhoz kapcsolódó adatok törlődnek. Ha te vagy az egyetlen tag a családodban minden általad létrehozott adat törlődni fog. Ha vannak más családtagok is a privát adataid megosztottá válnak velük.
delayedDeletion,30-day delayed deletion,30-Tage verzögerte Löschung,30 napos késleltetett törlés
delayedDeletionDescription,Your account will be deleted after 30 days. You can cancel the deletion request within this period.,Dein Konto wird nach 30 Tagen gelöscht. Du kannst die Löschung innerhalb dieses Zeitraums zurückziehen.,A fiókod 30 nap múlva törlődik. Ezen időszakon belül visszavonhatod a törlési kérelmet.
immediateDeletion,Immediate deletion,Sofortige Löschung,Azonnali törlés
immediateDeletionDescription,Your account and all related data will be deleted immediately. This action cannot be undone!,Dein Konto und alle zugehörigen Daten werden sofort gelöscht. Diese Aktion kann nicht rückgängig gemacht werden!,A fiókod és minden kapcsolódó adat azonnal törlődik. Ez a művelet nem vonható vissza!
confirmDeletion,I acknowledge that my profile and data will be deleted,Ich bestätige dass mein Profil und meine Daten gelöscht werden,Tudomásul veszem hogy a profilom és az adataim törlődni fognak
confirmDeleteRequired,Please confirm the deletion by checking the acknowledgement box,Bitte bestätige die Löschung durch Aktivieren des Bestätigungskästchens,Kérlek erősítsd meg a fiók törlését a jelölőnégyzet bejelölésével
immediateDeleteButton,Delete Account Immediately,Konto sofort löschen,Fiók azonnali törlése
permanentDelete,Permanent Delete,Dauerhaft löschen,Végleges törlés
immediateDeleteConfirmText,Are you sure you want to delete your account IMMEDIATELY? This action CANNOT BE undone and all your data will be deleted immediately! If you are the only member in your family all data you created will be deleted. If there are other family members your private data will become shared with them.,Möchtest du dein Konto SOFORT löschen? Diese Aktion kann NICHT RÜCKGÄNGIG gemacht werden und alle deine Daten werden sofort gelöscht! Wenn du das einzige Mitglied deiner Familie bist werden alle von dir erstellten Daten gelöscht. Wenn es andere Familienmitglieder gibt werden deine privaten Daten mit ihnen geteilt.,Biztosan AZONNAL törölni szeretnéd a fiókodat? Ez a művelet NEM VISSZAVONHATÓ és az összes adatod azonnal törlődik! Ha te vagy az egyetlen tag a családodban minden általad létrehozott adat törlődni fog. Ha más családtagok is vannak a privát adataid megosztottá válnak velük.
delayedDeleteConfirmText,Are you sure you want to delete your account? The deletion process will take 30 days during which you can cancel the deletion request. If you are the only member in your family all data you created will be deleted. If there are other family members your private data will become shared with them.,Möchtest du dein Konto löschen? Der Löschvorgang dauert 30 Tage während derer du die Löschung zurückziehen kannst. Wenn du das einzige Mitglied deiner Familie bist werden alle von dir erstellten Daten gelöscht. Wenn es andere Familienmitglieder gibt werden deine privaten Daten mit ihnen geteilt.,Biztosan törölni szeretnéd a fiókodat? A törlési folyamat 30 napig tart ez idő alatt visszavonhatod a törlési kérelmet. Ha te vagy az egyetlen tag a családodban minden általad létrehozott adat törlődni fog. Ha más családtagok is vannak a privát adataid megosztottá válnak velük.
accountDeletedSuccess,Your account has been deleted.,Dein Konto wurde gelöscht.,Fiókod törölve lett.
accountDeleteScheduledSuccess,Account deletion in progress. Your account will be permanently deleted after 30 days.,Kontolöschung in Bearbeitung. Dein Konto wird nach 30 Tagen dauerhaft gelöscht.,Fiók törlése folyamatban. Fiókod 30 nap múlva törlődik véglegesen.
accountDeleteError,Error deleting account,Fehler beim Löschen des Kontos,Hiba a fiók törlése során
accountScheduledForDeletion,Your account is scheduled for deletion,Dein Konto ist zur Löschung vorgemerkt,Fiókod törlésre vár
accountDeletionExplanation,Your account is scheduled for deletion. If you don't cancel the deletion your account and data will be automatically deleted on the scheduled date.,Dein Konto ist zur Löschung vorgemerkt. Wenn du die Löschung nicht abbrichst werden dein Konto und deine Daten am geplanten Datum automatisch gelöscht.,Fiókod törlésre van ütemezve. Ha nem vonod vissza a törlést fiókod és adataid automatikusan törlésre kerülnek a megadott dátumkor.
deletionRequested,Deletion requested,Löschung beantragt,Törlés kérve
deletionScheduled,Deletion scheduled,Löschung geplant,Törlés végrehajtása
daysRemaining,Days remaining,Verbleibende Tage,Hátralévő idő
cancelDeletion,Cancel Deletion Request,Löschantrag zurückziehen,Törlési kérelem visszavonása
deletionCancelled,Deletion request successfully cancelled,Löschantrag erfolgreich zurückgezogen,Törlési kérelem sikeresen visszavonva
deletionCancelError,Error cancelling deletion request,Fehler beim Zurückziehen des Löschantrags,Hiba történt a törlési kérelem visszavonása közben
deletionStatusError,Error checking deletion status,Fehler beim Prüfen des Löschstatus,Hiba történt a törlési állapot lekérdezésekor
publicCategory,Public Category,Öffentliche Kategorie,Nyilvános kategória
privateTaskWarning,This task is public but belongs to a private category so it will not be visible to others,Diese Aufgabe ist öffentlich gehört aber zu einer privaten Kategorie und ist daher für andere nicht sichtbar,Ez a feladat nyilvános de privát kategóriához tartozik így mások számára nem lesz látható
categoryVisibility,Category Visibility,Kategoriesichtbarkeit,Kategória láthatósága
reminderTitle,Task Reminder,Aufgaben-Erinnerung,Feladat emlékeztető
reminderForTask,Reminder for: {taskName},Erinnerung für: {taskName},Emlékeztető: {taskName}
enableNotifications,Enable notifications,Benachrichtigungen aktivieren,Értesítések bekapcsolása
disableNotifications,Disable notifications,Benachrichtigungen deaktivieren,Értesítések kikapcsolása
notificationsEnabled,Notifications enabled,Benachrichtigungen aktiviert,Értesítések bekapcsolva
notificationsDisabled,Notifications disabled,Benachrichtigungen deaktiviert,Értesítések kikapcsolva
reminderSetFor,Reminder set for {dateTime},Erinnerung eingestellt für {dateTime},Emlékeztető beállítva: {dateTime}
loginFailed,Login Failed,Anmeldung fehlgeschlagen,Sikertelen bejelentkezés
invalidCredentials,Invalid username or password. Please try again.,Ungültiger Benutzername oder Passwort. Bitte versuchen Sie es erneut.,Érvénytelen felhasználónév vagy jelszó. Kérjük, próbáld újra.
forgotPasswordQuestion,Did you forget your password?,Haben Sie Ihr Passwort vergessen?,Elfelejtetted a jelszavadat?
resetPassword,Reset Password,Passwort zurücksetzen,Jelszó visszaállítása
resetPasswordDescription,Enter your email address and we will send you a link to reset your password.,Geben Sie Ihre E-Mail-Adresse ein und wir senden Ihnen einen Link zum Zurücksetzen Ihres Passworts.,Add meg az e-mail címed, és küldünk egy linket a jelszavad visszaállításához.
sendResetLink,Send Reset Link,Link zum Zurücksetzen senden,Visszaállító link küldése
resetLinkSent,Reset Link Sent,Link zum Zurücksetzen gesendet,Visszaállító link elküldve
resetLinkSentDescription,We've sent a password reset link to {email}. Please check your inbox.,Wir haben einen Link zum Zurücksetzen des Passworts an {email} gesendet. Bitte überprüfen Sie Ihren Posteingang.,Elküldtünk egy jelszó-visszaállító linket a következő címre: {email}. Kérjük, ellenőrizd a beérkező üzeneteidet.
resetPasswordFailed,Password Reset Failed,Passwort zurücksetzen fehlgeschlagen,Jelszó visszaállítása sikertelen
ok,OK,OK,Rendben
mobilePermissions,Mobile Permissions,Mobile Berechtigungen,Mobil engedélyek
notificationPermissions,Notification Permissions,Benachrichtigungsberechtigung,Értesítési engedélyek
permissionsCheck,Checking Permissions...,Berechtigungen überprüfen...,Engedélyek ellenőrzése...
exactAlarms,Exact Alarms,Genaue Alarme,Pontos riasztások
enabled,Enabled,Aktiviert,Engedélyezve
notEnabled,Not Enabled,Nicht aktiviert,Nincs engedélyezve
enablePermission,Enable,Aktivieren,Engedélyezés
allSettings,All Settings,Alle Einstellungen,Összes beállítás
androidOnlyFeature,This feature is only available on Android platform.,Diese Funktion ist nur auf der Android-Plattform verfügbar.,Ez a funkció csak Android platformon érhető el.
permissionsMissing,Missing Notification Permissions,Fehlende Benachrichtigungsberechtigungen,Értesítési engedélyek hiányoznak
permissionsDescription,Notification and exact alarm permissions are necessary for the app to function properly.,Benachrichtigungs- und genaue Alarmberechtigung sind für die ordnungsgemäße Funktion der App erforderlich.,Az értesítések és pontos riasztások engedélyezése szükséges az alkalmazás megfelelő működéséhez.
notificationSettings,Notification Settings,Benachrichtigungseinstellungen,Értesítési beállítások
exactAlarmSettings,Exact Alarm Settings,Einstellungen für genaue Alarme,Pontos riasztás beállítások
appSettings,App Settings,App-Einstellungen,App beállítások
close,Close,Schließen,Bezárás
quickView,Quick View,Schnellansicht,Gyors betekintés
detailedEdit,Detailed Edit,Detaillierte Bearbeitung,Részletes szerkesztés
taskActions,Task Actions,Aufgabenaktionen,Feladat műveletek
useDeviceSettings,Use device settings,Geräteeinstellungen verwenden,Eszköz beállítások használata
customSettings,Custom settings,Benutzerdefinierte Einstellungen,Egyéni beállítások
dateFormat_yyyyMMdd,YYYY.MM.DD,JJJJ.MM.TT,ÉÉÉÉ.HH.NN
dateFormat_ddMMyyyy,DD.MM.YYYY,TT.MM.JJJJ,NN.HH.ÉÉÉÉ
dateFormat_mmDdYyyy,MM.DD.YYYY,MM.TT.JJJJ,HH.NN.ÉÉÉÉ
dateFormatExample,Format example,Format Beispiel,Formátum példa
currentSetting,Current setting,Aktuelle Einstellung,Jelenlegi beállítás
preview,Preview,Vorschau,Előnézet
today,Today,Heute,Ma
tomorrow,Tomorrow,Morgen,Holnap
yesterday,Yesterday,Gestern,Tegnap
formatSettings,Format Settings,Format-Einstellungen,Formátum beállítások
chooseFormat,Choose format,Format wählen,Formátum választása
selectDateFormat,Select date format,Datumsformat auswählen,Dátum formátum kiválasztása
selectTimeFormat,Select time format,Zeitformat auswählen,Idő formátum kiválasztása
invalidDateFormat,Invalid date format,Ungültiges Datumsformat,Érvénytelen dátum formátum
dateParseError,Could not parse date,Datum konnte nicht analysiert werden,Nem sikerült a dátum értelmezése
dateFormatHelp,Choose how dates should be displayed throughout the app,Wählen Sie aus wie Daten in der App angezeigt werden sollen,Válaszd ki hogy jelenjenek meg a dátumok az alkalmazásban
timeFormatHelp,Choose between 12-hour and 24-hour time display,Wählen Sie zwischen 12-Stunden- und 24-Stunden-Zeitanzeige,Válassz a 12 órás és 24 órás időformátum között
commandDateHelp,Use #MMDD or #DDMM for due dates,Verwende #MMTT oder #TTMM für Fälligkeitsdaten,Használj #HHNN vagy #NNHH határidőkhöz
commandDateExample,Example: #0315 for March 15th,Beispiel: #0315 für 15. März,Példa: #0315 március 15-re
auto_save_title,Auto-Save,Automatisches Speichern,Automatikus mentés
auto_save_status,Auto-Save Status,Auto-Save Status,Auto-Save állapot
auto_save_active,Active,Aktiv,Aktív
auto_save_inactive,Inactive,Inaktiv,Inaktív
auto_save_saving,Saving...,Speichern...,Mentés...
auto_save_saved,Saved,Gespeichert,Mentve
auto_save_error,Save Error,Speicherfehler,Mentési hiba
auto_save_retry,Retrying...,Wiederholung...,Újrapróbálkozás...
auto_save_force,Force Save,Sofort speichern,Azonnali mentés
auto_save_last_save,Last saved,Zuletzt gespeichert,Utoljára mentve
auto_save_never,Never,Nie,Soha
auto_save_seconds_ago,{count}s ago,vor {count}s,{count}s ezelőtt
auto_save_minutes_ago,{count}m ago,vor {count}m,{count}m ezelőtt
auto_save_hours_ago,{count}h ago,vor {count}h,{count}h ezelőtt
auto_save_success_rate,Success Rate,Erfolgsrate,Sikeres arány
auto_save_total_attempts,Total Attempts,Versuche gesamt,Összes kísérlet
auto_save_successful_saves,Successful Saves,Erfolgreiche Speicherungen,Sikeres mentések
auto_save_failed_saves,Failed Saves,Fehlgeschlagene Speicherungen,Sikertelen mentések
auto_save_stats,Save Statistics,Speicher-Statistiken,Mentési statisztikák
auto_save_debounce_info,Changes are saved automatically after 500ms delay,Änderungen werden automatisch nach 500ms Verzögerung gespeichert,A változások 500ms késleltetés után automatikusan mentődnek
auto_save_local_storage,Local Storage,Lokaler Speicher,Helyi tárolás
auto_save_cloud_storage,Cloud Storage,Cloud-Speicher,Felhő tárolás
auto_save_sync_success,Synced successfully,Erfolgreich synchronisiert,Sikeresen szinkronizálva
auto_save_sync_failed,Sync failed,Synchronisation fehlgeschlagen,Szinkronizálás sikertelen
auto_save_refresh_status,Refresh Status,Status aktualisieren,Állapot frissítése
auto_save_debug_info,Debug Information,Debug-Informationen,Debug információk
auto_save_test_rapid_changes,Test Rapid Changes,Test schnelle Änderungen,Gyors változások teszt
auto_save_test_format_cycle,Test Format Cycle,Test Format-Zyklus,Formátum ciklus teszt
auto_save_test_time_toggle,Test Time Toggle,Test Zeit-Umschaltung,Idő váltás teszt
auto_save_manual_controls,Manual Controls,Manuelle Steuerung,Manuális vezérlés
auto_save_quick_tests,Quick Tests,Schnelltests,Gyors tesztek
auto_save_actions,Actions,Aktionen,Műveletek
auto_save_current_settings,Current Settings,Aktuelle Einstellungen,Jelenlegi beállítások
auto_save_change_counter,Changes made,Anzahl Änderungen,Változtatások száma
auto_save_format_changed,Format changed! Auto-save in 500ms.,Format geändert! Auto-Save in 500ms.,Formátum váltva! Auto-save 500ms múlva.
auto_save_rapid_test_started,Rapid changes test started...,Schnelle Änderungen Test gestartet...,Gyors változások teszt indítása...
auto_save_rapid_test_finished,Rapid changes done! Only the last change will be saved.,Schnelle Änderungen fertig! Nur die letzte Änderung wird gespeichert.,Gyors változások kész! Csak az utolsó mentődik el.
auto_save_welcome_title,Auto-Save System,Auto-Save System,Auto-Save rendszer
auto_save_welcome_subtitle,Welcome to the Auto-Save test application!,Willkommen in der Auto-Save Testanwendung!,Üdvözlünk az Auto-Save teszt alkalmazásban!
auto_save_feature_automatic,Automatic saving,Automatisches Speichern,Automatikus mentés
auto_save_feature_debounce,Debounce logic,Debounce-Logik,Debounce logika
auto_save_feature_retry,Retry mechanism,Wiederholungsmechanismus,Újrapróbálkozási mechanizmus
auto_save_feature_hybrid,Hybrid storage,Hybride Speicherung,Hibrid tárolás
auto_save_feature_monitoring,Real-time monitoring,Echtzeit-Überwachung,Valós idejű monitoring
auto_save_instructions_title,Testing Instructions,Testanweisungen,Tesztelési útmutató
auto_save_launch_test,LAUNCH TEST,TEST STARTEN,TESZT INDÍTÁSA
auto_save_console_tip,Tip: Open the console to view debug messages,Tipp: Öffnen Sie die Konsole für Debug-Nachrichten,Tipp: Nyisd meg a konzolt a debug üzenetek megtekintéséhez
commandParser_invalidDate,Invalid date format: #{0},Ungültiges Datumsformat: #{0},Érvénytelen dátum formátum: #{0}
commandParser_dateParsingError,Date parsing error: #{0},Datum-Analysefehler: #{0},Dátum elemzési hiba: #{0}
commandParser_ambiguousDate,Ambiguous date: #{0} {1},Mehrdeutiges Datum: #{0} {1},Kétértelmű dátum: #{0} {1}
commandParser_invalidPriority,Invalid priority: {0} (must be 1-3),Ungültige Priorität: {0} (muss 1-3 sein),Érvénytelen prioritás: {0} (1-3 között kell lennie)
commandParser_invalidPercentage,Invalid percentage: {0}% (must be 0-100),Ungültiger Prozentsatz: {0}% (muss 0-100 sein),Érvénytelen százalék: {0}% (0-100 között kell lennie)
commandParser_unknownStatus,Unknown status: {0},Unbekannter Status: {0},Ismeretlen státusz: {0}
commandParser_noCommands,No commands found,Keine Befehle gefunden,Nincsenek parancsok
commandParser_typeTaskTitle,Type a task title...,Geben Sie einen Aufgabentitel ein...,Írj be egy feladat címet...
commandParser_parsingPreview,Parsing preview,Parsing-Vorschau,Elemzési előnézet
commandParser_commandsFound,{0} commands found,{0} Befehle gefunden,{0} parancs találva
commandParser_warningsFound,{0} warnings found,{0} Warnungen gefunden,{0} figyelmeztetés találva
commandParser_dateExample_christmas,December 25 (Christmas),25. Dezember (Weihnachten),December 25 (karácsony)
commandParser_dateExample_newYear,January 1 (New Year),1. Januar (Neujahr),Január 1 (újév)
commandParser_dateExample_marchFifteenth,March 15,15. März,Március 15
commandParser_dateExample_dayMonth,day.month,Tag.Monat,nap.hónap
commandParser_dateExample_monthDay,month.day,Monat.Tag,hónap.nap
commandParser_priorityHigh,High priority,Hohe Priorität,Magas prioritás
commandParser_priorityMedium,Medium priority,Mittlere Priorität,Közepes prioritás  
commandParser_priorityLow,Low priority,Niedrige Priorität,Alacsony prioritás
commandParser_statusActive,Active,Aktiv,Aktív
commandParser_statusDraft,Draft,Entwurf,Vázlat
commandParser_statusArchived,Archived,Archiviert,Archivált
commandParser_statusCompleted,Completed,Abgeschlossen,Befejezett
commandParser_parseLogic_yyyymmdd,YYYY.MM.DD → #0315 = March 15,JJJJ.MM.TT → #0315 = 15. März,ÉÉÉÉ.HH.NN → #0315 = március 15
commandParser_parseLogic_ddmmyyyy,DD.MM.YYYY → #1503 = March 15 (day.month),TT.MM.JJJJ → #1503 = 15. März (Tag.Monat),NN.HH.ÉÉÉÉ → #1503 = március 15 (nap.hónap)
commandParser_parseLogic_mmddyyyy,MM.DD.YYYY → #0315 = March 15 (month.day),MM.TT.JJJJ → #0315 = 15. März (Monat.Tag),HH.NN.ÉÉÉÉ → #0315 = március 15 (hónap.nap)
commandParser_ambiguity_couldBe,Could be interpreted as,Könnte interpretiert werden als,Értelmezhető mint
commandParser_ambiguity_currentFormat,Current format interprets as,Aktuelles Format interpretiert als,A jelenlegi formátum szerint
commandParser_ambiguity_suggestion,Consider using full date format,Erwägen Sie die Verwendung des vollständigen Datumsformats,Fontold meg a teljes dátum formátum használatát

# ✅ ÚJ KULCSOK - Cache és teljesítmény
cache_performance,Cache Performance,Cache-Leistung,Cache Teljesítmény
cache_metrics_loading,Loading cache metrics...,Lade Cache-Metriken...,Cache metrikák betöltése...
cache_metrics_error,Error loading metrics,Fehler beim Laden der Metriken,Hiba a metrikák betöltése során
retry,Retry,Wiederholen,Újrapróbálás
refresh_metrics,Refresh Metrics,Metriken aktualisieren,Metrikák frissítése
cache_info,Cache Information,Cache-Informationen,Cache információk
hit_ratio,Hit Ratio,Trefferquote,Találati arány
cache_size,Cache Size,Cache-Größe,Cache méret
active_tables,Active Tables,Aktive Tabellen,Aktív táblák
elements_short,elem,Elem,elem
pieces,pcs,Stk,db
detailed_hit_ratio,Detailed hit ratio,Detaillierte Trefferquote,Részletes találati arány
excellent_cache_performance,Excellent cache performance,Ausgezeichnete Cache-Leistung,Kiváló cache teljesítmény
good_cache_performance,Good cache performance,Gute Cache-Leistung,Jó cache teljesítmény
average_cache_performance,Average cache performance,Durchschnittliche Cache-Leistung,Közepes cache teljesítmény
poor_cache_performance,Poor cache performance,Schlechte Cache-Leistung,Gyenge cache teljesítmény
very_poor_cache_performance,Very poor cache performance,Sehr schlechte Cache-Leistung,Nagyon gyenge cache teljesítmény
detailed_metrics,Detailed Metrics,Detaillierte Metriken,Részletes Metrikák
cache_hits,Cache hits,Cache-Treffer,Cache találatok
cache_misses,Cache misses,Cache-Fehltreffer,Cache hibák
expired_hits,Expired hits,Abgelaufene Treffer,Lejárt találatok
inserts,Inserts,Einfügungen,Beszúrások
updates,Updates,Aktualisierungen,Frissítések
invalidations,Invalidations,Ungültigmachungen,Érvénytelenítések
last_cleanup,Last cleanup,Letzte Bereinigung,Utolsó tisztítás
cleanup,Cleanup,Bereinigung,Tisztítás
clear_all,Clear All,Alle löschen,Teljes törlés
cache_cleanup_successful,Cache cleanup successful,Cache-Bereinigung erfolgreich,Cache tisztítás sikeres
cache_cleanup_error,Cache cleanup error,Cache-Bereinigungsfehler,Hiba a cache tisztítás során
clear_entire_cache,Clear entire cache,Gesamten Cache löschen,Cache teljes törlése
confirm_clear_cache_message,Are you sure you want to delete the entire cache? This will remove all stored data and subsequent queries will be slower.,Sind Sie sicher dass Sie den gesamten Cache löschen möchten? Dies entfernt alle gespeicherten Daten und nachfolgende Abfragen werden langsamer.,Biztos hogy törölni szeretnéd a teljes cache-t? Ez minden tárolt adatot eltávolít és a következő lekérdezések lassabbak lesznek.
entire_cache_cleared,Entire cache cleared,Gesamter Cache gelöscht,Teljes cache törölve
cache_delete_error,Cache delete error,Cache-Löschfehler,Hiba a cache törlése során
cache_info_table_sizes,Table cache sizes,Tabellen-Cache-Größen,Táblák cache mérete
no_cache_data,No cache data,Keine Cache-Daten,Nincs cache adat
cacheCleanupCount,elements deleted,Elemente gelöscht,elem törölve

# ✅ ÚJ KULCSOK - Szűrők
filters,Filters,Filter,Szűrők
activeFilters,Active filters,Aktive Filter,Aktív szűrők
clearFilters,Clear filters,Filter löschen,Szűrők törlése
basicFilters,Basic,Grundlegend,Alapvető
dateFilters,Dates,Daten,Dátumok
categoryFilters,Categories,Kategorien,Kategóriák
advancedFilters,Advanced,Erweitert,Haladó
applyFilters,Apply filters,Filter anwenden,Szűrők alkalmazása
searchQuery,Search,Suche,Keresés
searchTaskTitleDescription,Task title or description,Aufgabentitel oder Beschreibung,Feladat címe vagy leírása
all,All,Alle,Minden
completionStatus,Completion status,Fertigstellungsstatus,Befejezettségi állapot
open,Open,Offen,Nyitott
completionDate,Completion date,Fertigstellungsdatum,Befejezési dátum
completedFrom,Completed from,Abgeschlossen von,Befejezve ettől
completedUntil,Completed until,Abgeschlossen bis,Befejezve eddig
notSet,Not set,Nicht festgelegt,Nincs beállítva
selectDate,Select date,Datum auswählen,Dátum kiválasztása
dueDate,Due date,Fälligkeitsdatum,Határidő
dueDateFrom,Due date from,Fälligkeitsdatum von,Határidő ettől
dueDateUntil,Due date until,Fälligkeitsdatum bis,Határidő eddig
assignedTo,Assigned to,Zugewiesen an,Felelős
selectAssignee,Select assignee,Beauftragten auswählen,Felelős kiválasztása
unknownUser,Unknown user,Unbekannter Benutzer,Ismeretlen felhasználó
taskType,Task type,Aufgabentyp,Feladat típus
mainTasks,Main tasks,Hauptaufgaben,Fő feladatok
subTasks,Sub tasks,Unteraufgaben,Alfeladatok
parentTask,Parent task,Übergeordnete Aufgabe,Szülő feladat
selectParentTask,Select parent task,Übergeordnete Aufgabe auswählen,Szülő feladat kiválasztása
unknownTask,Unknown task,Unbekannte Aufgabe,Ismeretlen feladat
noMainTasksAvailable,No main tasks available,Keine Hauptaufgaben verfügbar,Nincs elérhető fő feladat
tags,Tags,Tags,Címkék
tagsCommaSeparated,Tags (comma separated),Tags (durch Komma getrennt),Címkék (vesszővel elválasztva)
tagsExample,e.g. urgent home project,z.B. dringend zuhause projekt,pl. sürgős otthon projekt
quickFilter,Quick filter,Schnellfilter,Gyors szűrés
detailedFilter,Detailed filter,Detaillierter Filter,Részletes szűrő

# ✅ ÚJ KULCSOK - Offline és fallback
offlineMode,Offline mode,Offline-Modus,Offline mód
cachedDataDisplay,⚡ Cached data display,⚡ Zwischengespeicherte Datenanzeige,⚡ Cache-elt adatok megjelenítése
connectionStatus,Connection status,Verbindungsstatus,Kapcsolódási állapot
online,Online,Online,Online
offline,Offline,Offline,Offline
fromCache,From cache,Aus Cache,Cache-ből
cannotCreateItemsOffline,New items cannot be created in offline mode,Im Offline-Modus können keine neuen Elemente erstellt werden,Offline módban nem lehet új elemeket létrehozni
offlineDataWarning,Without network connection only cached data are available. Creating new items is not possible in offline mode.,Ohne Netzwerkverbindung sind nur zwischengespeicherte Daten verfügbar. Das Erstellen neuer Elemente ist im Offline-Modus nicht möglich.,Hálózati kapcsolat nélkül csak a cache-elt adatok érhetők el. Új elemek létrehozása offline módban nem lehetséges.
toggleOfflineMode,Toggle offline mode,Offline-Modus umschalten,Offline mód ki/be

# ✅ ÚJ KULCSOK - Debug és teszt
currentState,Current state,Aktueller Zustand,Jelenlegi állapot
source,Source,Quelle,Forrás
cloudSynced,Cloud synced,Cloud synchronisiert,Felhő szinkronizálva
on,ON,EIN,BE
off,OFF,AUS,KI
yes,YES,JA,IGEN
no,NO,NEIN,NEM
managerStatus,Manager status,Manager-Status,Manager állapot
basicFallback,Basic fallback,Grundlegendes Fallback,Alapvető fallback
offlineModeSimulation,Offline mode simulation,Offline-Modus-Simulation,Offline mód szimuláció
onlineRestoration,Online restoration,Online-Wiederherstellung,Online visszaállítás
defaultFallback,Default fallback,Standard-Fallback,Alapértelmezett fallback
errorResistance,Error resistance,Fehlertoleranz,Hibatűrés
runAllTests,Run all tests,Alle Tests ausführen,Összes teszt futtatása
testResults,Test results,Testergebnisse,Teszt eredmények
testInitialized,Test widget initialized,Test-Widget initialisiert,Test widget inicializálva
readyForTesting,Ready for testing...,Bereit zum Testen...,Készen áll a tesztelésre...
testsStarted,Tests starting...,Tests starten...,Tesztek indítása...
basicFallbackTest,Basic fallback loading test,Grundlegender Fallback-Ladetest,Alapvető fallback betöltés teszt
initialTestsCompleted,Initial tests completed,Anfangstests abgeschlossen,Kezdeti tesztek befejezve
testCompleted,TEST {number} COMPLETED,TEST {number} ABGESCHLOSSEN,TESZT {number} BEFEJEZVE
testError,TEST {number} ERROR: {error},TEST {number} FEHLER: {error},TESZT {number} HIBA: {error}
allTestsCompleted,All tests completed,Alle Tests abgeschlossen,Összes teszt befejezve
checkResultsAbove,Check the results above!,Überprüfen Sie die Ergebnisse oben!,Ellenőrizd a fenti eredményeket!
resultsCleared,Test results cleared,Testergebnisse gelöscht,Teszt eredmények törölve
readyForNewTesting,Ready for new testing...,Bereit für neue Tests...,Készen áll új tesztelésre...

# ✅ ÚJ KULCSOK - Parancs előnézet és súgó
commandsInTaskTitle,Commands in task title,Befehle im Aufgabentitel,Parancsok a feladat címében
typeTaskTitleWithCommands,Type a task title with commands,Geben Sie einen Aufgabentitel mit Befehlen ein,Írj be egy feladat címet parancsokkal
example_task_commands,Example: Task #0315 #p1 #50% #act,Beispiel: Projekt #0315 #p1 #%50 #act,Példa: Projekt #0315 #p1 #%50 #act
liveParsingFeedback,Live parsing feedback,Live-Parsing-Feedback,Valós idejű parsing visszajelzés
commandsRecognized,{count} commands recognized,{count} Befehle erkannt,{count} parancs felismerve
warnings,Warnings,Warnungen,Figyelmeztetések
noCommands,No commands,Keine Befehle,Nincs parancs
cleanedTitle,Cleaned title,Bereinigter Titel,Tisztított cím
recognizedCommands,Recognized commands,Erkannte Befehle,Felismert parancsok
readiness,Readiness,Bereitschaft,Készültség
examples,Examples,Beispiele,Példák
combinedUsageExample,Combined usage example,Beispiel für kombinierte Verwendung,Kombinált használat példa
parsedResult,Parsed result,Analysiertes Ergebnis,Elemzett eredmény
currentDateFormat,Current date format,Aktuelles Datumsformat,Jelenlegi dátum formátum
dateExamples,Date examples,Datumsbeispiele,Dátum példák
quickTestCases,Quick test cases,Schnelle Testfälle,Gyors teszt esetek

# ✅ ÚJ KULCSOK - Család
join_family,Join family,Familie beitreten,Csatlakozás családhoz
important_family_restriction,Important: A user can only be a member of one family at a time. If you are already a member of a family and join a new family you must first leave your current family.,Wichtig: Ein Benutzer kann nur Mitglied einer Familie gleichzeitig sein. Wenn Sie bereits Mitglied einer Familie sind und einer neuen Familie beitreten müssen Sie zuerst Ihre aktuelle Familie verlassen.,Fontos: Egy felhasználó egyszerre csak egy család tagja lehet. Ha már tagja vagy egy családnak és csatlakozol egy új családhoz előbb ki kell lépned a jelenlegi családodból.
invite_code,Invite code,Einladungscode,Meghívó kód
enter_invite_code,Enter the invite code,Geben Sie den Einladungscode ein,Add meg a meghívó kódot
please_enter_invite_code,Please enter the invite code,Bitte geben Sie den Einladungscode ein,Kérlek add meg a meghívó kódot
verification,Verification,Überprüfung,Ellenőrzés
join,Join,Beitreten,Csatlakozás
family_name,Family name,Familienname,Család neve
expiry_date,Expiry date,Ablaufdatum,Lejárat
invalid_invite_code,Invalid invite code,Ungültiger Einladungscode,Érvénytelen meghívó kód
invite_expired,This invite code is no longer valid (expired or reached maximum usage),Dieser Einladungscode ist nicht mehr gültig (abgelaufen oder maximale Nutzung erreicht),Ez a meghívó kód már nem érvényes (lejárt vagy elérte a maximális felhasználást)
successfully_joined_family,Successfully joined family {familyName}!,Erfolgreich der Familie {familyName} beigetreten!,Sikeresen csatlakoztál a(z) {familyName} családhoz!
user_can_only_belong_to_one_family,A user can only belong to one family at a time. Please leave your current family first in the "Manage Family Members" menu.,Ein Benutzer kann nur einer Familie gleichzeitig angehören. Bitte verlassen Sie zuerst Ihre aktuelle Familie im Menü "Familienmitglieder verwalten".,Egy felhasználó egyszerre csak egy család tagja lehet. Előbb lépj ki a jelenlegi családodból a "Családtagok kezelése" menüpontban.
unknown_error,Unknown error occurred: {error},Unbekannter Fehler ist aufgetreten: {error},Ismeretlen hiba történt: {error}


#naptár

calendar,calendar,Kalender,naptár
calendar_view,calendar view,Kalenderansicht,naptár nézet
events,events,Ereignisse,események
no_events,no events,Keine Ereignisse,nincsenek események
event_details,event details,Ereignisdetails,esemény részletei
calendar_month_view,month view,Monatsansicht,havi nézet
calendar_week_view,week view,Wochenansicht,heti nézet
calendar_day_view,day view,Tagesansicht,napi nézet
calendar_timeline_view,timeline view,Timeline-Ansicht,idővonalas nézet
calendar_filter_all,all,alle,minden
calendar_filter_private,private,privat,privát
calendar_filter_family,family,Familie,családi
calendar_filter_completed,completed,abgeschlossen,befejezett
calendar_filter_pending,pending,ausstehend,függőben
calendar_filter_overdue,overdue,überfällig,lejárt
calendar_filter_today,today,heute,mai
due_tasks,due tasks,fällige Aufgaben,esedékes feladatok
overdue_tasks,overdue tasks,überfällige Aufgaben,lejárt feladatok
completed_tasks,completed tasks,abgeschlossene Aufgaben,befejezett feladatok
today_tasks,today's tasks,heutige Aufgaben,mai feladatok
sync_calendar,sync calendar,Kalender synchronisieren,naptár szinkronizálása
calendar_offline,calendar offline,Kalender offline,naptár offline
manual_refresh,manual refresh,manuelle Aktualisierung,manuális frissítés
pull_to_refresh,pull to refresh,zum Aktualisieren ziehen,húzza le a frissítéshez
syncing,syncing,synchronisiere,szinkronizálás
last_synced,last synced,zuletzt synchronisiert,utolsó szinkronizálás
calendar_cache_loading,loading calendar,Kalender wird geladen,naptár betöltése
calendar_cache_offline,offline data,Offline-Daten,offline adatok
calendar_cache_synced,synced,synchronisiert,szinkronizálva
calendar_cache_error,loading error,Ladefehler,betöltési hiba
previous_month,previous month,vorheriger Monat,előző hónap
next_month,next month,nächster Monat,következő hónap
today_button,today,heute,ma
go_to_date,go to date,zu Datum springen,ugrás dátumra
event_title,event title,Ereignistitel,esemény címe
event_date,event date,Ereignisdatum,esemény dátuma
event_time,event time,Ereigniszeit,esemény ideje
event_priority,priority,Priorität,prioritás
event_category,category,Kategorie,kategória
event_assignee,assignee,Verantwortlicher,felelős
event_status,status,Status,állapot
event_description,description,Beschreibung,leírás
priority_high,high,hoch,magas
priority_medium,medium,mittel,közepes
priority_low,low,niedrig,alacsony
calendar_error_load,error loading calendar,Fehler beim Laden des Kalenders,hiba a naptár betöltésekor
calendar_error_sync,sync error,Synchronisierungsfehler,szinkronizálási hiba
calendar_no_connection,no internet connection,keine Internetverbindung,nincs internetkapcsolat
calendar_retry,retry,erneut versuchen,újrapróbálkozás
morning,morning,Morgen,reggel
afternoon,afternoon,Nachmittag,délután
evening,evening,Abend,este
night,night,Nacht,éjjel
all_day,all day,ganztägig,egész nap
group_by_category,group by category,nach Kategorie gruppieren,csoportosítás kategória szerint
group_by_priority,group by priority,nach Priorität gruppieren,csoportosítás prioritás szerint
group_by_assignee,group by assignee,nach Verantwortlichem gruppieren,csoportosítás felelős szerint
group_by_status,group by status,nach Status gruppieren,csoportosítás állapot szerint
no_grouping,no grouping,keine Gruppierung,nincs csoportosítás
search_events,search events,Ereignisse suchen,események keresése
search_placeholder,search...,suchen...,keresés...
search_results,search results,Suchergebnisse,keresési eredmények
no_search_results,no results found,keine Ergebnisse gefunden,nincs találat
calendar_settings,calendar settings,Kalender-Einstellungen,naptár beállítások
show_weekends,show weekends,Wochenenden anzeigen,hétvégék megjelenítése
week_starts_monday,week starts on Monday,Woche beginnt am Montag,hét hétfőn kezdődik
show_completed,show completed tasks,abgeschlossene Aufgaben anzeigen,befejezett feladatok megjelenítése
auto_sync,auto sync,automatische Synchronisation,automatikus szinkronizálás
sync_status_idle,Üresjárat,Leerlauf,Idle
sync_status_syncing,Szinkronizálás,Synchronisierung,Syncing
sync_status_success,Sikeres,Erfolgreich,Success
sync_status_error,Hiba,Fehler,Error
sync_status_offline,Offline,Offline,Offline
sync_synchronized,Szinkronizálva,Synchronisiert,Synchronized
sync_syncing,Szinkronizálás...,Synchronisierung...,Syncing...
sync_updated,Frissítve,Aktualisiert,Updated
sync_error,Szinkronizálási hiba,Synchronisierungsfehler,Sync error
sync_offline_mode,Offline mód,Offline-Modus,Offline mode
refresh_state_idle,Üresjárat,Leerlauf,Idle
refresh_state_refreshing,Frissítés,Aktualisierung,Refreshing
refresh_state_success,Sikeres,Erfolgreich,Success
refresh_state_error,Hiba,Fehler,Error
manual_refresh,Manuális frissítés,Manuelle Aktualisierung,Manual refresh
pull_to_refresh,Húzza le a frissítéshez,Zum Aktualisieren ziehen,Pull to refresh
refresh_now,Frissítés most,Jetzt aktualisieren,Refresh now
quick_refresh,Gyors frissítés,Schnelle Aktualisierung,Quick refresh
full_refresh,Teljes frissítés,Vollständige Aktualisierung,Full refresh
background_refresh,Háttér frissítés,Hintergrund-Aktualisierung,Background refresh
last_sync,Utolsó szinkronizálás,Letzte Synchronisation,Last sync
never_synced,Soha,Nie,Never
just_now,Most,Gerade eben,Just now
seconds_ago,{0}s ezelőtt,vor {0}s,{0}s ago
minutes_ago,{0}m ezelőtt,vor {0}m,{0}m ago
hours_ago,{0}ó ezelőtt,vor {0}h,{0}h ago
days_ago,{0}n ezelőtt,vor {0}d,{0}d ago
network_online,Online,Online,Online
network_offline,Offline,Offline,Offline
no_internet_connection,Nincs internetkapcsolat,Keine Internetverbindung,No internet connection
connection_restored,Kapcsolat helyreállt,Verbindung wiederhergestellt,Connection restored
sync_failed,Szinkronizálás sikertelen,Synchronisation fehlgeschlagen,Sync failed
refresh_failed,Frissítés sikertelen,Aktualisierung fehlgeschlagen,Refresh failed
cannot_sync_offline,Offline módban nem lehet szinkronizálni,Synchronisation im Offline-Modus nicht möglich,Cannot sync in offline mode
retry_when_online,Újrapróbálás online módban,Bei Online-Verbindung wiederholen,Retry when online
cache_loading,Betöltés cache-ből,Laden aus Cache,Loading from cache
cache_offline_data,Offline adatok,Offline-Daten,Offline data
cache_synced_data,Szinkronizált adatok,Synchronisierte Daten,Synced data
cache_stale_data,Elavult adatok,Veraltete Daten,Outdated data
pending_changes,Függőben lévő változások,Ausstehende Änderungen,Pending changes
no_pending_changes,Nincs függőben lévő változás,Keine ausstehenden Änderungen,No pending changes
changes_count,{0} változás,{0} Änderungen,{0} changes
sync_pending_changes,Függőben lévő változások szinkronizálása,Ausstehende Änderungen synchronisieren,Sync pending changes
invalidation_sync_change,Szinkronizálási állapot változott,Synchronisationsstatus geändert,Sync status changed
invalidation_manual_refresh,Manuális frissítés aktiválva,Manuelle Aktualisierung ausgelöst,Manual refresh triggered
invalidation_date_change,Dátum változott,Datum geändert,Date changed
invalidation_view_change,Nézet típus változott,Ansichtstyp geändert,View type changed
invalidation_network_change,Hálózati állapot változott,Netzwerkstatus geändert,Network status changed
invalidation_background_refresh,Háttér frissítés,Hintergrund-Aktualisierung,Background refresh
tap_to_refresh,Érintsd meg a frissítéshez,Zum Aktualisieren tippen,Tap to refresh
sync_in_progress,Szinkronizálás folyamatban,Synchronisation läuft,Sync in progress
sync_completed,Szinkronizálás befejezve,Synchronisation abgeschlossen,Sync completed
offline_mode_active,Offline mód aktív,Offline-Modus aktiv,Offline mode active
sync_performance,Szinkronizálási teljesítmény,Synchronisationsleistung,Sync performance
invalidation_events,Invalidálási események,Invalidierungsereignisse,Invalidation events
cache_warming,Cache melegítés,Cache-Aufwärmung,Cache warming
background_operations,Háttér műveletek,Hintergrundoperationen,Background operations
force_sync,Szinkronizálás kényszerítése,Synchronisation erzwingen,Force sync
simulate_offline,Offline szimuláció,Offline simulieren,Simulate offline
restore_online,Online visszaállítás,Online wiederherstellen,Restore online
clear_events,Események törlése,Ereignisse löschen,Clear events
auto_sync,Automatikus szinkronizálás,Automatische Synchronisation,Auto sync
sync_frequency,Szinkronizálási gyakoriság,Synchronisationsfrequenz,Sync frequency
background_sync,Háttér szinkronizálás,Hintergrund-Synchronisation,Background sync
sync_on_startup,Induláskor szinkronizálás,Synchronisation beim Start,Sync on startup
event_details,Event details,Event-Details,Esemény részletei
event_card_tap_to_view,Tap to view details,Tippen für Details,Koppints a részletekért
event_card_offline_data,Offline data,Offline-Daten,Offline adat
event_card_synced_data,Synced data,Synchronisierte Daten,Szinkronizált adat
event_card_pending_sync,Pending sync,Synchronisation ausstehend,Szinkronizálásra vár
completion_percentage,Completion percentage,Fertigstellungsgrad,Befejezés százaléka
due_date,Due date,Fälligkeitsdatum,Határidő
created_date,Created,Erstellt,Létrehozva
completed_date,Completed,Abgeschlossen,Befejezve
task_status,Task status,Aufgabenstatus,Feladat állapot
task_overdue,Overdue,Überfällig,Lejárt
task_due_today,Due today,Heute fällig,Ma van a határideje
task_in_progress,In progress,In Bearbeitung,Folyamatban
task_completed,Completed,Abgeschlossen,Befejezett
task_private,Private,Privat,Privát
task_family,Family,Familie,Családi
edit_event,Edit event,Ereignis bearbeiten,Esemény szerkesztése
close_modal,Close,Schließen,Bezárás
view_task_details,View task details,Aufgabendetails anzeigen,Feladat részletei
sync_info,Sync information,Synchronisationsinformationen,Szinkronizációs információ
pending_changes_count,Pending changes,Ausstehende Änderungen,Függőben lévő változások
last_sync_time,Last sync,Letzte Synchronisation,Utolsó szinkronizálás
cache_status,Cache status,Cache-Status,Cache állapot
network_status,Network status,Netzwerkstatus,Hálózati állapot
offline_indicator,Offline indicator,Offline-Anzeige,Offline jelző
priority_indicator,Priority indicator,Prioritätsanzeige,Prioritás jelző
category_color,Category color,Kategoriefarbe,Kategória szín
progress_indicator,Progress indicator,Fortschrittsanzeige,Haladás jelző
today_short,Today,Heute,Ma
tomorrow_short,Tomorrow,Morgen,Holnap
yesterday_short,Yesterday,Gestern,Tegnap
this_week,This week,Diese Woche,Ezen a héten
next_week,Next week,Nächste Woche,Jövő héten
last_week,Last week,Letzte Woche,Múlt héten
monday_short,Monday,Montag,Hétfő
tuesday_short,Tuesday,Dienstag,Kedd
wednesday_short,Wednesday,Mittwoch,Szerda
thursday_short,Thursday,Donnerstag,Csütörtök
friday_short,Friday,Freitag,Péntek
saturday_short,Saturday,Samstag,Szombat
sunday_short,Sunday,Sonntag,Vasárnap
jan_short,Jan,Jan,Jan
feb_short,Feb,Feb,Feb
mar_short,Mar,Mär,Már
apr_short,Apr,Apr,Ápr
may_short,May,Mai,Máj
jun_short,Jun,Jun,Jún
jul_short,Jul,Jul,Júl
aug_short,Aug,Aug,Aug
sep_short,Sep,Sep,Sze
oct_short,Oct,Okt,Okt
nov_short,Nov,Nov,Nov
dec_short,Dec,Dez,Dec
event_tags,Tags,Tags,Címkék
no_description,No description,Keine Beschreibung,Nincs leírás
no_category,No category,Keine Kategorie,Kategória nélkül
no_assignee,No assignee,Kein Verantwortlicher,Nincs felelős
no_tags,No tags,Keine Tags,Nincs címke
loading_event_details,Loading event details,Lade Event-Details,Esemény részletek betöltése
error_loading_event,Error loading event,Fehler beim Laden des Events,Hiba az esemény betöltésekor
retry_load_event,Retry loading,Erneut versuchen,Újrapróbálás
calendar_month_view,Month,Monat,Hónap
calendar_week_view,Week,Woche ,Hét
calendar_day_view,Day,Tag,Nap
calendar_timeline_view,Timeline,Zeitlinie,Idősor
calendar_today_button,Today,Heute,Ma
calendar_refresh,Refresh,Aktualisieren,Frissítés
calendar_settings,Settings,Einstellungen,Beállítások
create_new_event,New event,Neues Ereignis,Új esemény
export,Export,Exportieren,Exportálás
switching_to_month_view,Switching to month view,Wechsel zur Monatsansicht,Váltás havi nézetre
switching_to_week_view,Switching to week view,Wechsel zur Wochenansicht,Váltás heti nézetre
switching_to_day_view,Switching to day view,Wechsel zur Tagesansicht,Váltás napi nézetre
switching_to_timeline_view,Switching to timeline view,Wechsel zur Zeitlinienansicht,Váltás idővonal nézetre
navigating_to_today,Going to today,Zum heutigen Tag springen,Ugrás a mai napra
calendar_navigation_previous,Previous,Vorherige,Előző
calendar_navigation_next,Next,Nächste,Következő
monthly_summary,Monthly Summary,Monatliche Zusammenfassung,Havi Összesítő
weekly_summary,Weekly Summary,Wöchentliche Zusammenfassung,Heti Összesítő
daily_summary,Daily Summary,Tägliche Zusammenfassung,Napi Összesítő
timeline_summary,Timeline Summary,Zeitlinien Zusammenfassung,Idővonalas Összesítő
events_completed,Completed,Abgeschlossen,Befejezett
events_in_progress,In Progress,In Bearbeitung,Folyamatban
events_high_priority,High Priority,Hohe Priorität,Magas prioritás
events_total,Total Events,Gesamt Ereignisse,Összes esemény
quick_action_new_task,New task,Neue Aufgabe,Új feladat
quick_action_go_today,Go to today,Zu heute gehen,Mai napra
quick_action_filter,Filter,Filtern,Szűrés
morning,Morning,Morgen,Reggel
afternoon,Afternoon,Nachmittag,Délután
evening,Evening,Abend,Este
night,Night,Nacht,Éjszaka
no_events_today,No events today,Keine Ereignisse heute,Nincs esemény ma
no_events_this_week,No events this week,Keine Ereignisse diese Woche,Nincs esemény ezen a héten
no_events_this_month,No events this month,Keine Ereignisse diesen Monat,Nincs esemény ebben a hónapban
no_events_timeline,No events on timeline,Keine Ereignisse auf der Zeitlinie,Nincs esemény az idővonalon
loading_calendar,Loading calendar,Kalender wird geladen,Naptár betöltése
loading_events,Loading events,Ereignisse werden geladen,Események betöltése
loading_view,Loading view,Ansicht wird geladen,Nézet betöltése
calendar_load_error,Error loading calendar,Fehler beim Laden des Kalenders,Hiba a naptár betöltésekor
calendar_sync_error,Sync error,Synchronisierungsfehler,Szinkronizálási hiba
calendar_network_error,Network error,Netzwerkfehler,Hálózati hiba
month_view_description,Display full month,Ganzen Monat anzeigen,Teljes hónap megjelenítése
week_view_description,Display one week,Eine Woche anzeigen,Egy hét megjelenítése
day_view_description,Display detailed day,Detaillierten Tag anzeigen,Egy nap részletes megjelenítése
timeline_view_description,Events in chronological order,Ereignisse in chronologischer Reihenfolge,Események kronológiai sorrendben
today_label,Today,Heute,Ma
tomorrow_label,Tomorrow,Morgen,Holnap
yesterday_label,Yesterday,Gestern,Tegnap
this_week,This week,Diese Woche,Ezen a héten
next_week,Next week,Nächste Woche,Jövő héten
last_week,Last week,Letzte Woche,Múlt héten
calendar_go_previous,Previous period,Vorheriger Zeitraum,Előző időszak
calendar_go_next,Next period,Nächster Zeitraum,Következő időszak
calendar_select_date,Select date,Datum auswählen,Dátum kiválasztása
view_event_details,View event details,Ereignisdetails anzeigen,Esemény részletei
edit_event,Edit event,Ereignis bearbeiten,Esemény szerkesztése
delete_event,Delete event,Ereignis löschen,Esemény törlése
mark_completed,Mark completed,Als abgeschlossen markieren,Befejezettnek jelölés
calendar_accessibility_month,Monthly calendar view,Monatliche Kalenderansicht,Havi naptár nézet
calendar_accessibility_week,Weekly calendar view,Wöchentliche Kalenderansicht,Heti naptár nézet
calendar_accessibility_day,Daily calendar view,Tägliche Kalenderansicht,Napi naptár nézet
calendar_accessibility_timeline,Timeline calendar view,Zeitlinien Kalenderansicht,Idővonalas naptár nézet
category_created_by,Created by: {name},Erstellt von: {name},Létrehozta: {name}
category_edit_no_permission,Only the creator or family administrator can edit this category,Nur der Ersteller oder Familienadministrator kann diese Kategorie bearbeiten,Csak a létrehozó vagy családi adminisztrátor szerkesztheti ezt a kategóriát
category_delete_no_permission,Only the creator or family administrator can delete this category,Nur der Ersteller oder Familienadministrator kann diese Kategorie löschen,Csak a létrehozó vagy családi adminisztrátor törölheti ezt a kategóriát
category_permission_denied,Permission denied,Berechtigung verweigert,Nincs jogosultság
category_admin_or_creator_only,Only parent or creator can modify,Nur Elternteil oder Ersteller kann ändern,Csak szülő vagy létrehozó módosíthatja

databaseUnavailable,The server is currently unavailable. Please try again later.,Der Server ist derzeit nicht verfügbar. Bitte versuchen Sie es später erneut.,A szerver jelenleg nem elérhető. Kérjük próbálja meg később.
networkOfflineError,No internet connection. Please check your network settings.,Keine Internetverbindung. Bitte überprüfen Sie Ihre Netzwerkeinstellungen.,Nincs internetkapcsolat. Ellenőrizze a hálózati beállításokat.
authenticationError,Authentication error. Please check your credentials.,Authentifizierungsfehler. Bitte überprüfen Sie Ihre Anmeldedaten.,Bejelentkezési hiba. Ellenőrizze az adatokat.
connectionTimeout,Connection timed out. Please try again.,Verbindung unterbrochen. Bitte versuchen Sie es erneut.,A kapcsolat időtúllépés miatt megszakadt. Próbálja újra.
loginGeneralError,An error occurred during login. Please try again.,Ein Fehler ist bei der Anmeldung aufgetreten. Bitte versuchen Sie es erneut.,Hiba történt a bejelentkezés során. Próbálja újra.
errorDetails,Error Details,Fehlerdetails,Hiba részletei
errorCategory,Category,Kategorie,Kategória
debugInfo,Debug,Debug,Debug
originalErrorLabel,Original error,Ursprünglicher Fehler,Eredeti hiba
closeDialog,Close,Schließen,Bezárás


calendar_selected_date,Selected date,Ausgewähltes Datum,Kiválasztott dátum
calendar_today_button,Today,Heute,Mai nap
calendar_refresh,Refresh,Aktualisieren,Frissítés
calendar_tasks_for_day,Tasks - {date},Aufgaben - {date},Feladatok - {date}
calendar_no_tasks,No tasks on this day,Keine Aufgaben an diesem Tag,Nincsenek feladatok ezen a napon
calendar_offline_no_tasks,No tasks in offline mode,Keine Aufgaben im Offline-Modus,Offline módban nincsenek feladatok
calendar_offline_banner,Offline mode - Calendar data limited,Offline-Modus - Kalenderdaten begrenzt,Offline mód - Naptár adatok korlátozottak
calendar_offline_action_blocked,This feature is unavailable in offline mode,Diese Funktion ist im Offline-Modus nicht verfügbar,Offline módban ez a funkció nem elérhető


# Register page általános
registerTitle,Regisztráció,Register,Registrieren
registerAndJoin,Regisztráció és csatlakozás,Register and Join,Registrieren und Beitreten

# Meghívó kód
inviteCode,Meghívó kód,Invite Code,Einladungscode
inviteCodeHint,Add meg a kapott meghívó kódot,Enter the invite code you received,Geben Sie den erhaltenen Einladungscode ein
inviteCodeRequired,A meghívó kód nem lehet üres,Invite code cannot be empty,Einladungscode darf nicht leer sein
invalidInviteCode,Érvénytelen meghívó kód: {error},Invalid invite code: {error},Ungültiger Einladungscode: {error}
invalidInviteCodeMessage,Érvénytelen meghívó kód,Invalid invite code,Ungültiger Einladungscode
inviteCodeExpired,Ez a meghívó kód már nem érvényes,This invite code is no longer valid,Dieser Einladungscode ist nicht mehr gültig
inviteCheckError,Hiba történt a meghívó ellenőrzése közben,Error checking invite code,Fehler beim Überprüfen des Einladungscodes
checkInvite,Ellenőrzés,Check,Prüfen
joiningFamily,Csatlakozás: {familyName},Joining: {familyName},Beitritt: {familyName}

# Családhoz csatlakozás
joinFamilyWithInvite,Csatlakozás családhoz meghívó kóddal,Join family with invite code,Mit Einladungscode zur Familie beitreten
familyJoinSuccess,Sikeresen csatlakoztál a családhoz!,Successfully joined the family!,Erfolgreich der Familie beigetreten!
familyJoinError,Hiba a családhoz csatlakozás során: {error},Error joining family: {error},Fehler beim Beitritt zur Familie: {error}

# Hibaüzenetek
profileCreationError,Hiba a felhasználói fiók létrehozásakor. Kérjük próbálja meg újra más email címmel.,Error creating user account. Please try again with a different email.,Fehler beim Erstellen des Benutzerkontos. Bitte versuchen Sie es mit einer anderen E-Mail erneut.
registrationError,Regisztrációs hiba,Registration error,Registrierungsfehler
emailAlreadyRegistered,Ez az email cím már regisztrálva van. Kérjük jelentkezz be!,This email address is already registered. Please log in!,Diese E-Mail-Adresse ist bereits registriert. Bitte melde dich an!

# Egyéb
fullNameHint,Teljes neved (opcionális),Your full name (optional),Ihr vollständiger Name (optional)

myTasksOffline,My Tasks (Offline),Meine Aufgaben (Offline),Saját feladatok (Offline)
offlineModeOnlyCached,Offline mode - Only cached data available,Offline-Modus - Nur zwischengespeicherte Daten verfügbar,Offline mód - Csak cache-elt adatok érhetők el
offlineModeTasksReadonly,Tasks cannot be modified in offline mode,Aufgaben können im Offline-Modus nicht geändert werden,Offline módban a feladatok állapota nem módosítható
errorOccurred,An error occurred,Ein Fehler ist aufgetreten,Hiba történt
active,Active,Aktiv,Aktív
hidden,Hidden,Versteckt,Rejtett
hiddenCompleted,hidden completed,versteckte abgeschlossene,rejtett befejezett
inactive,INACTIVE,INAKTIV,INAKTÍV
today,Today,Heute,Ma
tomorrow,Tomorrow,Morgen,Holnap
yesterday,Yesterday,Gestern,Tegnap
daysAgo,{count} days ago,vor {count} Tagen,{count} napja lejárt
daysFromNow,in {count} days,in {count} Tagen,{count} nap múlva
noTasksToDisplay,No tasks to display,Keine Aufgaben anzuzeigen,Nincs megjeleníthető feladat
unnamedTask,Unnamed task,Unbenannte Aufgabe,Névtelen feladat
advancedFilters,Advanced Filters,Erweiterte Filter,Részletes szűrők
showCompleted,Show completed,Zeige abgeschlossene,Befejezettek mutatása
hideCompleted,Hide completed,Verberge abgeschlossene,Befejezettek elrejtése
sortBy,Sort by,Sortieren nach,Rendezés
sortByName,Name,Name,Név
sortByDueDate,Due date,Fälligkeitsdatum,Határidő
sortByPriority,Priority,Priorität,Prioritás

offlineModeTitle,Offline Mode,Offline-Modus,Offline mód
offlineModeRefreshUnavailable,Refresh is not available in offline mode,Aktualisierung ist im Offline-Modus nicht verfügbar,Offline módban a frissítés nem elérhető
offlineModeWarning,Offline Mode Warning,Offline-Modus Warnung,Offline mód figyelmeztetés
offlineModeLogoutConfirm,You are in offline simulation mode. Are you sure you want to log out?,Sie befinden sich im Offline-Simulationsmodus. Möchten Sie sich wirklich abmelden?,Offline szimulációs módban vagy. Biztosan ki szeretnél jelentkezni?
offlineModeNavigationLimited,Offline mode - Navigation available but limited functionality,Offline-Modus - Navigation verfügbar aber eingeschränkte Funktionalität,Offline mód - Navigáció elérhető de korlátozott funkciók


offlineModeTitle,Offline Mode,Offline-Modus,Offline mód
offlineModeRefreshUnavailable,Refresh is not available in offline mode,Aktualisierung ist im Offline-Modus nicht verfügbar,Offline módban a frissítés nem elérhető
offlineModeWarning,Offline Mode Warning,Offline-Modus Warnung,Offline mód figyelmeztetés
offlineModeLogoutConfirm,You are in offline simulation mode. Are you sure you want to log out?,Sie befinden sich im Offline-Simulationsmodus. Möchten Sie sich wirklich abmelden?,Offline szimulációs módban vagy. Biztosan ki szeretnél jelentkezni?
offlineModeNavigationLimited,Offline mode - Navigation available but limited functionality,Offline-Modus - Navigation verfügbar aber eingeschränkte Funktionalität,Offline mód - Navigáció elérhető de korlátozott funkciók
categories,Categories,Kategorien,Kategóriák
offlineModeActive,Offline mode active,Offline-Modus aktiv,Offline mód aktív
cachedDataDisplay,Showing cached data,Zwischengespeicherte Daten anzeigen,Cache-elt adatok megjelenítése
noCategoriesFound,No categories found,Keine Kategorien gefunden,Nincs kategória
createFirstCategory,Create your first category,Erstelle deine erste Kategorie,Hozd létre az első kategóriádat
newCategory,New Category,Neue Kategorie,Új kategória
editCategory,Edit Category,Kategorie bearbeiten,Kategória szerkesztése
categoryName,Category name,Kategoriename,Kategória neve
enterCategoryName,Enter category name,Kategoriename eingeben,Írd be a kategória nevét
optionalDescription,Optional description,Optionale Beschreibung,Opcionális leírás
makePrivate,Make private,Privat machen,Legyen privát
categoryColor,Category color,Kategoriefarbe,Kategória színe
activeTasks,Active tasks,Aktive Aufgaben,Aktív feladatok
completedTasks,Completed tasks,Abgeschlossene Aufgaben,Befejezett feladatok
deleteCategory,Delete category,Kategorie löschen,Kategória törlése
deleteCategoryConfirm,Are you sure you want to delete "{name}" category?,Möchten Sie die Kategorie "{name}" wirklich löschen?,Biztosan törölni szeretnéd a "{name}" kategóriát?
categoryCreated,Category created,Kategorie erstellt,Kategória létrehozva
categoryUpdated,Category updated,Kategorie aktualisiert,Kategória frissítve
categoryDeleted,Category deleted,Kategorie gelöscht,Kategória törölve
noPermissionEditCategory,You don't have permission to edit this category,Sie haben keine Berechtigung diese Kategorie zu bearbeiten,Nincs jogosultságod szerkeszteni ezt a kategóriát
cannotMakePrivate,Cannot make private,Kann nicht privat gemacht werden,Nem tehető privattá
categoryContainsPublicTasks,This category contains public tasks. Move or make them private first.,Diese Kategorie enthält öffentliche Aufgaben. Verschieben oder privat machen Sie sie zuerst.,Ez a kategória nyilvános feladatokat tartalmaz. Először ezeket privattá kell tenni vagy át kell helyezni őket másik kategóriába.
offlineNoOperations,Operations not available in offline mode,Operationen im Offline-Modus nicht verfügbar,Offline módban a műveletek nem elérhetők
offlineViewOnly,View only mode,Nur Ansichtsmodus,Csak megtekintés módban
selectCategoryToEdit,Select a category to edit,Wählen Sie eine Kategorie zum Bearbeiten,Válassz kategóriát a szerkesztéshez
invalidNumber,Invalid number,Ungültige Nummer,Érvénytelen szám
description,Description,Beschreibung,Leírás
sortOrder,Sort order,Sortierreihenfolge,Sorrend


calendar,Calendar,Kalender,Naptár
calendarView,Calendar view,Kalenderansicht,Naptár nézet
events,Events,Ereignisse,Események
noEvents,No events,Keine Ereignisse,Nincsenek események
eventDetails,Event details,Ereignisdetails,Esemény részletei
calendarMonthView,Month,Monat,Hónap
calendarWeekView,Week,Woche,Hét
calendarDayView,Day,Tag,Nap
calendarTimelineView,Timeline,Zeitlinie,Idővonal

// Hónapnevek
monthJanuary,January,Januar,Január
monthFebruary,February,Februar,Február
monthMarch,March,März,Március
monthApril,April,April,Április
monthMay,May,Mai,Május
monthJune,June,Juni,Június
monthJuly,July,Juli,Július
monthAugust,August,August,Augusztus
monthSeptember,September,September,Szeptember
monthOctober,October,Oktober,Október
monthNovember,November,November,November
monthDecember,December,Dezember,December

// Rövid hónapnevek
monthJanShort,Jan,Jan,Jan
monthFebShort,Feb,Feb,Feb
monthMarShort,Mar,Mär,Már
monthAprShort,Apr,Apr,Ápr
monthMayShort,May,Mai,Máj
monthJunShort,Jun,Jun,Jún
monthJulShort,Jul,Jul,Júl
monthAugShort,Aug,Aug,Aug
monthSepShort,Sep,Sep,Sze
monthOctShort,Oct,Okt,Okt
monthNovShort,Nov,Nov,Nov
monthDecShort,Dec,Dez,Dec

// Napok
dayMonday,Monday,Montag,Hétfő
dayTuesday,Tuesday,Dienstag,Kedd
dayWednesday,Wednesday,Mittwoch,Szerda
dayThursday,Thursday,Donnerstag,Csütörtök
dayFriday,Friday,Freitag,Péntek
daySaturday,Saturday,Samstag,Szombat
daySunday,Sunday,Sonntag,Vasárnap

// Rövid napnevek
dayMonShort,Mon,Mo,H
dayTueShort,Tue,Di,K
dayWedShort,Wed,Mi,Sze
dayThuShort,Thu,Do,Cs
dayFriShort,Fri,Fr,P
daySatShort,Sat,Sa,Szo
daySunShort,Sun,So,V

// Dátumválasztó
selectDate,Select date,Datum auswählen,Dátum kiválasztása
selectYear,Select year,Jahr auswählen,Év kiválasztása
selectMonth,Select month,Monat auswählen,Hónap kiválasztása
selectDay,Select day,Tag auswählen,Nap kiválasztása
jumpToDate,Jump to date,Zum Datum springen,Ugrás dátumhoz
goToToday,Go to today,Zu heute gehen,Ugrás a mai napra
year,Year,Jahr,Év
month,Month,Monat,Hónap
day,Day,Tag,Nap

profileImageSection,Profile Picture,Profilbild,Profilkép
premiumSubscription,Premium Subscription,Premium-Abonnement,Prémium előfizetés
activeSubscription,Active Subscription,Aktives Abonnement,Aktív előfizetés
unlockAllFeatures,Unlock all features,Alle Funktionen freischalten,Használd ki az összes funkciót
developerTools,Developer Tools,Entwickler-Tools,Fejlesztői Eszközök
offlineModeNoSave,Cannot save in offline mode,Im Offline-Modus kann nicht gespeichert werden,Offline módban nem menthető

families,Families,Familien,Családok
familiesManagement,Family Management,Familienverwaltung,Családok kezelése
offlineFamiliesManagement,Offline Family Management,Offline Familienverwaltung,Offline családok kezelése
offlineModeViewOnly,Offline mode - View only mode no modifications possible,Offline-Modus - Nur Ansichtsmodus keine Änderungen möglich,Offline mód - Csak megtekintési mód módosítások nem lehetségesek
noFamilyYet,You don't have a family yet. Create one or join an existing one!,Du hast noch keine Familie. Erstelle eine oder tritt einer bestehenden bei!,Még nincs családod. Hozz létre egyet vagy csatlakozz egy meglévőhöz!
offlineNoFamilies,No families available in offline mode,Im Offline-Modus sind keine Familien verfügbar,Offline módban nincsenek elérhető családok
familySettings,Family Settings,Familieneinstellungen,Család beállítások
familySettingsDesc,Manage family settings,Familieneinstellungen verwalten,Család beállításainak kezelése
familyMembersManagement,Member and Permission Management,Mitglieder- und Berechtigungsverwaltung,Tagok és jogosultságok kezelése
familyEditPageTitle,Edit Family,Familie bearbeiten,Család szerkesztése
familyEditPageTitleOffline,Offline Family Edit,Offline Familienbearbeitung,Offline család szerkesztés
offlineModeViewOnly,Offline mode - View only cached data,Offline-Modus - Nur zwischengespeicherte Daten anzeigen,Offline mód - Csak cache-elt adatok és megtekintés
offlineNotAvailable,Not available in offline mode,Im Offline-Modus nicht verfügbar,Offline módban nem elérhető
offlineFamilyNotAvailable,Family not available in offline mode,Familie im Offline-Modus nicht verfügbar,Offline módban a család nem elérhető
familyNotFound,Family not found,Familie nicht gefunden,A család nem található
offlineSettingsCannotModify,Settings cannot be modified in offline mode,Einstellungen können im Offline-Modus nicht geändert werden,Offline módban a beállítások nem módosíthatók
offlineFamilyCannotSave,Family settings cannot be saved in offline mode,Familieneinstellungen können im Offline-Modus nicht gespeichert werden,Offline módban a család beállítások nem menthetők
offlineOperationsNotAvailable,Operations not available in offline mode,Vorgänge im Offline-Modus nicht verfügbar,Offline módban a műveletek nem elérhetők
offlineViewOnlyLabel,View only,Nur anzeigen,Csak megtekintés módban
offlineCachedData,Cached data,Zwischengespeicherte Daten,Cache-elt adatok
familyBasicInfo,Basic Information,Grundinformationen,Alapadatok
familyBasicInfoOffline,Basic Information (Cached),Grundinformationen (Zwischengespeichert),Alapadatok (Cache-elt adatok)
familyNameLabel,Family Name,Familienname,Család neve
familyNameHint,Enter family name,Familiennamen eingeben,Add meg a család nevét
familyNameRequired,Family name is required,Familienname ist erforderlich,A család neve kötelező
familyDescriptionLabel,Description,Beschreibung,Leírás
familyDescriptionHint,Enter family description (optional),Familienbeschreibung eingeben (optional),Add meg a család leírását (opcionális)
familyCreatedAt,Created,Erstellt,Létrehozva
familyInviteCode,Invite Code,Einladungscode,Meghívó kód
familyMaxMembers,Maximum Members,Maximale Mitglieder,Maximális tagok száma
familyPrivacySettings,Privacy Settings,Datenschutzeinstellungen,Adatvédelmi beállítások
familyPrivacySettingsOffline,Privacy Settings (View only),Datenschutzeinstellungen (Nur anzeigen),Adatvédelmi beállítások (Csak megtekintés módban)
familyAllowMemberInvites,Members can invite new members,Mitglieder können neue Mitglieder einladen,Tagok meghívhatnak új tagokat
familyShowMemberActivity,Show member activity,Mitgliederaktivität anzeigen,Tagok aktivitásának megjelenítése
familyDefaultTodoVisibility,Default task visibility,Standard-Aufgabensichtbarkeit,Alapértelmezett feladat láthatóság
familyNotificationSettings,Notification Settings,Benachrichtigungseinstellungen,Értesítési beállítások
familyNotificationSettingsOffline,Notification Settings (View only),Benachrichtigungseinstellungen (Nur anzeigen),Értesítési beállítások (Csak megtekintés módban)
familyNotifyNewMember,New member joined,Neues Mitglied beigetreten,Új tag csatlakozott
familyNotifyMemberLeft,Member left,Mitglied ist gegangen,Tag kilépett
familyNotifyTodoAssigned,Task assigned,Aufgabe zugewiesen,Feladat hozzárendelve
familyNotifyTodoCompleted,Task completed,Aufgabe abgeschlossen,Feladat elvégezve
familyTodoSettings,Task Settings,Aufgabeneinstellungen,Feladat beállítások
familyTodoSettingsOffline,Task Settings (View only),Aufgabeneinstellungen (Nur anzeigen),Feladat beállítások (Csak megtekintés módban)
familyAutoArchiveDays,Auto-archive (days),Automatisches Archivieren (Tage),Automatikus archiválás (nap)
familyAllowMemberReassign,Members can reassign tasks,Mitglieder können Aufgaben neu zuweisen,Tagok átadhatnak feladatokat
familyRequireCompletionNotes,Completion notes required,Abschlussnotizen erforderlich,Befejezéshez megjegyzés kötelező
familyCalendarSettings,Calendar Settings,Kalendereinstellungen,Naptár beállítások
familyCalendarSettingsOffline,Calendar Settings (View only),Kalendereinstellungen (Nur anzeigen),Naptár beállítások (Csak megtekintés módban)
familyCalendarShowTodos,Show tasks in calendar,Aufgaben im Kalender anzeigen,Feladatok megjelenítése a naptárban
familyCalendarShowBirthdays,Show birthdays,Geburtstage anzeigen,Születésnapok megjelenítése
familyCalendarReminderDefaultTime,Default reminder time,Standard-Erinnerungszeit,Alapértelmezett emlékeztető idő
familySaveButton,Save,Speichern,Mentés
familySuccessfullyUpdated,Family successfully updated,Familie erfolgreich aktualisiert,Család sikeresen frissítve
familyUpdateError,Error occurred: {error},Fehler aufgetreten: {error},Hiba történt: {error}
offlineErrorFamilyDataNotAvailable,Offline mode - Family data not available,Offline-Modus - Familiendaten nicht verfügbar,Offline mód - Család adatok nem érhetők el
selectVisibility,Select Visibility,Sichtbarkeit wählen,Válassz láthatóságot
selectVisibilityOffline,Select Visibility (View only),Sichtbarkeit wählen (Nur anzeigen),Válassz láthatóságot (Csak megtekintés módban)
visibilityFamily,Family,Familie,Családi
visibilityPrivate,Private,Privat,Privát
visibilityPublic,Public,Öffentlich,Nyilvános
selectValue,Select Value,Wert wählen,Válassz értéket
selectValueOffline,Select Value (View only),Wert wählen (Nur anzeigen),Válassz értéket (Csak megtekintés módban)
selectTime,Select Time,Zeit wählen,Idő választás
selectTimeOffline,Select Time (View only),Zeit wählen (Nur anzeigen),Idő választás (Csak megtekintés módban)
offlineTimePickerNotAvailable,Time selection not available in offline mode,Zeitauswahl im Offline-Modus nicht verfügbar,Offline módban az idő választás nem elérhető
close,Close,Schließen,Bezárás
invitesManagement,Invite Management,Einladungsverwaltung,Meghívók kezelése
invitesManagementDesc,Create and manage invites,Einladungen erstellen und verwalten,Meghívók létrehozása és kezelése
offlineNotEditable,Not editable in offline mode,Im Offline-Modus nicht bearbeitbar,Offline módban nem szerkeszthető
offlineNotAvailable,Not available in offline mode,Im Offline-Modus nicht verfügbar,Offline módban nem elérhető
viewOnlyMode,View only mode available,Nur Ansichtsmodus verfügbar,Csak megtekintési mód elérhető
offlineInvites,Offline Invites,Offline Einladungen,Offline meghívók
offlineFamiliesNotAvailable,Families not available in offline mode,Familien im Offline-Modus nicht verfügbar,Offline módban a családok nem érhetők el
offlineFamilySettingsNotEditable,Family settings cannot be edited in offline mode,Familieneinstellungen können im Offline-Modus nicht bearbeitet werden,Offline módban a család beállítások nem szerkeszthetők
offlineInvitesNotAvailable,Invite management not available in offline mode,Einladungsverwaltung im Offline-Modus nicht verfügbar,Offline módban a meghívók kezelése nem elérhető


paywall_title,Premium Subscription,Premium-Abonnement,Prémium Előfizetés
paywall_premium_title,Zumi Premium,Zumi Premium,Zumi Premium
paywall_subtitle,Unlock all features of the app,Nutze alle Funktionen der App,Használd ki az alkalmazás összes funkcióját
paywall_loading_plans,Loading plans...,Pakete werden geladen...,Csomagok betöltése...
paywall_loading_error,Error loading plans,Fehler beim Laden der Pakete,Hiba történt a csomagok betöltésekor
paywall_retry,Retry,Erneut versuchen,Újrapróbálás
paywall_purchase_loading,Purchase in progress...,Kauf läuft...,Vásárlás folyamatban...
paywall_purchase_wait,Please do not close the app,Bitte schließe die App nicht,Kérjük ne zárd be az alkalmazást,
paywall_why_premium,Why Premium?,Warum Premium?,Miért érdemes Prémium?
paywall_no_ads,Ad-free experience,Werbefrei,Reklámmmentesség
paywall_unlimited_tasks,Unlimited tasks,Unbegrenzte Aufgaben,Korlátlan feladatok
paywall_family_sharing,Family sharing,Familienfreigabe,Családi megosztás
paywall_offline_mode,Offline mode,Offline-Modus,Offline mód
paywall_priority_support,Priority support,Vorrangiger Support,Elsőbbségi támogatás
paywall_early_access,Early access to new features,Früher Zugang zu neuen Funktionen,Korai hozzáférés új funkciókhoz
paywall_legal_text,Subscription auto-renews unless cancelled at least 24 hours before the end of the current period. Payment is through your Google Play account. You can manage your subscription in Google Play settings.,Das Abonnement verlängert sich automatisch es sei denn es wird mindestens 24 Stunden vor Ende der aktuellen Periode gekündigt. Die Zahlung erfolgt über Ihr Google Play-Konto. Sie können Ihr Abonnement in den Google Play-Einstellungen verwalten.,Az előfizetés automatikusan megújul hacsak nem mondod le legalább 24 órával a jelenlegi időszak vége előtt. A fizetés a Google Play fiókodon keresztül történik. Az előfizetést a Google Play beállításaiban kezelheted.
paywall_success_title,Successful purchase!,Erfolgreicher Kauf!,Sikeres vásárlás!
paywall_success_message,Thank you for becoming a Premium subscriber! You now have access to all features.,Danke dass Sie Premium-Abonnent geworden sind! Sie haben jetzt Zugriff auf alle Funktionen.,Köszönjük hogy Prémium előfizető lettél! Most már elérheted az összes funkciót.
paywall_success_button,OK,OK,Rendben
paywall_per_month,per month,pro Monat,havonta
paywall_per_year,per year,pro Jahr,évente
paywall_month,month,Monat,hó
paywall_year,year,Jahr,év
paywall_current_plan,Current plan,Aktuelles Paket,Jelenlegi csomag
paywall_savings,Save {percent}%,Spare {percent}%,{percent}% megtakarítás
paywall_offline_banner,Subscription purchase requires internet connection,Abonnement-Kauf erfordert Internetverbindung,Az előfizetés vásárlásához internetkapcsolat szükséges
paywall_offline_features_limited,Features are limited in offline mode,Funktionen sind im Offline-Modus eingeschränkt,A funkciók offline módban korlátozottak


subscription_current,Current subscription,Aktuelles Abonnement,Jelenlegi előfizetésed
subscription_automatic,Automatic,Automatisch,Automatikus
subscription_package,Package,Paket,Csomag
subscription_yearly_premium,Yearly Premium,Jährliches Premium,Éves Prémium
subscription_monthly_premium,Monthly Premium,Monatliches Premium,Havi Prémium
subscription_purchase_date,Purchase date,Kaufdatum,Vásárlás
subscription_expiry_date,Expiry date,Ablaufdatum,Lejárat
subscription_expired,Expired,Abgelaufen,Lejárt
subscription_platform,Platform,Plattform,Platform
subscription_manage,Manage subscription,Abonnement verwalten,Előfizetés kezelése
subscription_days_remaining,{count} days,{count} Tage,{count} nap
subscription_manage_error,Failed to open subscription management,Abonnementverwaltung konnte nicht geöffnet werden,Nem sikerült megnyitni az előfizetés kezelést
subscription_status_active,Active,Aktiv,Aktív
subscription_status_expired,Expired,Abgelaufen,Lejárt
subscription_status_cancelled,Cancelled,Gekündigt,Lemondva
subscription_status_pending,Pending,Ausstehend,Függőben
subscription_status_unknown,Unknown,Unbekannt,Ismeretlen

taskDescription,Description,Beschreibung,Leírás
taskDescriptionHint,Detailed task description,Detaillierte Aufgabenbeschreibung,Feladat részletes leírása
taskDescriptionHintEnter,Enter = save | Shift+Enter = new line,Enter = speichern | Shift+Enter = neue Zeile,Enter = mentés | Shift+Enter = új sor
categoryAutoSetsPrivacy,Category selection automatically sets privacy field,Kategorieauswahl setzt automatisch das Datenschutzfeld,Kategória kiválasztása automatikusan beállítja a privátság mezőt
dueDate,Due Date,Fälligkeitsdatum,Határidő
noDueDate,Not set,Nicht festgelegt,Nincs beállítva
clearDueDate,Clear due date,Fälligkeitsdatum löschen,Határidő törlése
taskPriority,Priority,Priorität,Prioritás
priorityHighLabel,🔴 High priority,🔴 Hohe Priorität,🔴 Magas prioritás
priorityMediumLabel,🟡 Medium priority,🟡 Mittlere Priorität,🟡 Közepes prioritás
priorityLowLabel,🟢 Low priority,🟢 Niedrige Priorität,🟢 Alacsony prioritás
completionPercentage,Completion percentage,Fertigstellungsgrad,Teljesítési százalék
taskStatusLabel,Status,Status,Státusz
statusActiveLabel,Active,Aktiv,Aktív
statusDraftLabel,📝 Draft,📝 Entwurf,📝 Tervezet
statusInProgressLabel,⚙️ In progress,⚙️ In Bearbeitung,⚙️ Folyamatban
statusCompletedLabel,Completed,Abgeschlossen,Befejezett
privateTaskLabel,Private task,Private Aufgabe,Privát feladat
familyTaskLabel,Family task,Familienaufgabe,Családi feladat
visibleOnlyToYou,Only you can see this task,Nur du kannst diese Aufgabe sehen,Csak te láthatod ezt a feladatot
visibleToFamily,All family members can see it,Alle Familienmitglieder können es sehen,A család összes tagja láthatja
autoSetByCategory,💡 This is automatically set based on selected category,💡 Dies wird automatisch basierend auf der ausgewählten Kategorie festgelegt,💡 Ez automatikusan beállítódik a kiválasztott kategória alapján
taskVisibility,Task visibility,Aufgabensichtbarkeit,Feladat láthatósága
visibilityOnlyMe,Visibility: Only me,Sichtbarkeit: Nur ich,Feladat láthatósága: Csak én
visibilityWholeFamily,Visibility: Whole family,Sichtbarkeit: Ganze Familie,Feladat láthatósága: Teljes család
saveChanges,Save changes,Änderungen speichern,Módosítások mentése
createPrivateTask,Create private task,Private Aufgabe erstellen,Privát feladat létrehozása
createFamilyTask,Create family task,Familienaufgabe erstellen,Családi feladat létrehozása
editTask,Edit task,Aufgabe bearbeiten,Feladat szerkesztése
offlineViewEdit,Offline view - Editing,Offline-Ansicht - Bearbeiten,Offline nézet - Szerkesztés
offlineViewNew,Offline view - New task,Offline-Ansicht - Neue Aufgabe,Offline nézet - Új feladat
offlineModeActiveTitle,🚫 Offline mode active,🚫 Offline-Modus aktiv,🚫 Offline mód aktív
offlineTasksNotEditable,Tasks cannot be edited in offline mode. View-only mode available.,Aufgaben können im Offline-Modus nicht bearbeitet werden. Nur Ansichtsmodus verfügbar.,Offline módban a feladatok nem szerkeszthetők. Csak megtekintési mód elérhető el.
offlineNewTasksNotCreated,New tasks cannot be created in offline mode. Connect to the internet.,Neue Aufgaben können im Offline-Modus nicht erstellt werden. Verbinden Sie sich mit dem Internet.,Offline módban új feladatok nem hozhatók létre. Kapcsolódjon az internetre.
editingModeTitle,Editing mode,Bearbeitungsmodus,Szerkesztési mód
editingModeDescription,All fields can be modified commands can be used,Alle Felder können geändert werden Befehle können verwendet werden,Az összes mező módosítható parancsok használhatók
offlineModeReadOnlyTitle,Offline mode - Read-only,Offline-Modus - Nur lesen,Offline mód - Csak olvasható
offlineModeDataViewOnly,Data can only be viewed in offline mode,Daten können im Offline-Modus nur angezeigt werden,Offline módban csak az adatok megtekinthetők
readOnlyModeLabel,Read-only mode,Nur-Lesen-Modus,Csak olvasható mód
commandsHelpTitle,Commands help,Befehlshilfe,Parancsok segítség
commandsEnabled,Command processing enabled,Befehlsverarbeitung aktiviert,Parancs feldolgozás bekapcsolva
commandsDisabled,Command processing disabled,Befehlsverarbeitung deaktiviert,Parancs feldolgozás kikapcsolva
commandsUseHint,You can use commands (#0321 #p1 #%50 #act) - Enter = save,Sie können Befehle verwenden (#0321 #p1 #%50 #act) - Enter = speichern,Használhatsz parancsokat (#0321 #p1 #%50 #act) - Enter = mentés
commandsDisabledHint,Command processing disabled - Enter = save,Befehlsverarbeitung deaktiviert - Enter = speichern,Parancs feldolgozás kikapcsolva - Enter = mentés
taskNameWithCommands,Task name with commands,Aufgabenname mit Befehlen,Feladat neve parancsokkal
taskNameHintWithCommands,Task name... #0321 #p1 #%50 #act (Enter = save),Aufgabenname... #0321 #p1 #%50 #act (Enter = speichern),Feladat neve... #0321 #p1 #%50 #act (Enter = mentés)
privateToPublicAuto,Private category → Task automatically set to private,Private Kategorie → Aufgabe automatisch auf privat gesetzt,Privát kategória → Feladat automatikusan privátra állítva
publicToFamilyAuto,Shared category → Task automatically shared with family,Geteilte Kategorie → Aufgabe automatisch mit Familie geteilt,Megosztott kategória → Feladat automatikusan családdal megosztva
offlineCategoryNotModifiable,Cannot be modified in offline mode,Kann im Offline-Modus nicht geändert werden,Offline módban nem módosítható
offlineDateNotModifiable,Date selection cannot be modified in offline mode,Datumsauswahl kann im Offline-Modus nicht geändert werden,Offline módban a dátumválasztás nem módosítható
enterToSave,Enter = save,Enter = speichern,Enter = mentés
enterCreateCategory,Enter = create category,Enter = Kategorie erstellen,Enter = kategória létrehozás
categoryCreateHelp,Enter = create category,Enter = Kategorie erstellen,Enter = kategória létrehozása
offlineNewCategoryNotCreated,New categories cannot be created in offline mode,Neue Kategorien können im Offline-Modus nicht erstellt werden,Offline módban új kategória nem hozható létre
saving,Saving...,Speichern...,Mentés...

families,Families,Családok,Familien
modules,Modules,Modulok,Module
profile,Profile,Profil,Profil
statistics,Statistics,Statisztikák,Statistiken

dashboard,Dashboard,Dashboard,Irányítópult
tasks_overview,Tasks Overview,Aufgabenübersicht,Feladatok áttekintése
shopping,Shopping,Einkaufen,Bevásárlás
contacts,Contacts,Kontakte,Kapcsolatok
messages,Messages,Nachrichten,Üzenetek
budget,Budget,Budget,Költségvetés
under_development,Under Development,In Entwicklung,Fejlesztés alatt
under_development_message,This feature is currently under development and will be available soon.,Diese Funktion befindet sich derzeit in der Entwicklung und wird in Kürze verfügbar sein.,Ez a funkció jelenleg fejlesztés alatt áll és hamarosan elérhető lesz.

key,en,de,hu
support_tickets,Support,Unterstützung,Támogatás
new_support_ticket,New Support Ticket,Neues Support-Ticket,Új támogatási kérés
support_ticket_type,Ticket Type,Ticket-Typ,Kérés típusa
bug_report,🐛 Bug Report,🐛 Fehlerbericht,🐛 Hiba bejelentés
feature_request,💡 Feature Request,💡 Feature-Anfrage,💡 Fejlesztési ötlet
support_request,❓ Support Request,❓ Support-Anfrage,❓ Támogatás kérés
ticket_subject,Subject,Betreff,Tárgy
ticket_subject_hint,Enter ticket subject,Betreff eingeben,Add meg a ticket tárgyát
ticket_subject_required,Subject is required,Betreff ist erforderlich,A tárgy megadása kötelező
ticket_message,Message,Nachricht,Üzenet
ticket_message_hint,Describe your issue or request,Beschreiben Sie Ihr Problem,Írd le a problémát vagy kérést
ticket_message_required,Message is required,Nachricht ist erforderlich,Az üzenet megadása kötelező
send_ticket,Send Ticket,Ticket senden,Küldés
ticket_sent_success,Ticket sent successfully!,Ticket erfolgreich gesendet!,Ticket sikeresen elküldve!
ticket_status_open,Open,Offen,Nyitott
ticket_status_in_progress,In Progress,In Bearbeitung,Folyamatban
ticket_status_answered,Answered,Beantwortet,Megválaszolva
ticket_status_closed,Closed,Geschlossen,Lezárt
no_tickets,No support tickets yet,Noch keine Support-Tickets,Még nincs támogatási kérés
no_tickets_description,Create your first support ticket,Erstellen Sie Ihr erstes Support-Ticket,Hozd létre az első támogatási kérésedet
select_ticket,Select a ticket to view details,Wählen Sie ein Ticket aus,Válassz egy ticket-et a részletekhez
ticket_details,Ticket Details,Ticket-Details,Ticket részletei
responses,Responses,Antworten,Válaszok
no_responses,No responses yet,Noch keine Antworten,Még nincs válasz
you,You,Du,Te
admin_response,Admin Response,Admin-Antwort,Admin válasz
loading_tickets,Loading tickets...,Tickets werden geladen...,Ticket-ek betöltése...

shopping_list,Shopping List,Einkaufsliste,Bevásárlólista
shopping_lists,Shopping Lists,Einkaufslisten,Bevásárló listák
shopping_item,Item,Artikel,Tétel
shopping_items,Items,Artikel,Tételek
add_shopping_item,Add Item,Artikel hinzufügen,Tétel hozzáadása
edit_shopping_item,Edit Item,Artikel bearbeiten,Tétel szerkesztése
delete_shopping_item,Delete Item,Artikel löschen,Tétel törlése
no_shopping_items,No items yet,Noch keine Artikel,Még nincs tétel
shopping_item_created,Item added,Artikel hinzugefügt,Tétel hozzáadva
shopping_item_updated,Item updated,Artikel aktualisiert,Tétel frissítve
shopping_item_deleted,Item deleted,Artikel gelöscht,Tétel törölve

item_name,Item Name,Artikelname,Termék neve
item_quantity,Quantity,Menge,Mennyiség
item_quantity_hint,e.g. 2 liters or 1 pack,z.B. 2 Liter oder 1 Packung,pl: 2 liter vagy 1 csomag
item_category,Category,Kategorie,Kategória
item_store,Store,Geschäft,Bolt
item_priority,Priority,Priorität,Prioritás
item_purchase_date,Purchase by,Fällig bis,Határidő
item_assigned_to,Assigned to,Zugewiesen an,Ki veszi meg
item_related_task,Related Task,Zugehörige Aufgabe,Kapcsolódó feladat
item_notes,Notes,Notizen,Megjegyzés
item_private,Private Item,Privater Artikel,Privát tétel

shopping_priority_wishlist,Wishlist,Wunschliste,Álomlista
shopping_priority_low,Low,Niedrig,Alacsony
shopping_priority_medium,Medium,Mittel,Közepes
shopping_priority_high,High,Hoch,Magas

not_purchased,Not Purchased,Nicht gekauft,Nincs megvásárolva
purchased,Purchased,Gekauft,Megvásárolva
mark_as_purchased,Mark as Purchased,Als gekauft markieren,Megvásárolva jelölés
undo_purchase,Undo Purchase,Rückgängig machen,Visszavonás
purchased_by,Purchased by {name},Gekauft von {name},Megvásárolta: {name}
purchased_at,Purchased at {date},Gekauft am {date},Vásárlás: {date}

shopping_category,Category,Kategorie,Kategória
shopping_categories,Categories,Kategorien,Kategóriák
add_shopping_category,Add Category,Kategorie hinzufügen,Kategória hozzáadása
edit_shopping_category,Edit Category,Kategorie bearbeiten,Kategória szerkesztése
delete_shopping_category,Delete Category,Kategorie löschen,Kategória törlése
no_shopping_categories,No categories yet,Noch keine Kategorien,Még nincs kategória
shopping_category_created,Category created,Kategorie erstellt,Kategória létrehozva
shopping_category_updated,Category updated,Kategorie aktualisiert,Kategória frissítve
shopping_category_deleted,Category deleted,Kategorie gelöscht,Kategória törölve
category_name,Category Name,Kategoriename,Kategória neve
category_description,Description,Beschreibung,Leírás
category_color,Color,Farbe,Szín
category_icon,Icon,Symbol,Ikon
category_default_store,Default Store,Standardgeschäft,Alapértelmezett bolt
category_sort_order,Sort Order,Reihenfolge,Sorrend

shopping_store,Store,Geschäft,Bolt
shopping_stores,Stores,Geschäfte,Boltok
add_shopping_store,Add Store,Geschäft hinzufügen,Bolt hozzáadása
edit_shopping_store,Edit Store,Geschäft bearbeiten,Bolt szerkesztése
delete_shopping_store,Delete Store,Geschäft löschen,Bolt törlése
no_shopping_stores,No stores yet,Noch keine Geschäfte,Még nincs bolt
shopping_store_created,Store created,Geschäft erstellt,Bolt létrehozva
shopping_store_updated,Store updated,Geschäft aktualisiert,Bolt frissítve
shopping_store_deleted,Store deleted,Geschäft gelöscht,Bolt törölve
store_name,Store Name,Geschäftsname,Bolt neve
store_address,Address,Adresse,Cím
store_gps_coordinates,GPS Coordinates,GPS-Koordinaten,GPS koordináták
store_latitude,Latitude,Breitengrad,Szélesség
store_longitude,Longitude,Längengrad,Hosszúság
store_no_location,No location set,Kein Standort festgelegt,Nincs hely beállítva

group_by,Group by,Gruppieren nach,Csoportosítás
group_by_store,By Store,Nach Geschäft,Bolt szerint
group_by_category,By Category,Nach Kategorie,Kategória szerint
group_by_priority,By Priority,Nach Priorität,Prioritás szerint
filter_shopping_items,Filter Items,Artikel filtern,Tételek szűrése
show_purchased,Show Purchased,Gekaufte anzeigen,Megvásárolt mutatása
hide_purchased,Hide Purchased,Gekaufte ausblenden,Megvásárolt elrejtése
show_wishlist,Show Wishlist,Wunschliste anzeigen,Álomlista mutatása
only_wishlist,Only Wishlist,Nur Wunschliste,Csak álomlista

quick_add_item,Quick Add,Schnell hinzufügen,Gyors hozzáadás
quick_add_title,Add New Item,Neuen Artikel hinzufügen,Új tétel hozzáadása
add_to_list,Add to List,Zur Liste hinzufügen,Listához adás

shopping_offline_banner,Shopping list offline - View only,Einkaufsliste offline - Nur ansehen,Bevásárlólista offline - Csak olvasható
shopping_offline_create_blocked,Cannot add items in offline mode,Artikel können im Offline-Modus nicht hinzugefügt werden,Offline módban nem adhatsz hozzá tételt
shopping_item_overdue,Overdue,Überfällig,Lejárt
shopping_item_due_today,Due today,Heute fällig,Ma határidő
shopping_items_count,{count} items,{count} Artikel,{count} tétel
no_items_in_group,No items in this group,Keine Artikel in dieser Gruppe,Nincs tétel ebben a csoportban

shopping_item_name_required,Item name is required,Artikelname ist erforderlich,A termék neve kötelező
shopping_category_name_required,Category name is required,Kategoriename ist erforderlich,A kategória neve kötelező
shopping_store_name_required,Store name is required,Geschäftsname ist erforderlich,A bolt neve kötelező
invalid_gps_coordinates,Invalid GPS coordinates,Ungültige GPS-Koordinaten,Érvénytelen GPS koordináták

delete_shopping_item_confirm,Delete this item?,Diesen Artikel löschen?,Törlöd ezt a tételt?
delete_shopping_category_confirm,Delete category '{name}'?,Kategorie '{name}' löschen?,Törlöd a(z) '{name}' kategóriát?
delete_shopping_store_confirm,Delete store '{name}'?,Geschäft '{name}' löschen?,Törlöd a(z) '{name}' boltot?

shopping_item_marked_purchased,Item marked as purchased,Artikel als gekauft markiert,Tétel megvásároltként jelölve
select_item_to_view,Select an item to view details,Wählen Sie einen Artikel aus,Válassz egy tételt a részletek megtekintéséhez

quick_add,Quick Add,Schnellzufügung,Gyors hozzáadás
item_name,Item name,Artikelname,Tétel neve
enter_item_name,Enter item name,Artikelname eingeben,Add meg a tétel nevét
item_name_required,Item name is required,Artikelname ist erforderlich,A tétel neve kötelező
quantity,Quantity,Menge,Mennyiség
unit,Unit,Einheit,Egység
unit_hint,e.g. kg l pcs,z.B. kg l Stk,pl. kg l db
add,Add,Hinzufügen,Hozzáadás
shopping_item_added,Item added successfully,Artikel hinzugefügt,Tétel hozzáadva
shopping_item_updated,Item updated successfully,Artikel aktualisiert,Tétel frissítve
add_shopping_item,Add Shopping Item,Artikel hinzufügen,Új tétel
edit_shopping_item,Edit Shopping Item,Artikel bearbeiten,Tétel szerkesztése
basic_info,Basic Information,Grundinformationen,Alapadatok
details,Details,Details,Részletek
additional_info,Additional Information,Zusätzliche Informationen,További információk
required_field,This field is required,Dieses Feld ist erforderlich,Ez a mező kötelező
invalid_number,Invalid number,Ungültige Nummer,Érvénytelen szám
price,Price,Preis,Ár
calories,Calories,Kalorien,Kalória
notes,Notes,Notizen,Megjegyzés
barcode,Barcode,Strichcode,Vonalkód
optional,Optional,Optional,Opcionális
private_item,Private item,Privater Artikel,Privát tétel
private_item_description,Only visible to you,Nur für dich sichtbar,Csak neked látható
store,Store,Geschäft,Bolt
no_store,No store,Kein Geschäft,Nincs bolt
priority,Priority,Priorität,Prioritás
priority_wishlist,Wishlist,Wunschliste,Kívánságlista
priority_low,Low,Niedrig,Alacsony
priority_medium,Medium,Mittel,Közepes
priority_high,High,Hoch,Magas
due_date,Due date,Fälligkeitsdatum,Határidő
select_date,Select date,Datum wählen,Válassz dátumot

assigned_to,Assigned to,Zugewiesen an,Ki veszi meg
select_family_member,Select family member,Familienmitglied auswählen,Válassz családtagot
no_assignment,No assignment,Keine Zuweisung,Nincs kijelölve
related_task,Related Task,Zugehörige Aufgabe,Kapcsolódó feladat
select_task,Select task,Aufgabe auswählen,Válassz feladatot
no_task,No task,Keine Aufgabe,Nincs feladat
select_store,Select store,Geschäft auswählen,Válassz boltot

key,en,de,hu
settings,Settings,Einstellungen,Beállítások
darkMode,Dark Mode,Dunkles Thema,Sötét mód
lightMode,Light Mode,Helles Thema,Világos mód
systemTheme,System Theme,System-Thema,Rendszer téma
appTitle,Task Manager,Aufgabenmanager,Feladatkezelő
loginTitle,Login,Anmelden,Bejelentkezés
registerTitle,Register,Registrieren,Regisztráció
homeTitle,Home,Startseite,Főoldal
tasksTitle,Tasks,Aufgaben,Feladatok
categoriesTitle,Categories,Kategorien,Kategóriák
newTaskTitle,New Task,Neue Aufgabe,Új feladat
taskDetailsTitle,Task Details,Aufgabendetails,Feladat részletei
user,User,Benutzer,Felhasználó
registerSuccess,Registration successful! Please confirm your email.,Registrierung erfolgreich! Bitte bestätige deine E-Mail.,Sikeres regisztráció! Kérjük erősítsd meg az email címedet.
creating,Creating,Erstelle,Létrehozás
noUserLoggedIn,No user is logged in,Kein Benutzer ist angemeldet,Nincs bejelentkezett felhasználó
refresh,Refresh,Aktualisieren,Frissítés
createNewCategory,Create New Category,Neue Kategorie erstellen,Új kategória létrehozása
editCategory,Edit Category,Kategorie bearbeiten,Kategória szerkesztése
noCategories,No categories yet,Noch keine Kategorien,Nincsenek kategóriák
email,Email,E-Mail,Email cím
emailHint,Enter your email,Gib deine E-Mail-Adresse ein,Add meg az email címed
emailRequired,Email is required,E-Mail ist erforderlich,Az email cím megadása kötelező
emailInvalid,Invalid email format,Ungültiges E-Mail-Format,Érvénytelen email formátum
password,Password,Passwort,Jelszó
passwordHint,Enter your password,Gib dein Passwort ein,Add meg a jelszavad
passwordRequired,Password is required,Passwort ist erforderlich,A jelszó megadása kötelező
passwordTooShort,Password must be at least 6 characters,Passwort muss mindestens 6 Zeichen lang sein,A jelszó legalább 6 karakter hosszú legyen
passwordNeedsDigit,Password must contain a digit,Passwort muss mindestens eine Ziffer enthalten,A jelszónak tartalmaznia kell számot
confirmPassword,Confirm Password,Passwort bestätigen,Jelszó megerősítése
passwordsDontMatch,Passwords don't match,Passwörter stimmen nicht überein,A jelszavak nem egyeznek
fullName,Full Name,Vollständiger Name,Teljes név
fullNameHint,Enter your full name,Gib deinen vollständigen Namen ein,Add meg a teljes neved
fullNameRequired,Full name is required,Vollständiger Name ist erforderlich,A név megadása kötelező
login,Login,Anmelden,Bejelentkezés
register,Register,Registrieren,Regisztráció
logout,Logout,Abmelden,Kijelentkezés
save,Save,Speichern,Mentés
cancel,Cancel,Abbrechen,Mégse
delete,Delete,Löschen,Törlés
edit,Edit,Bearbeiten,Szerkesztés
create,Create,Erstellen,Létrehozás
update,Update,Aktualisieren,Frissítés
forgotPassword,Forgot Password?,Passwort vergessen?,Elfelejtett jelszó?
noAccount,Don't have an account? Register!,Noch kein Konto? Registrieren!,Még nincs fiókod? Regisztrálj!
hasAccount,Already have an account? Login!,Bereits ein Konto? Anmelden!,Már van fiókod? Jelentkezz be!
selectOption,Select an option:,Wähle eine Option:,Válassz az alábbi lehetőségek közül:
taskName,Task Name,Aufgabenname,Feladat neve
taskNameHint,Enter task name,Aufgabenname eingeben,Add meg a feladat nevét
taskNameRequired,Task name is required,Aufgabenname ist erforderlich,A feladat neve kötelező
category,Category,Kategorie,Kategória
selectCategory,Select category,Kategorie auswählen,Válassz kategóriát
noCategory,No category,Keine Kategorie,Nincs kategória
categoryName,Category Name,Kategoriename,Kategória neve
categoryNameHint,Enter category name,Kategoriename eingeben,Add meg a kategória nevét
categoryNameRequired,Category name is required,Kategoriename ist erforderlich,A kategória neve kötelező
categoryDescription,Description (optional),Beschreibung (optional),Leírás (opcionális)
privateTask,Private Task,Private Aufgabe,Privát feladat
privateTaskDescription,If checked only you can see this task,Wenn aktiviert kannst nur du diese Aufgabe sehen,Ha be van jelölve csak te láthatod ezt a feladatot
privateCategory,Private Category,Private Kategorie,Privát kategória
privateCategoryDescription,Private categories are not visible to family members,Private Kategorien sind für Familienmitglieder nicht sichtbar,A privát kategória nem látható a családtagok számára
taskCreated,Task created successfully,Aufgabe erfolgreich erstellt,Feladat sikeresen létrehozva
taskUpdated,Task updated successfully,Aufgabe erfolgreich aktualisiert,Feladat sikeresen frissítve
taskDeleted,Task deleted successfully,Aufgabe erfolgreich gelöscht,Feladat sikeresen törölve
categoryCreated,Category created successfully,Kategorie erfolgreich erstellt,Kategória sikeresen létrehozva
categoryUpdated,Category updated successfully,Kategorie erfolgreich aktualisiert,Kategória sikeresen módosítva
categoryDeleted,Category deleted successfully,Kategorie erfolgreich gelöscht,Kategória sikeresen törölve
error,Error,Fehler,Hiba
generalError,An error occurred,Ein Fehler ist aufgetreten,Hiba történt
connectionError,Connection error,Verbindungsfehler,Kapcsolódási hiba
tryAgain,Try Again,Erneut versuchen,Újrapróbálkozás
status,Status,Status,Státusz
inProgress,In Progress,In Bearbeitung,Folyamatban
completed,Completed,Abgeschlossen,Befejezve
visibility,Visibility,Sichtbarkeit,Láthatóság
private,Private,Privat,Privát
public,Public,Öffentlich,Nyilvános
creationDate,Creation Date,Erstellungsdatum,Létrehozás dátuma
userId,User ID,Benutzer-ID,Felhasználói azonosító
myTasks,My Tasks,Meine Aufgaben,Saját feladatok
familyTasks,Family Tasks,Familienaufgaben,Családi feladatok
noTasks,No tasks yet,Noch keine Aufgaben,Még nincsenek feladatok
noMyTasks,You don't have any tasks yet,Du hast noch keine Aufgaben,Még nincsenek saját feladataid
noFamilyTasks,There are no family tasks yet,Es gibt noch keine Familienaufgaben,Még nincsenek családi feladatok
acceptTerms,I accept the terms and conditions,Ich akzeptiere die Geschäftsbedingungen,Elfogadom a feltételeket és az adatvédelmi irányelveket
termsRequired,You must accept the terms and conditions,Du musst die Geschäftsbedingungen akzeptieren,A feltételek elfogadása kötelező a regisztrációhoz
theme,Theme,Thema,Téma
language,Language,Sprache,Nyelv
changeLanguage,Change Language,Sprache ändern,Nyelv váltása
english,English,Englisch,Angol
german,German,Deutsch,Német
hungarian,Hungarian,Ungarisch,Magyar
deleteConfirmation,Confirm Delete,Löschen bestätigen,Törlés megerősítése
deleteTaskConfirmation,Are you sure you want to delete this task?,Möchtest du diese Aufgabe wirklich löschen?,Biztosan törölni szeretnéd ezt a feladatot?
editProfile,Edit Profile,Profil bearbeiten,Profil szerkesztése
profileUpdated,Profile updated successfully,Profil erfolgreich aktualisiert,Profil sikeresen frissítve
profileLoadError,Failed to load profile data.,Fehler beim Laden der Profildaten.,Nem sikerült betölteni a profil adatokat.
personalData,Personal Data,Persönliche Daten,Személyes adatok
displayName,Display Name,Anzeigename,Megjelenítési név
displayNameRequired,Display name is required,Anzeigename ist erforderlich,A megjelenítési név megadása kötelező
birthDate,Birth Date,Geburtsdatum,Születési dátum
gender,Gender,Geschlecht,Nem
selectGender,Select gender,Geschlecht auswählen,Válassz nemet
male,Male,Männlich,Férfi
female,Female,Weiblich,Nő
other,Other,Andere,Egyéb
preferNotToSay,Prefer not to say,Keine Angabe,Nem szeretném megadni
residenceCity,Residence City,Wohnort,Lakóhely
dateTimeSettings,Date and Time Settings,Datums- und Zeiteinstellungen,Dátum és idő beállítások
dateFormat,Date Format,Datumsformat,Dátum formátum
timeFormat,Time Format,Zeitformat,Idő formátum
selectFormat,Select format,Format auswählen,Válassz formátumot
format24h,24-hour format (e.g. 14:30),24-Stunden-Format (z.B. 14:30),24 órás (pl. 14:30)
format12h,12-hour format (e.g. 2:30 PM),12-Stunden-Format (z.B. 2:30 PM),12 órás (pl. 2:30 PM)
timezone,Timezone,Zeitzone,Időzóna
selectTimezone,Select timezone,Zeitzone auswählen,Válassz időzónát
budapestTimezone,Central European Time (Budapest),Mitteleuropäische Zeit (Budapest),Közép-európai idő (Budapest)
londonTimezone,Greenwich Mean Time (London),Greenwich-Normalzeit (London),Greenwich-i középidő (London)
newYorkTimezone,Eastern Time (New York),Ostküstenzeit (New York),Keleti parti idő (New York)
losAngelesTimezone,Pacific Time (Los Angeles),Pazifikzeit (Los Angeles),Csendes-óceáni idő (Los Angeles)
tokyoTimezone,Japan Time (Tokyo),Japanische Zeit (Tokio),Japán idő (Tokió)
taskSettings,Task Settings,Aufgabeneinstellungen,Feladat beállítások
taskSortOrder,Task Sort Order,Aufgaben-Sortierreihenfolge,Feladatok rendezése
selectSortOrder,Select sort order,Sortierreihenfolge auswählen,Válassz rendezési sorrendet
byDueDate,By due date,Nach Fälligkeitsdatum,Határidő szerint
byPriority,By priority,Nach Priorität,Prioritás szerint
byCreationDate,By creation date,Nach Erstellungsdatum,Létrehozás szerint
byTitle,By title,Nach Titel,Cím szerint
readOnlyInformation,Read-only Information,Schreibgeschützte Informationen,Csak olvasható információk
created,Created,Erstellt,Létrehozva
updated,Updated,Aktualisiert,Frissítve
notSpecified,Not specified,Nicht angegeben,Nincs megadva
profilePicture,Profile Picture,Profilbild,Profilkép
changeProfilePicture,Change Profile Picture,Profilbild ändern,Profilkép módosítása
selectFromGallery,Select from Gallery,Aus Galerie auswählen,Kiválasztás a galériából
takePhoto,Take Photo,Foto aufnehmen,Fénykép készítése
removePhoto,Remove Photo,Foto entfernen,Fénykép eltávolítása
profilePictureUpdated,Profile picture updated successfully,Profilbild erfolgreich aktualisiert,Profilkép sikeresen frissítve
profilePictureRemoved,Profile picture removed successfully,Profilbild erfolgreich entfernt,Profilkép sikeresen eltávolítva
profilePictureUploadError,Error uploading profile picture,Fehler beim Hochladen des Profilbilds,Hiba a profilkép feltöltésekor
dangerZone,Danger Zone,Gefahrenbereich,Veszélyes műveletek
deleteAccount,Delete Account,Konto löschen,Fiók törlése
deleteAccountButton,Delete Account,Konto löschen,Fiók törlése
deleteAccountExplanation,Deleting your account will remove your profile and related data. If you are the only member in your family all data you created will be deleted. If there are other family members your private data will become shared with them.,Das Löschen deines Kontos entfernt dein Profil und zugehörige Daten. Wenn du das einzige Mitglied deiner Familie bist werden alle von dir erstellten Daten gelöscht. Wenn es andere Familienmitglieder gibt werden deine privaten Daten mit ihnen geteilt.,A fiók törlésével a profilod és az ahhoz kapcsolódó adatok törlődnek. Ha te vagy az egyetlen tag a családodban minden általad létrehozott adat törlődni fog. Ha vannak más családtagok is a privát adataid megosztottá válnak velük.
delayedDeletion,30-day delayed deletion,30-Tage verzögerte Löschung,30 napos késleltetett törlés
delayedDeletionDescription,Your account will be deleted after 30 days. You can cancel the deletion request within this period.,Dein Konto wird nach 30 Tagen gelöscht. Du kannst die Löschung innerhalb dieses Zeitraums zurückziehen.,A fiókod 30 nap múlva törlődik. Ezen időszakon belül visszavonhatod a törlési kérelmet.
immediateDeletion,Immediate deletion,Sofortige Löschung,Azonnali törlés
immediateDeletionDescription,Your account and all related data will be deleted immediately. This action cannot be undone!,Dein Konto und alle zugehörigen Daten werden sofort gelöscht. Diese Aktion kann nicht rückgängig gemacht werden!,A fiókod és minden kapcsolódó adat azonnal törlődik. Ez a művelet nem vonható vissza!
confirmDeletion,I acknowledge that my profile and data will be deleted,Ich bestätige dass mein Profil und meine Daten gelöscht werden,Tudomásul veszem hogy a profilom és az adataim törlődni fognak
confirmDeleteRequired,Please confirm the deletion by checking the acknowledgement box,Bitte bestätige die Löschung durch Aktivieren des Bestätigungskästchens,Kérlek erősítsd meg a fiók törlését a jelölőnégyzet bejelölésével
immediateDeleteButton,Delete Account Immediately,Konto sofort löschen,Fiók azonnali törlése
permanentDelete,Permanent Delete,Dauerhaft löschen,Végleges törlés
immediateDeleteConfirmText,Are you sure you want to delete your account IMMEDIATELY? This action CANNOT BE undone and all your data will be deleted immediately! If you are the only member in your family all data you created will be deleted. If there are other family members your private data will become shared with them.,Möchtest du dein Konto SOFORT löschen? Diese Aktion kann NICHT RÜCKGÄNGIG gemacht werden und alle deine Daten werden sofort gelöscht! Wenn du das einzige Mitglied deiner Familie bist werden alle von dir erstellten Daten gelöscht. Wenn es andere Familienmitglieder gibt werden deine privaten Daten mit ihnen geteilt.,Biztosan AZONNAL törölni szeretnéd a fiókodat? Ez a művelet NEM VISSZAVONHATÓ és az összes adatod azonnal törlődik! Ha te vagy az egyetlen tag a családodban minden általad létrehozott adat törlődni fog. Ha más családtagok is vannak a privát adataid megosztottá válnak velük.
delayedDeleteConfirmText,Are you sure you want to delete your account? The deletion process will take 30 days during which you can cancel the deletion request. If you are the only member in your family all data you created will be deleted. If there are other family members your private data will become shared with them.,Möchtest du dein Konto löschen? Der Löschvorgang dauert 30 Tage während derer du die Löschung zurückziehen kannst. Wenn du das einzige Mitglied deiner Familie bist werden alle von dir erstellten Daten gelöscht. Wenn es andere Familienmitglieder gibt werden deine privaten Daten mit ihnen geteilt.,Biztosan törölni szeretnéd a fiókodat? A törlési folyamat 30 napig tart ez idő alatt visszavonhatod a törlési kérelmet. Ha te vagy az egyetlen tag a családodban minden általad létrehozott adat törlődni fog. Ha más családtagok is vannak a privát adataid megosztottá válnak velük.
accountDeletedSuccess,Your account has been deleted.,Dein Konto wurde gelöscht.,Fiókod törölve lett.
accountDeleteScheduledSuccess,Account deletion in progress. Your account will be permanently deleted after 30 days.,Kontolöschung in Bearbeitung. Dein Konto wird nach 30 Tagen dauerhaft gelöscht.,Fiók törlése folyamatban. Fiókod 30 nap múlva törlődik véglegesen.
accountDeleteError,Error deleting account,Fehler beim Löschen des Kontos,Hiba a fiók törlése során
accountScheduledForDeletion,Your account is scheduled for deletion,Dein Konto ist zur Löschung vorgemerkt,Fiókod törlésre vár
accountDeletionExplanation,Your account is scheduled for deletion. If you don't cancel the deletion your account and data will be automatically deleted on the scheduled date.,Dein Konto ist zur Löschung vorgemerkt. Wenn du die Löschung nicht abbrichst werden dein Konto und deine Daten am geplanten Datum automatisch gelöscht.,Fiókod törlésre van ütemezve. Ha nem vonod vissza a törlést fiókod és adataid automatikusan törlésre kerülnek a megadott dátumkor.
deletionRequested,Deletion requested,Löschung beantragt,Törlés kérve
deletionScheduled,Deletion scheduled,Löschung geplant,Törlés végrehajtása
daysRemaining,Days remaining,Verbleibende Tage,Hátralévő idő
cancelDeletion,Cancel Deletion Request,Löschantrag zurückziehen,Törlési kérelem visszavonása
deletionCancelled,Deletion request successfully cancelled,Löschantrag erfolgreich zurückgezogen,Törlési kérelem sikeresen visszavonva
deletionCancelError,Error cancelling deletion request,Fehler beim Zurückziehen des Löschantrags,Hiba történt a törlési kérelem visszavonása közben
deletionStatusError,Error checking deletion status,Fehler beim Prüfen des Löschstatus,Hiba történt a törlési állapot lekérdezésekor
publicCategory,Public Category,Öffentliche Kategorie,Nyilvános kategória
privateTaskWarning,This task is public but belongs to a private category so it will not be visible to others,Diese Aufgabe ist öffentlich gehört aber zu einer privaten Kategorie und ist daher für andere nicht sichtbar,Ez a feladat nyilvános de privát kategóriához tartozik így mások számára nem lesz látható
categoryVisibility,Category Visibility,Kategoriesichtbarkeit,Kategória láthatósága
reminderTitle,Task Reminder,Aufgaben-Erinnerung,Feladat emlékeztető
reminderForTask,Reminder for: {taskName},Erinnerung für: {taskName},Emlékeztető: {taskName}
enableNotifications,Enable notifications,Benachrichtigungen aktivieren,Értesítések bekapcsolása
disableNotifications,Disable notifications,Benachrichtigungen deaktivieren,Értesítések kikapcsolása
notificationsEnabled,Notifications enabled,Benachrichtigungen aktiviert,Értesítések bekapcsolva
notificationsDisabled,Notifications disabled,Benachrichtigungen deaktiviert,Értesítések kikapcsolva
reminderSetFor,Reminder set for {dateTime},Erinnerung eingestellt für {dateTime},Emlékeztető beállítva: {dateTime}
loginFailed,Login Failed,Anmeldung fehlgeschlagen,Sikertelen bejelentkezés
invalidCredentials,Invalid username or password. Please try again.,Ungültiger Benutzername oder Passwort. Bitte versuchen Sie es erneut.,Érvénytelen felhasználónév vagy jelszó. Kérjük, próbáld újra.
forgotPasswordQuestion,Did you forget your password?,Haben Sie Ihr Passwort vergessen?,Elfelejtetted a jelszavadat?
resetPassword,Reset Password,Passwort zurücksetzen,Jelszó visszaállítása
resetPasswordDescription,Enter your email address and we will send you a link to reset your password.,Geben Sie Ihre E-Mail-Adresse ein und wir senden Ihnen einen Link zum Zurücksetzen Ihres Passworts.,Add meg az e-mail címed, és küldünk egy linket a jelszavad visszaállításához.
sendResetLink,Send Reset Link,Link zum Zurücksetzen senden,Visszaállító link küldése
resetLinkSent,Reset Link Sent,Link zum Zurücksetzen gesendet,Visszaállító link elküldve
resetLinkSentDescription,We've sent a password reset link to {email}. Please check your inbox.,Wir haben einen Link zum Zurücksetzen des Passworts an {email} gesendet. Bitte überprüfen Sie Ihren Posteingang.,Elküldtünk egy jelszó-visszaállító linket a következő címre: {email}. Kérjük, ellenőrizd a beérkező üzeneteidet.
resetPasswordFailed,Password Reset Failed,Passwort zurücksetzen fehlgeschlagen,Jelszó visszaállítása sikertelen
ok,OK,OK,Rendben
mobilePermissions,Mobile Permissions,Mobile Berechtigungen,Mobil engedélyek
notificationPermissions,Notification Permissions,Benachrichtigungsberechtigung,Értesítési engedélyek
permissionsCheck,Checking Permissions...,Berechtigungen überprüfen...,Engedélyek ellenőrzése...
exactAlarms,Exact Alarms,Genaue Alarme,Pontos riasztások
enabled,Enabled,Aktiviert,Engedélyezve
notEnabled,Not Enabled,Nicht aktiviert,Nincs engedélyezve
enablePermission,Enable,Aktivieren,Engedélyezés
allSettings,All Settings,Alle Einstellungen,Összes beállítás
androidOnlyFeature,This feature is only available on Android platform.,Diese Funktion ist nur auf der Android-Plattform verfügbar.,Ez a funkció csak Android platformon érhető el.
permissionsMissing,Missing Notification Permissions,Fehlende Benachrichtigungsberechtigungen,Értesítési engedélyek hiányoznak
permissionsDescription,Notification and exact alarm permissions are necessary for the app to function properly.,Benachrichtigungs- und genaue Alarmberechtigung sind für die ordnungsgemäße Funktion der App erforderlich.,Az értesítések és pontos riasztások engedélyezése szükséges az alkalmazás megfelelő működéséhez.
notificationSettings,Notification Settings,Benachrichtigungseinstellungen,Értesítési beállítások
exactAlarmSettings,Exact Alarm Settings,Einstellungen für genaue Alarme,Pontos riasztás beállítások
appSettings,App Settings,App-Einstellungen,App beállítások
close,Close,Schließen,Bezárás
quickView,Quick View,Schnellansicht,Gyors betekintés
detailedEdit,Detailed Edit,Detaillierte Bearbeitung,Részletes szerkesztés
taskActions,Task Actions,Aufgabenaktionen,Feladat műveletek
useDeviceSettings,Use device settings,Geräteeinstellungen verwenden,Eszköz beállítások használata
customSettings,Custom settings,Benutzerdefinierte Einstellungen,Egyéni beállítások
dateFormat_yyyyMMdd,YYYY.MM.DD,JJJJ.MM.TT,ÉÉÉÉ.HH.NN
dateFormat_ddMMyyyy,DD.MM.YYYY,TT.MM.JJJJ,NN.HH.ÉÉÉÉ
dateFormat_mmDdYyyy,MM.DD.YYYY,MM.TT.JJJJ,HH.NN.ÉÉÉÉ
dateFormatExample,Format example,Format Beispiel,Formátum példa
currentSetting,Current setting,Aktuelle Einstellung,Jelenlegi beállítás
preview,Preview,Vorschau,Előnézet
today,Today,Heute,Ma
tomorrow,Tomorrow,Morgen,Holnap
yesterday,Yesterday,Gestern,Tegnap
formatSettings,Format Settings,Format-Einstellungen,Formátum beállítások
chooseFormat,Choose format,Format wählen,Formátum választása
selectDateFormat,Select date format,Datumsformat auswählen,Dátum formátum kiválasztása
selectTimeFormat,Select time format,Zeitformat auswählen,Idő formátum kiválasztása
invalidDateFormat,Invalid date format,Ungültiges Datumsformat,Érvénytelen dátum formátum
dateParseError,Could not parse date,Datum konnte nicht analysiert werden,Nem sikerült a dátum értelmezése
dateFormatHelp,Choose how dates should be displayed throughout the app,Wählen Sie aus wie Daten in der App angezeigt werden sollen,Válaszd ki hogy jelenjenek meg a dátumok az alkalmazásban
timeFormatHelp,Choose between 12-hour and 24-hour time display,Wählen Sie zwischen 12-Stunden- und 24-Stunden-Zeitanzeige,Válassz a 12 órás és 24 órás időformátum között
commandDateHelp,Use #MMDD or #DDMM for due dates,Verwende #MMTT oder #TTMM für Fälligkeitsdaten,Használj #HHNN vagy #NNHH határidőkhöz
commandDateExample,Example: #0315 for March 15th,Beispiel: #0315 für 15. März,Példa: #0315 március 15-re
auto_save_title,Auto-Save,Automatisches Speichern,Automatikus mentés
auto_save_status,Auto-Save Status,Auto-Save Status,Auto-Save állapot
auto_save_active,Active,Aktiv,Aktív
auto_save_inactive,Inactive,Inaktiv,Inaktív
auto_save_saving,Saving...,Speichern...,Mentés...
auto_save_saved,Saved,Gespeichert,Mentve
auto_save_error,Save Error,Speicherfehler,Mentési hiba
auto_save_retry,Retrying...,Wiederholung...,Újrapróbálkozás...
auto_save_force,Force Save,Sofort speichern,Azonnali mentés
auto_save_last_save,Last saved,Zuletzt gespeichert,Utoljára mentve
auto_save_never,Never,Nie,Soha
auto_save_seconds_ago,{count}s ago,vor {count}s,{count}s ezelőtt
auto_save_minutes_ago,{count}m ago,vor {count}m,{count}m ezelőtt
auto_save_hours_ago,{count}h ago,vor {count}h,{count}h ezelőtt
auto_save_success_rate,Success Rate,Erfolgsrate,Sikeres arány
auto_save_total_attempts,Total Attempts,Versuche gesamt,Összes kísérlet
auto_save_successful_saves,Successful Saves,Erfolgreiche Speicherungen,Sikeres mentések
auto_save_failed_saves,Failed Saves,Fehlgeschlagene Speicherungen,Sikertelen mentések
auto_save_stats,Save Statistics,Speicher-Statistiken,Mentési statisztikák
auto_save_debounce_info,Changes are saved automatically after 500ms delay,Änderungen werden automatisch nach 500ms Verzögerung gespeichert,A változások 500ms késleltetés után automatikusan mentődnek
auto_save_local_storage,Local Storage,Lokaler Speicher,Helyi tárolás
auto_save_cloud_storage,Cloud Storage,Cloud-Speicher,Felhő tárolás
auto_save_sync_success,Synced successfully,Erfolgreich synchronisiert,Sikeresen szinkronizálva
auto_save_sync_failed,Sync failed,Synchronisation fehlgeschlagen,Szinkronizálás sikertelen
auto_save_refresh_status,Refresh Status,Status aktualisieren,Állapot frissítése
auto_save_debug_info,Debug Information,Debug-Informationen,Debug információk
auto_save_test_rapid_changes,Test Rapid Changes,Test schnelle Änderungen,Gyors változások teszt
auto_save_test_format_cycle,Test Format Cycle,Test Format-Zyklus,Formátum ciklus teszt
auto_save_test_time_toggle,Test Time Toggle,Test Zeit-Umschaltung,Idő váltás teszt
auto_save_manual_controls,Manual Controls,Manuelle Steuerung,Manuális vezérlés
auto_save_quick_tests,Quick Tests,Schnelltests,Gyors tesztek
auto_save_actions,Actions,Aktionen,Műveletek
auto_save_current_settings,Current Settings,Aktuelle Einstellungen,Jelenlegi beállítások
auto_save_change_counter,Changes made,Anzahl Änderungen,Változtatások száma
auto_save_format_changed,Format changed! Auto-save in 500ms.,Format geändert! Auto-Save in 500ms.,Formátum váltva! Auto-save 500ms múlva.
auto_save_rapid_test_started,Rapid changes test started...,Schnelle Änderungen Test gestartet...,Gyors változások teszt indítása...
auto_save_rapid_test_finished,Rapid changes done! Only the last change will be saved.,Schnelle Änderungen fertig! Nur die letzte Änderung wird gespeichert.,Gyors változások kész! Csak az utolsó mentődik el.
auto_save_welcome_title,Auto-Save System,Auto-Save System,Auto-Save rendszer
auto_save_welcome_subtitle,Welcome to the Auto-Save test application!,Willkommen in der Auto-Save Testanwendung!,Üdvözlünk az Auto-Save teszt alkalmazásban!
auto_save_feature_automatic,Automatic saving,Automatisches Speichern,Automatikus mentés
auto_save_feature_debounce,Debounce logic,Debounce-Logik,Debounce logika
auto_save_feature_retry,Retry mechanism,Wiederholungsmechanismus,Újrapróbálkozási mechanizmus
auto_save_feature_hybrid,Hybrid storage,Hybride Speicherung,Hibrid tárolás
auto_save_feature_monitoring,Real-time monitoring,Echtzeit-Überwachung,Valós idejű monitoring
auto_save_instructions_title,Testing Instructions,Testanweisungen,Tesztelési útmutató
auto_save_launch_test,LAUNCH TEST,TEST STARTEN,TESZT INDÍTÁSA
auto_save_console_tip,Tip: Open the console to view debug messages,Tipp: Öffnen Sie die Konsole für Debug-Nachrichten,Tipp: Nyisd meg a konzolt a debug üzenetek megtekintéséhez
commandParser_invalidDate,Invalid date format: #{0},Ungültiges Datumsformat: #{0},Érvénytelen dátum formátum: #{0}
commandParser_dateParsingError,Date parsing error: #{0},Datum-Analysefehler: #{0},Dátum elemzési hiba: #{0}
commandParser_ambiguousDate,Ambiguous date: #{0} {1},Mehrdeutiges Datum: #{0} {1},Kétértelmű dátum: #{0} {1}
commandParser_invalidPriority,Invalid priority: {0} (must be 1-3),Ungültige Priorität: {0} (muss 1-3 sein),Érvénytelen prioritás: {0} (1-3 között kell lennie)
commandParser_invalidPercentage,Invalid percentage: {0}% (must be 0-100),Ungültiger Prozentsatz: {0}% (muss 0-100 sein),Érvénytelen százalék: {0}% (0-100 között kell lennie)
commandParser_unknownStatus,Unknown status: {0},Unbekannter Status: {0},Ismeretlen státusz: {0}
commandParser_noCommands,No commands found,Keine Befehle gefunden,Nincsenek parancsok
commandParser_typeTaskTitle,Type a task title...,Geben Sie einen Aufgabentitel ein...,Írj be egy feladat címet...
commandParser_parsingPreview,Parsing preview,Parsing-Vorschau,Elemzési előnézet
commandParser_commandsFound,{0} commands found,{0} Befehle gefunden,{0} parancs találva
commandParser_warningsFound,{0} warnings found,{0} Warnungen gefunden,{0} figyelmeztetés találva
commandParser_dateExample_christmas,December 25 (Christmas),25. Dezember (Weihnachten),December 25 (karácsony)
commandParser_dateExample_newYear,January 1 (New Year),1. Januar (Neujahr),Január 1 (újév)
commandParser_dateExample_marchFifteenth,March 15,15. März,Március 15
commandParser_dateExample_dayMonth,day.month,Tag.Monat,nap.hónap
commandParser_dateExample_monthDay,month.day,Monat.Tag,hónap.nap
commandParser_priorityHigh,High priority,Hohe Priorität,Magas prioritás
commandParser_priorityMedium,Medium priority,Mittlere Priorität,Közepes prioritás  
commandParser_priorityLow,Low priority,Niedrige Priorität,Alacsony prioritás
commandParser_statusActive,Active,Aktiv,Aktív
commandParser_statusDraft,Draft,Entwurf,Vázlat
commandParser_statusArchived,Archived,Archiviert,Archivált
commandParser_statusCompleted,Completed,Abgeschlossen,Befejezett
commandParser_parseLogic_yyyymmdd,YYYY.MM.DD → #0315 = March 15,JJJJ.MM.TT → #0315 = 15. März,ÉÉÉÉ.HH.NN → #0315 = március 15
commandParser_parseLogic_ddmmyyyy,DD.MM.YYYY → #1503 = March 15 (day.month),TT.MM.JJJJ → #1503 = 15. März (Tag.Monat),NN.HH.ÉÉÉÉ → #1503 = március 15 (nap.hónap)
commandParser_parseLogic_mmddyyyy,MM.DD.YYYY → #0315 = March 15 (month.day),MM.TT.JJJJ → #0315 = 15. März (Monat.Tag),HH.NN.ÉÉÉÉ → #0315 = március 15 (hónap.nap)
commandParser_ambiguity_couldBe,Could be interpreted as,Könnte interpretiert werden als,Értelmezhető mint
commandParser_ambiguity_currentFormat,Current format interprets as,Aktuelles Format interpretiert als,A jelenlegi formátum szerint
commandParser_ambiguity_suggestion,Consider using full date format,Erwägen Sie die Verwendung des vollständigen Datumsformats,Fontold meg a teljes dátum formátum használatát

# ✅ ÚJ KULCSOK - Cache és teljesítmény
cache_performance,Cache Performance,Cache-Leistung,Cache Teljesítmény
cache_metrics_loading,Loading cache metrics...,Lade Cache-Metriken...,Cache metrikák betöltése...
cache_metrics_error,Error loading metrics,Fehler beim Laden der Metriken,Hiba a metrikák betöltése során
retry,Retry,Wiederholen,Újrapróbálás
refresh_metrics,Refresh Metrics,Metriken aktualisieren,Metrikák frissítése
cache_info,Cache Information,Cache-Informationen,Cache információk
hit_ratio,Hit Ratio,Trefferquote,Találati arány
cache_size,Cache Size,Cache-Größe,Cache méret
active_tables,Active Tables,Aktive Tabellen,Aktív táblák
elements_short,elem,Elem,elem
pieces,pcs,Stk,db
detailed_hit_ratio,Detailed hit ratio,Detaillierte Trefferquote,Részletes találati arány
excellent_cache_performance,Excellent cache performance,Ausgezeichnete Cache-Leistung,Kiváló cache teljesítmény
good_cache_performance,Good cache performance,Gute Cache-Leistung,Jó cache teljesítmény
average_cache_performance,Average cache performance,Durchschnittliche Cache-Leistung,Közepes cache teljesítmény
poor_cache_performance,Poor cache performance,Schlechte Cache-Leistung,Gyenge cache teljesítmény
very_poor_cache_performance,Very poor cache performance,Sehr schlechte Cache-Leistung,Nagyon gyenge cache teljesítmény
detailed_metrics,Detailed Metrics,Detaillierte Metriken,Részletes Metrikák
cache_hits,Cache hits,Cache-Treffer,Cache találatok
cache_misses,Cache misses,Cache-Fehltreffer,Cache hibák
expired_hits,Expired hits,Abgelaufene Treffer,Lejárt találatok
inserts,Inserts,Einfügungen,Beszúrások
updates,Updates,Aktualisierungen,Frissítések
invalidations,Invalidations,Ungültigmachungen,Érvénytelenítések
last_cleanup,Last cleanup,Letzte Bereinigung,Utolsó tisztítás
cleanup,Cleanup,Bereinigung,Tisztítás
clear_all,Clear All,Alle löschen,Teljes törlés
cache_cleanup_successful,Cache cleanup successful,Cache-Bereinigung erfolgreich,Cache tisztítás sikeres
cache_cleanup_error,Cache cleanup error,Cache-Bereinigungsfehler,Hiba a cache tisztítás során
clear_entire_cache,Clear entire cache,Gesamten Cache löschen,Cache teljes törlése
confirm_clear_cache_message,Are you sure you want to delete the entire cache? This will remove all stored data and subsequent queries will be slower.,Sind Sie sicher dass Sie den gesamten Cache löschen möchten? Dies entfernt alle gespeicherten Daten und nachfolgende Abfragen werden langsamer.,Biztos hogy törölni szeretnéd a teljes cache-t? Ez minden tárolt adatot eltávolít és a következő lekérdezések lassabbak lesznek.
entire_cache_cleared,Entire cache cleared,Gesamter Cache gelöscht,Teljes cache törölve
cache_delete_error,Cache delete error,Cache-Löschfehler,Hiba a cache törlése során
cache_info_table_sizes,Table cache sizes,Tabellen-Cache-Größen,Táblák cache mérete
no_cache_data,No cache data,Keine Cache-Daten,Nincs cache adat
cacheCleanupCount,elements deleted,Elemente gelöscht,elem törölve

# ✅ ÚJ KULCSOK - Szűrők
filters,Filters,Filter,Szűrők
activeFilters,Active filters,Aktive Filter,Aktív szűrők
clearFilters,Clear filters,Filter löschen,Szűrők törlése
basicFilters,Basic,Grundlegend,Alapvető
dateFilters,Dates,Daten,Dátumok
categoryFilters,Categories,Kategorien,Kategóriák
advancedFilters,Advanced,Erweitert,Haladó
applyFilters,Apply filters,Filter anwenden,Szűrők alkalmazása
searchQuery,Search,Suche,Keresés
searchTaskTitleDescription,Task title or description,Aufgabentitel oder Beschreibung,Feladat címe vagy leírása
all,All,Alle,Minden
completionStatus,Completion status,Fertigstellungsstatus,Befejezettségi állapot
open,Open,Offen,Nyitott
completionDate,Completion date,Fertigstellungsdatum,Befejezési dátum
completedFrom,Completed from,Abgeschlossen von,Befejezve ettől
completedUntil,Completed until,Abgeschlossen bis,Befejezve eddig
notSet,Not set,Nicht festgelegt,Nincs beállítva
selectDate,Select date,Datum auswählen,Dátum kiválasztása
dueDate,Due date,Fälligkeitsdatum,Határidő
dueDateFrom,Due date from,Fälligkeitsdatum von,Határidő ettől
dueDateUntil,Due date until,Fälligkeitsdatum bis,Határidő eddig
assignedTo,Assigned to,Zugewiesen an,Felelős
selectAssignee,Select assignee,Beauftragten auswählen,Felelős kiválasztása
unknownUser,Unknown user,Unbekannter Benutzer,Ismeretlen felhasználó
taskType,Task type,Aufgabentyp,Feladat típus
mainTasks,Main tasks,Hauptaufgaben,Fő feladatok
subTasks,Sub tasks,Unteraufgaben,Alfeladatok
parentTask,Parent task,Übergeordnete Aufgabe,Szülő feladat
selectParentTask,Select parent task,Übergeordnete Aufgabe auswählen,Szülő feladat kiválasztása
unknownTask,Unknown task,Unbekannte Aufgabe,Ismeretlen feladat
noMainTasksAvailable,No main tasks available,Keine Hauptaufgaben verfügbar,Nincs elérhető fő feladat
tags,Tags,Tags,Címkék
tagsCommaSeparated,Tags (comma separated),Tags (durch Komma getrennt),Címkék (vesszővel elválasztva)
tagsExample,e.g. urgent home project,z.B. dringend zuhause projekt,pl. sürgős otthon projekt
quickFilter,Quick filter,Schnellfilter,Gyors szűrés
detailedFilter,Detailed filter,Detaillierter Filter,Részletes szűrő

# ✅ ÚJ KULCSOK - Offline és fallback
offlineMode,Offline mode,Offline-Modus,Offline mód
cachedDataDisplay,⚡ Cached data display,⚡ Zwischengespeicherte Datenanzeige,⚡ Cache-elt adatok megjelenítése
connectionStatus,Connection status,Verbindungsstatus,Kapcsolódási állapot
online,Online,Online,Online
offline,Offline,Offline,Offline
fromCache,From cache,Aus Cache,Cache-ből
cannotCreateItemsOffline,New items cannot be created in offline mode,Im Offline-Modus können keine neuen Elemente erstellt werden,Offline módban nem lehet új elemeket létrehozni
offlineDataWarning,Without network connection only cached data are available. Creating new items is not possible in offline mode.,Ohne Netzwerkverbindung sind nur zwischengespeicherte Daten verfügbar. Das Erstellen neuer Elemente ist im Offline-Modus nicht möglich.,Hálózati kapcsolat nélkül csak a cache-elt adatok érhetők el. Új elemek létrehozása offline módban nem lehetséges.
toggleOfflineMode,Toggle offline mode,Offline-Modus umschalten,Offline mód ki/be

# ✅ ÚJ KULCSOK - Debug és teszt
currentState,Current state,Aktueller Zustand,Jelenlegi állapot
source,Source,Quelle,Forrás
cloudSynced,Cloud synced,Cloud synchronisiert,Felhő szinkronizálva
on,ON,EIN,BE
off,OFF,AUS,KI
yes,YES,JA,IGEN
no,NO,NEIN,NEM
managerStatus,Manager status,Manager-Status,Manager állapot
basicFallback,Basic fallback,Grundlegendes Fallback,Alapvető fallback
offlineModeSimulation,Offline mode simulation,Offline-Modus-Simulation,Offline mód szimuláció
onlineRestoration,Online restoration,Online-Wiederherstellung,Online visszaállítás
defaultFallback,Default fallback,Standard-Fallback,Alapértelmezett fallback
errorResistance,Error resistance,Fehlertoleranz,Hibatűrés
runAllTests,Run all tests,Alle Tests ausführen,Összes teszt futtatása
testResults,Test results,Testergebnisse,Teszt eredmények
testInitialized,Test widget initialized,Test-Widget initialisiert,Test widget inicializálva
readyForTesting,Ready for testing...,Bereit zum Testen...,Készen áll a tesztelésre...
testsStarted,Tests starting...,Tests starten...,Tesztek indítása...
basicFallbackTest,Basic fallback loading test,Grundlegender Fallback-Ladetest,Alapvető fallback betöltés teszt
initialTestsCompleted,Initial tests completed,Anfangstests abgeschlossen,Kezdeti tesztek befejezve
testCompleted,TEST {number} COMPLETED,TEST {number} ABGESCHLOSSEN,TESZT {number} BEFEJEZVE
testError,TEST {number} ERROR: {error},TEST {number} FEHLER: {error},TESZT {number} HIBA: {error}
allTestsCompleted,All tests completed,Alle Tests abgeschlossen,Összes teszt befejezve
checkResultsAbove,Check the results above!,Überprüfen Sie die Ergebnisse oben!,Ellenőrizd a fenti eredményeket!
resultsCleared,Test results cleared,Testergebnisse gelöscht,Teszt eredmények törölve
readyForNewTesting,Ready for new testing...,Bereit für neue Tests...,Készen áll új tesztelésre...

# ✅ ÚJ KULCSOK - Parancs előnézet és súgó
commandsInTaskTitle,Commands in task title,Befehle im Aufgabentitel,Parancsok a feladat címében
typeTaskTitleWithCommands,Type a task title with commands,Geben Sie einen Aufgabentitel mit Befehlen ein,Írj be egy feladat címet parancsokkal
example_task_commands,Example: Task #0315 #p1 #50% #act,Beispiel: Projekt #0315 #p1 #%50 #act,Példa: Projekt #0315 #p1 #%50 #act
liveParsingFeedback,Live parsing feedback,Live-Parsing-Feedback,Valós idejű parsing visszajelzés
commandsRecognized,{count} commands recognized,{count} Befehle erkannt,{count} parancs felismerve
warnings,Warnings,Warnungen,Figyelmeztetések
noCommands,No commands,Keine Befehle,Nincs parancs
cleanedTitle,Cleaned title,Bereinigter Titel,Tisztított cím
recognizedCommands,Recognized commands,Erkannte Befehle,Felismert parancsok
readiness,Readiness,Bereitschaft,Készültség
examples,Examples,Beispiele,Példák
combinedUsageExample,Combined usage example,Beispiel für kombinierte Verwendung,Kombinált használat példa
parsedResult,Parsed result,Analysiertes Ergebnis,Elemzett eredmény
currentDateFormat,Current date format,Aktuelles Datumsformat,Jelenlegi dátum formátum
dateExamples,Date examples,Datumsbeispiele,Dátum példák
quickTestCases,Quick test cases,Schnelle Testfälle,Gyors teszt esetek

# ✅ ÚJ KULCSOK - Család
join_family,Join family,Familie beitreten,Csatlakozás családhoz
important_family_restriction,Important: A user can only be a member of one family at a time. If you are already a member of a family and join a new family you must first leave your current family.,Wichtig: Ein Benutzer kann nur Mitglied einer Familie gleichzeitig sein. Wenn Sie bereits Mitglied einer Familie sind und einer neuen Familie beitreten müssen Sie zuerst Ihre aktuelle Familie verlassen.,Fontos: Egy felhasználó egyszerre csak egy család tagja lehet. Ha már tagja vagy egy családnak és csatlakozol egy új családhoz előbb ki kell lépned a jelenlegi családodból.
invite_code,Invite code,Einladungscode,Meghívó kód
enter_invite_code,Enter the invite code,Geben Sie den Einladungscode ein,Add meg a meghívó kódot
please_enter_invite_code,Please enter the invite code,Bitte geben Sie den Einladungscode ein,Kérlek add meg a meghívó kódot
verification,Verification,Überprüfung,Ellenőrzés
join,Join,Beitreten,Csatlakozás
family_name,Family name,Familienname,Család neve
expiry_date,Expiry date,Ablaufdatum,Lejárat
invalid_invite_code,Invalid invite code,Ungültiger Einladungscode,Érvénytelen meghívó kód
invite_expired,This invite code is no longer valid (expired or reached maximum usage),Dieser Einladungscode ist nicht mehr gültig (abgelaufen oder maximale Nutzung erreicht),Ez a meghívó kód már nem érvényes (lejárt vagy elérte a maximális felhasználást)
successfully_joined_family,Successfully joined family {familyName}!,Erfolgreich der Familie {familyName} beigetreten!,Sikeresen csatlakoztál a(z) {familyName} családhoz!
user_can_only_belong_to_one_family,A user can only belong to one family at a time. Please leave your current family first in the "Manage Family Members" menu.,Ein Benutzer kann nur einer Familie gleichzeitig angehören. Bitte verlassen Sie zuerst Ihre aktuelle Familie im Menü "Familienmitglieder verwalten".,Egy felhasználó egyszerre csak egy család tagja lehet. Előbb lépj ki a jelenlegi családodból a "Családtagok kezelése" menüpontban.
unknown_error,Unknown error occurred: {error},Unbekannter Fehler ist aufgetreten: {error},Ismeretlen hiba történt: {error}


#naptár

calendar,calendar,Kalender,naptár
calendar_view,calendar view,Kalenderansicht,naptár nézet
events,events,Ereignisse,események
no_events,no events,Keine Ereignisse,nincsenek események
event_details,event details,Ereignisdetails,esemény részletei
calendar_month_view,month view,Monatsansicht,havi nézet
calendar_week_view,week view,Wochenansicht,heti nézet
calendar_day_view,day view,Tagesansicht,napi nézet
calendar_timeline_view,timeline view,Timeline-Ansicht,idővonalas nézet
calendar_filter_all,all,alle,minden
calendar_filter_private,private,privat,privát
calendar_filter_family,family,Familie,családi
calendar_filter_completed,completed,abgeschlossen,befejezett
calendar_filter_pending,pending,ausstehend,függőben
calendar_filter_overdue,overdue,überfällig,lejárt
calendar_filter_today,today,heute,mai
due_tasks,due tasks,fällige Aufgaben,esedékes feladatok
overdue_tasks,overdue tasks,überfällige Aufgaben,lejárt feladatok
completed_tasks,completed tasks,abgeschlossene Aufgaben,befejezett feladatok
today_tasks,today's tasks,heutige Aufgaben,mai feladatok
sync_calendar,sync calendar,Kalender synchronisieren,naptár szinkronizálása
calendar_offline,calendar offline,Kalender offline,naptár offline
manual_refresh,manual refresh,manuelle Aktualisierung,manuális frissítés
pull_to_refresh,pull to refresh,zum Aktualisieren ziehen,húzza le a frissítéshez
syncing,syncing,synchronisiere,szinkronizálás
last_synced,last synced,zuletzt synchronisiert,utolsó szinkronizálás
calendar_cache_loading,loading calendar,Kalender wird geladen,naptár betöltése
calendar_cache_offline,offline data,Offline-Daten,offline adatok
calendar_cache_synced,synced,synchronisiert,szinkronizálva
calendar_cache_error,loading error,Ladefehler,betöltési hiba
previous_month,previous month,vorheriger Monat,előző hónap
next_month,next month,nächster Monat,következő hónap
today_button,today,heute,ma
go_to_date,go to date,zu Datum springen,ugrás dátumra
event_title,event title,Ereignistitel,esemény címe
event_date,event date,Ereignisdatum,esemény dátuma
event_time,event time,Ereigniszeit,esemény ideje
event_priority,priority,Priorität,prioritás
event_category,category,Kategorie,kategória
event_assignee,assignee,Verantwortlicher,felelős
event_status,status,Status,állapot
event_description,description,Beschreibung,leírás
priority_high,high,hoch,magas
priority_medium,medium,mittel,közepes
priority_low,low,niedrig,alacsony
calendar_error_load,error loading calendar,Fehler beim Laden des Kalenders,hiba a naptár betöltésekor
calendar_error_sync,sync error,Synchronisierungsfehler,szinkronizálási hiba
calendar_no_connection,no internet connection,keine Internetverbindung,nincs internetkapcsolat
calendar_retry,retry,erneut versuchen,újrapróbálkozás
morning,morning,Morgen,reggel
afternoon,afternoon,Nachmittag,délután
evening,evening,Abend,este
night,night,Nacht,éjjel
all_day,all day,ganztägig,egész nap
group_by_category,group by category,nach Kategorie gruppieren,csoportosítás kategória szerint
group_by_priority,group by priority,nach Priorität gruppieren,csoportosítás prioritás szerint
group_by_assignee,group by assignee,nach Verantwortlichem gruppieren,csoportosítás felelős szerint
group_by_status,group by status,nach Status gruppieren,csoportosítás állapot szerint
no_grouping,no grouping,keine Gruppierung,nincs csoportosítás
search_events,search events,Ereignisse suchen,események keresése
search_placeholder,search...,suchen...,keresés...
search_results,search results,Suchergebnisse,keresési eredmények
no_search_results,no results found,keine Ergebnisse gefunden,nincs találat
calendar_settings,calendar settings,Kalender-Einstellungen,naptár beállítások
show_weekends,show weekends,Wochenenden anzeigen,hétvégék megjelenítése
week_starts_monday,week starts on Monday,Woche beginnt am Montag,hét hétfőn kezdődik
show_completed,show completed tasks,abgeschlossene Aufgaben anzeigen,befejezett feladatok megjelenítése
auto_sync,auto sync,automatische Synchronisation,automatikus szinkronizálás
sync_status_idle,Üresjárat,Leerlauf,Idle
sync_status_syncing,Szinkronizálás,Synchronisierung,Syncing
sync_status_success,Sikeres,Erfolgreich,Success
sync_status_error,Hiba,Fehler,Error
sync_status_offline,Offline,Offline,Offline
sync_synchronized,Szinkronizálva,Synchronisiert,Synchronized
sync_syncing,Szinkronizálás...,Synchronisierung...,Syncing...
sync_updated,Frissítve,Aktualisiert,Updated
sync_error,Szinkronizálási hiba,Synchronisierungsfehler,Sync error
sync_offline_mode,Offline mód,Offline-Modus,Offline mode
refresh_state_idle,Üresjárat,Leerlauf,Idle
refresh_state_refreshing,Frissítés,Aktualisierung,Refreshing
refresh_state_success,Sikeres,Erfolgreich,Success
refresh_state_error,Hiba,Fehler,Error
manual_refresh,Manuális frissítés,Manuelle Aktualisierung,Manual refresh
pull_to_refresh,Húzza le a frissítéshez,Zum Aktualisieren ziehen,Pull to refresh
refresh_now,Frissítés most,Jetzt aktualisieren,Refresh now
quick_refresh,Gyors frissítés,Schnelle Aktualisierung,Quick refresh
full_refresh,Teljes frissítés,Vollständige Aktualisierung,Full refresh
background_refresh,Háttér frissítés,Hintergrund-Aktualisierung,Background refresh
last_sync,Utolsó szinkronizálás,Letzte Synchronisation,Last sync
never_synced,Soha,Nie,Never
just_now,Most,Gerade eben,Just now
seconds_ago,{0}s ezelőtt,vor {0}s,{0}s ago
minutes_ago,{0}m ezelőtt,vor {0}m,{0}m ago
hours_ago,{0}ó ezelőtt,vor {0}h,{0}h ago
days_ago,{0}n ezelőtt,vor {0}d,{0}d ago
network_online,Online,Online,Online
network_offline,Offline,Offline,Offline
no_internet_connection,Nincs internetkapcsolat,Keine Internetverbindung,No internet connection
connection_restored,Kapcsolat helyreállt,Verbindung wiederhergestellt,Connection restored
sync_failed,Szinkronizálás sikertelen,Synchronisation fehlgeschlagen,Sync failed
refresh_failed,Frissítés sikertelen,Aktualisierung fehlgeschlagen,Refresh failed
cannot_sync_offline,Offline módban nem lehet szinkronizálni,Synchronisation im Offline-Modus nicht möglich,Cannot sync in offline mode
retry_when_online,Újrapróbálás online módban,Bei Online-Verbindung wiederholen,Retry when online
cache_loading,Betöltés cache-ből,Laden aus Cache,Loading from cache
cache_offline_data,Offline adatok,Offline-Daten,Offline data
cache_synced_data,Szinkronizált adatok,Synchronisierte Daten,Synced data
cache_stale_data,Elavult adatok,Veraltete Daten,Outdated data
pending_changes,Függőben lévő változások,Ausstehende Änderungen,Pending changes
no_pending_changes,Nincs függőben lévő változás,Keine ausstehenden Änderungen,No pending changes
changes_count,{0} változás,{0} Änderungen,{0} changes
sync_pending_changes,Függőben lévő változások szinkronizálása,Ausstehende Änderungen synchronisieren,Sync pending changes
invalidation_sync_change,Szinkronizálási állapot változott,Synchronisationsstatus geändert,Sync status changed
invalidation_manual_refresh,Manuális frissítés aktiválva,Manuelle Aktualisierung ausgelöst,Manual refresh triggered
invalidation_date_change,Dátum változott,Datum geändert,Date changed
invalidation_view_change,Nézet típus változott,Ansichtstyp geändert,View type changed
invalidation_network_change,Hálózati állapot változott,Netzwerkstatus geändert,Network status changed
invalidation_background_refresh,Háttér frissítés,Hintergrund-Aktualisierung,Background refresh
tap_to_refresh,Érintsd meg a frissítéshez,Zum Aktualisieren tippen,Tap to refresh
sync_in_progress,Szinkronizálás folyamatban,Synchronisation läuft,Sync in progress
sync_completed,Szinkronizálás befejezve,Synchronisation abgeschlossen,Sync completed
offline_mode_active,Offline mód aktív,Offline-Modus aktiv,Offline mode active
sync_performance,Szinkronizálási teljesítmény,Synchronisationsleistung,Sync performance
invalidation_events,Invalidálási események,Invalidierungsereignisse,Invalidation events
cache_warming,Cache melegítés,Cache-Aufwärmung,Cache warming
background_operations,Háttér műveletek,Hintergrundoperationen,Background operations
force_sync,Szinkronizálás kényszerítése,Synchronisation erzwingen,Force sync
simulate_offline,Offline szimuláció,Offline simulieren,Simulate offline
restore_online,Online visszaállítás,Online wiederherstellen,Restore online
clear_events,Események törlése,Ereignisse löschen,Clear events
auto_sync,Automatikus szinkronizálás,Automatische Synchronisation,Auto sync
sync_frequency,Szinkronizálási gyakoriság,Synchronisationsfrequenz,Sync frequency
background_sync,Háttér szinkronizálás,Hintergrund-Synchronisation,Background sync
sync_on_startup,Induláskor szinkronizálás,Synchronisation beim Start,Sync on startup
event_details,Event details,Event-Details,Esemény részletei
event_card_tap_to_view,Tap to view details,Tippen für Details,Koppints a részletekért
event_card_offline_data,Offline data,Offline-Daten,Offline adat
event_card_synced_data,Synced data,Synchronisierte Daten,Szinkronizált adat
event_card_pending_sync,Pending sync,Synchronisation ausstehend,Szinkronizálásra vár
completion_percentage,Completion percentage,Fertigstellungsgrad,Befejezés százaléka
due_date,Due date,Fälligkeitsdatum,Határidő
created_date,Created,Erstellt,Létrehozva
completed_date,Completed,Abgeschlossen,Befejezve
task_status,Task status,Aufgabenstatus,Feladat állapot
task_overdue,Overdue,Überfällig,Lejárt
task_due_today,Due today,Heute fällig,Ma van a határideje
task_in_progress,In progress,In Bearbeitung,Folyamatban
task_completed,Completed,Abgeschlossen,Befejezett
task_private,Private,Privat,Privát
task_family,Family,Familie,Családi
edit_event,Edit event,Ereignis bearbeiten,Esemény szerkesztése
close_modal,Close,Schließen,Bezárás
view_task_details,View task details,Aufgabendetails anzeigen,Feladat részletei
sync_info,Sync information,Synchronisationsinformationen,Szinkronizációs információ
pending_changes_count,Pending changes,Ausstehende Änderungen,Függőben lévő változások
last_sync_time,Last sync,Letzte Synchronisation,Utolsó szinkronizálás
cache_status,Cache status,Cache-Status,Cache állapot
network_status,Network status,Netzwerkstatus,Hálózati állapot
offline_indicator,Offline indicator,Offline-Anzeige,Offline jelző
priority_indicator,Priority indicator,Prioritätsanzeige,Prioritás jelző
category_color,Category color,Kategoriefarbe,Kategória szín
progress_indicator,Progress indicator,Fortschrittsanzeige,Haladás jelző
today_short,Today,Heute,Ma
tomorrow_short,Tomorrow,Morgen,Holnap
yesterday_short,Yesterday,Gestern,Tegnap
this_week,This week,Diese Woche,Ezen a héten
next_week,Next week,Nächste Woche,Jövő héten
last_week,Last week,Letzte Woche,Múlt héten
monday_short,Monday,Montag,Hétfő
tuesday_short,Tuesday,Dienstag,Kedd
wednesday_short,Wednesday,Mittwoch,Szerda
thursday_short,Thursday,Donnerstag,Csütörtök
friday_short,Friday,Freitag,Péntek
saturday_short,Saturday,Samstag,Szombat
sunday_short,Sunday,Sonntag,Vasárnap
jan_short,Jan,Jan,Jan
feb_short,Feb,Feb,Feb
mar_short,Mar,Mär,Már
apr_short,Apr,Apr,Ápr
may_short,May,Mai,Máj
jun_short,Jun,Jun,Jún
jul_short,Jul,Jul,Júl
aug_short,Aug,Aug,Aug
sep_short,Sep,Sep,Sze
oct_short,Oct,Okt,Okt
nov_short,Nov,Nov,Nov
dec_short,Dec,Dez,Dec
event_tags,Tags,Tags,Címkék
no_description,No description,Keine Beschreibung,Nincs leírás
no_category,No category,Keine Kategorie,Kategória nélkül
no_assignee,No assignee,Kein Verantwortlicher,Nincs felelős
no_tags,No tags,Keine Tags,Nincs címke
loading_event_details,Loading event details,Lade Event-Details,Esemény részletek betöltése
error_loading_event,Error loading event,Fehler beim Laden des Events,Hiba az esemény betöltésekor
retry_load_event,Retry loading,Erneut versuchen,Újrapróbálás
calendar_month_view,Month,Monat,Hónap
calendar_week_view,Week,Woche ,Hét
calendar_day_view,Day,Tag,Nap
calendar_timeline_view,Timeline,Zeitlinie,Idősor
calendar_today_button,Today,Heute,Ma
calendar_refresh,Refresh,Aktualisieren,Frissítés
calendar_settings,Settings,Einstellungen,Beállítások
create_new_event,New event,Neues Ereignis,Új esemény
export,Export,Exportieren,Exportálás
switching_to_month_view,Switching to month view,Wechsel zur Monatsansicht,Váltás havi nézetre
switching_to_week_view,Switching to week view,Wechsel zur Wochenansicht,Váltás heti nézetre
switching_to_day_view,Switching to day view,Wechsel zur Tagesansicht,Váltás napi nézetre
switching_to_timeline_view,Switching to timeline view,Wechsel zur Zeitlinienansicht,Váltás idővonal nézetre
navigating_to_today,Going to today,Zum heutigen Tag springen,Ugrás a mai napra
calendar_navigation_previous,Previous,Vorherige,Előző
calendar_navigation_next,Next,Nächste,Következő
monthly_summary,Monthly Summary,Monatliche Zusammenfassung,Havi Összesítő
weekly_summary,Weekly Summary,Wöchentliche Zusammenfassung,Heti Összesítő
daily_summary,Daily Summary,Tägliche Zusammenfassung,Napi Összesítő
timeline_summary,Timeline Summary,Zeitlinien Zusammenfassung,Idővonalas Összesítő
events_completed,Completed,Abgeschlossen,Befejezett
events_in_progress,In Progress,In Bearbeitung,Folyamatban
events_high_priority,High Priority,Hohe Priorität,Magas prioritás
events_total,Total Events,Gesamt Ereignisse,Összes esemény
quick_action_new_task,New task,Neue Aufgabe,Új feladat
quick_action_go_today,Go to today,Zu heute gehen,Mai napra
quick_action_filter,Filter,Filtern,Szűrés
morning,Morning,Morgen,Reggel
afternoon,Afternoon,Nachmittag,Délután
evening,Evening,Abend,Este
night,Night,Nacht,Éjszaka
no_events_today,No events today,Keine Ereignisse heute,Nincs esemény ma
no_events_this_week,No events this week,Keine Ereignisse diese Woche,Nincs esemény ezen a héten
no_events_this_month,No events this month,Keine Ereignisse diesen Monat,Nincs esemény ebben a hónapban
no_events_timeline,No events on timeline,Keine Ereignisse auf der Zeitlinie,Nincs esemény az idővonalon
loading_calendar,Loading calendar,Kalender wird geladen,Naptár betöltése
loading_events,Loading events,Ereignisse werden geladen,Események betöltése
loading_view,Loading view,Ansicht wird geladen,Nézet betöltése
calendar_load_error,Error loading calendar,Fehler beim Laden des Kalenders,Hiba a naptár betöltésekor
calendar_sync_error,Sync error,Synchronisierungsfehler,Szinkronizálási hiba
calendar_network_error,Network error,Netzwerkfehler,Hálózati hiba
month_view_description,Display full month,Ganzen Monat anzeigen,Teljes hónap megjelenítése
week_view_description,Display one week,Eine Woche anzeigen,Egy hét megjelenítése
day_view_description,Display detailed day,Detaillierten Tag anzeigen,Egy nap részletes megjelenítése
timeline_view_description,Events in chronological order,Ereignisse in chronologischer Reihenfolge,Események kronológiai sorrendben
today_label,Today,Heute,Ma
tomorrow_label,Tomorrow,Morgen,Holnap
yesterday_label,Yesterday,Gestern,Tegnap
this_week,This week,Diese Woche,Ezen a héten
next_week,Next week,Nächste Woche,Jövő héten
last_week,Last week,Letzte Woche,Múlt héten
calendar_go_previous,Previous period,Vorheriger Zeitraum,Előző időszak
calendar_go_next,Next period,Nächster Zeitraum,Következő időszak
calendar_select_date,Select date,Datum auswählen,Dátum kiválasztása
view_event_details,View event details,Ereignisdetails anzeigen,Esemény részletei
edit_event,Edit event,Ereignis bearbeiten,Esemény szerkesztése
delete_event,Delete event,Ereignis löschen,Esemény törlése
mark_completed,Mark completed,Als abgeschlossen markieren,Befejezettnek jelölés
calendar_accessibility_month,Monthly calendar view,Monatliche Kalenderansicht,Havi naptár nézet
calendar_accessibility_week,Weekly calendar view,Wöchentliche Kalenderansicht,Heti naptár nézet
calendar_accessibility_day,Daily calendar view,Tägliche Kalenderansicht,Napi naptár nézet
calendar_accessibility_timeline,Timeline calendar view,Zeitlinien Kalenderansicht,Idővonalas naptár nézet
category_created_by,Created by: {name},Erstellt von: {name},Létrehozta: {name}
category_edit_no_permission,Only the creator or family administrator can edit this category,Nur der Ersteller oder Familienadministrator kann diese Kategorie bearbeiten,Csak a létrehozó vagy családi adminisztrátor szerkesztheti ezt a kategóriát
category_delete_no_permission,Only the creator or family administrator can delete this category,Nur der Ersteller oder Familienadministrator kann diese Kategorie löschen,Csak a létrehozó vagy családi adminisztrátor törölheti ezt a kategóriát
category_permission_denied,Permission denied,Berechtigung verweigert,Nincs jogosultság
category_admin_or_creator_only,Only parent or creator can modify,Nur Elternteil oder Ersteller kann ändern,Csak szülő vagy létrehozó módosíthatja

databaseUnavailable,The server is currently unavailable. Please try again later.,Der Server ist derzeit nicht verfügbar. Bitte versuchen Sie es später erneut.,A szerver jelenleg nem elérhető. Kérjük próbálja meg később.
networkOfflineError,No internet connection. Please check your network settings.,Keine Internetverbindung. Bitte überprüfen Sie Ihre Netzwerkeinstellungen.,Nincs internetkapcsolat. Ellenőrizze a hálózati beállításokat.
authenticationError,Authentication error. Please check your credentials.,Authentifizierungsfehler. Bitte überprüfen Sie Ihre Anmeldedaten.,Bejelentkezési hiba. Ellenőrizze az adatokat.
connectionTimeout,Connection timed out. Please try again.,Verbindung unterbrochen. Bitte versuchen Sie es erneut.,A kapcsolat időtúllépés miatt megszakadt. Próbálja újra.
loginGeneralError,An error occurred during login. Please try again.,Ein Fehler ist bei der Anmeldung aufgetreten. Bitte versuchen Sie es erneut.,Hiba történt a bejelentkezés során. Próbálja újra.
errorDetails,Error Details,Fehlerdetails,Hiba részletei
errorCategory,Category,Kategorie,Kategória
debugInfo,Debug,Debug,Debug
originalErrorLabel,Original error,Ursprünglicher Fehler,Eredeti hiba
closeDialog,Close,Schließen,Bezárás


calendar_selected_date,Selected date,Ausgewähltes Datum,Kiválasztott dátum
calendar_today_button,Today,Heute,Mai nap
calendar_refresh,Refresh,Aktualisieren,Frissítés
calendar_tasks_for_day,Tasks - {date},Aufgaben - {date},Feladatok - {date}
calendar_no_tasks,No tasks on this day,Keine Aufgaben an diesem Tag,Nincsenek feladatok ezen a napon
calendar_offline_no_tasks,No tasks in offline mode,Keine Aufgaben im Offline-Modus,Offline módban nincsenek feladatok
calendar_offline_banner,Offline mode - Calendar data limited,Offline-Modus - Kalenderdaten begrenzt,Offline mód - Naptár adatok korlátozottak
calendar_offline_action_blocked,This feature is unavailable in offline mode,Diese Funktion ist im Offline-Modus nicht verfügbar,Offline módban ez a funkció nem elérhető


# Register page általános
registerTitle,Regisztráció,Register,Registrieren
registerAndJoin,Regisztráció és csatlakozás,Register and Join,Registrieren und Beitreten

# Meghívó kód
inviteCode,Meghívó kód,Invite Code,Einladungscode
inviteCodeHint,Add meg a kapott meghívó kódot,Enter the invite code you received,Geben Sie den erhaltenen Einladungscode ein
inviteCodeRequired,A meghívó kód nem lehet üres,Invite code cannot be empty,Einladungscode darf nicht leer sein
invalidInviteCode,Érvénytelen meghívó kód: {error},Invalid invite code: {error},Ungültiger Einladungscode: {error}
invalidInviteCodeMessage,Érvénytelen meghívó kód,Invalid invite code,Ungültiger Einladungscode
inviteCodeExpired,Ez a meghívó kód már nem érvényes,This invite code is no longer valid,Dieser Einladungscode ist nicht mehr gültig
inviteCheckError,Hiba történt a meghívó ellenőrzése közben,Error checking invite code,Fehler beim Überprüfen des Einladungscodes
checkInvite,Ellenőrzés,Check,Prüfen
joiningFamily,Csatlakozás: {familyName},Joining: {familyName},Beitritt: {familyName}

# Családhoz csatlakozás
joinFamilyWithInvite,Csatlakozás családhoz meghívó kóddal,Join family with invite code,Mit Einladungscode zur Familie beitreten
familyJoinSuccess,Sikeresen csatlakoztál a családhoz!,Successfully joined the family!,Erfolgreich der Familie beigetreten!
familyJoinError,Hiba a családhoz csatlakozás során: {error},Error joining family: {error},Fehler beim Beitritt zur Familie: {error}

# Hibaüzenetek
profileCreationError,Hiba a felhasználói fiók létrehozásakor. Kérjük próbálja meg újra más email címmel.,Error creating user account. Please try again with a different email.,Fehler beim Erstellen des Benutzerkontos. Bitte versuchen Sie es mit einer anderen E-Mail erneut.
registrationError,Regisztrációs hiba,Registration error,Registrierungsfehler
emailAlreadyRegistered,Ez az email cím már regisztrálva van. Kérjük jelentkezz be!,This email address is already registered. Please log in!,Diese E-Mail-Adresse ist bereits registriert. Bitte melde dich an!

# Egyéb
fullNameHint,Teljes neved (opcionális),Your full name (optional),Ihr vollständiger Name (optional)

myTasksOffline,My Tasks (Offline),Meine Aufgaben (Offline),Saját feladatok (Offline)
offlineModeOnlyCached,Offline mode - Only cached data available,Offline-Modus - Nur zwischengespeicherte Daten verfügbar,Offline mód - Csak cache-elt adatok érhetők el
offlineModeTasksReadonly,Tasks cannot be modified in offline mode,Aufgaben können im Offline-Modus nicht geändert werden,Offline módban a feladatok állapota nem módosítható
errorOccurred,An error occurred,Ein Fehler ist aufgetreten,Hiba történt
active,Active,Aktiv,Aktív
hidden,Hidden,Versteckt,Rejtett
hiddenCompleted,hidden completed,versteckte abgeschlossene,rejtett befejezett
inactive,INACTIVE,INAKTIV,INAKTÍV
today,Today,Heute,Ma
tomorrow,Tomorrow,Morgen,Holnap
yesterday,Yesterday,Gestern,Tegnap
daysAgo,{count} days ago,vor {count} Tagen,{count} napja lejárt
daysFromNow,in {count} days,in {count} Tagen,{count} nap múlva
noTasksToDisplay,No tasks to display,Keine Aufgaben anzuzeigen,Nincs megjeleníthető feladat
unnamedTask,Unnamed task,Unbenannte Aufgabe,Névtelen feladat
advancedFilters,Advanced Filters,Erweiterte Filter,Részletes szűrők
showCompleted,Show completed,Zeige abgeschlossene,Befejezettek mutatása
hideCompleted,Hide completed,Verberge abgeschlossene,Befejezettek elrejtése
sortBy,Sort by,Sortieren nach,Rendezés
sortByName,Name,Name,Név
sortByDueDate,Due date,Fälligkeitsdatum,Határidő
sortByPriority,Priority,Priorität,Prioritás

offlineModeTitle,Offline Mode,Offline-Modus,Offline mód
offlineModeRefreshUnavailable,Refresh is not available in offline mode,Aktualisierung ist im Offline-Modus nicht verfügbar,Offline módban a frissítés nem elérhető
offlineModeWarning,Offline Mode Warning,Offline-Modus Warnung,Offline mód figyelmeztetés
offlineModeLogoutConfirm,You are in offline simulation mode. Are you sure you want to log out?,Sie befinden sich im Offline-Simulationsmodus. Möchten Sie sich wirklich abmelden?,Offline szimulációs módban vagy. Biztosan ki szeretnél jelentkezni?
offlineModeNavigationLimited,Offline mode - Navigation available but limited functionality,Offline-Modus - Navigation verfügbar aber eingeschränkte Funktionalität,Offline mód - Navigáció elérhető de korlátozott funkciók


offlineModeTitle,Offline Mode,Offline-Modus,Offline mód
offlineModeRefreshUnavailable,Refresh is not available in offline mode,Aktualisierung ist im Offline-Modus nicht verfügbar,Offline módban a frissítés nem elérhető
offlineModeWarning,Offline Mode Warning,Offline-Modus Warnung,Offline mód figyelmeztetés
offlineModeLogoutConfirm,You are in offline simulation mode. Are you sure you want to log out?,Sie befinden sich im Offline-Simulationsmodus. Möchten Sie sich wirklich abmelden?,Offline szimulációs módban vagy. Biztosan ki szeretnél jelentkezni?
offlineModeNavigationLimited,Offline mode - Navigation available but limited functionality,Offline-Modus - Navigation verfügbar aber eingeschränkte Funktionalität,Offline mód - Navigáció elérhető de korlátozott funkciók
categories,Categories,Kategorien,Kategóriák
offlineModeActive,Offline mode active,Offline-Modus aktiv,Offline mód aktív
cachedDataDisplay,Showing cached data,Zwischengespeicherte Daten anzeigen,Cache-elt adatok megjelenítése
noCategoriesFound,No categories found,Keine Kategorien gefunden,Nincs kategória
createFirstCategory,Create your first category,Erstelle deine erste Kategorie,Hozd létre az első kategóriádat
newCategory,New Category,Neue Kategorie,Új kategória
editCategory,Edit Category,Kategorie bearbeiten,Kategória szerkesztése
categoryName,Category name,Kategoriename,Kategória neve
enterCategoryName,Enter category name,Kategoriename eingeben,Írd be a kategória nevét
optionalDescription,Optional description,Optionale Beschreibung,Opcionális leírás
makePrivate,Make private,Privat machen,Legyen privát
categoryColor,Category color,Kategoriefarbe,Kategória színe
activeTasks,Active tasks,Aktive Aufgaben,Aktív feladatok
completedTasks,Completed tasks,Abgeschlossene Aufgaben,Befejezett feladatok
deleteCategory,Delete category,Kategorie löschen,Kategória törlése
deleteCategoryConfirm,Are you sure you want to delete "{name}" category?,Möchten Sie die Kategorie "{name}" wirklich löschen?,Biztosan törölni szeretnéd a "{name}" kategóriát?
categoryCreated,Category created,Kategorie erstellt,Kategória létrehozva
categoryUpdated,Category updated,Kategorie aktualisiert,Kategória frissítve
categoryDeleted,Category deleted,Kategorie gelöscht,Kategória törölve
noPermissionEditCategory,You don't have permission to edit this category,Sie haben keine Berechtigung diese Kategorie zu bearbeiten,Nincs jogosultságod szerkeszteni ezt a kategóriát
cannotMakePrivate,Cannot make private,Kann nicht privat gemacht werden,Nem tehető privattá
categoryContainsPublicTasks,This category contains public tasks. Move or make them private first.,Diese Kategorie enthält öffentliche Aufgaben. Verschieben oder privat machen Sie sie zuerst.,Ez a kategória nyilvános feladatokat tartalmaz. Először ezeket privattá kell tenni vagy át kell helyezni őket másik kategóriába.
offlineNoOperations,Operations not available in offline mode,Operationen im Offline-Modus nicht verfügbar,Offline módban a műveletek nem elérhetők
offlineViewOnly,View only mode,Nur Ansichtsmodus,Csak megtekintés módban
selectCategoryToEdit,Select a category to edit,Wählen Sie eine Kategorie zum Bearbeiten,Válassz kategóriát a szerkesztéshez
invalidNumber,Invalid number,Ungültige Nummer,Érvénytelen szám
description,Description,Beschreibung,Leírás
sortOrder,Sort order,Sortierreihenfolge,Sorrend


calendar,Calendar,Kalender,Naptár
calendarView,Calendar view,Kalenderansicht,Naptár nézet
events,Events,Ereignisse,Események
noEvents,No events,Keine Ereignisse,Nincsenek események
eventDetails,Event details,Ereignisdetails,Esemény részletei
calendarMonthView,Month,Monat,Hónap
calendarWeekView,Week,Woche,Hét
calendarDayView,Day,Tag,Nap
calendarTimelineView,Timeline,Zeitlinie,Idővonal

// Hónapnevek
monthJanuary,January,Januar,Január
monthFebruary,February,Februar,Február
monthMarch,March,März,Március
monthApril,April,April,Április
monthMay,May,Mai,Május
monthJune,June,Juni,Június
monthJuly,July,Juli,Július
monthAugust,August,August,Augusztus
monthSeptember,September,September,Szeptember
monthOctober,October,Oktober,Október
monthNovember,November,November,November
monthDecember,December,Dezember,December

// Rövid hónapnevek
monthJanShort,Jan,Jan,Jan
monthFebShort,Feb,Feb,Feb
monthMarShort,Mar,Mär,Már
monthAprShort,Apr,Apr,Ápr
monthMayShort,May,Mai,Máj
monthJunShort,Jun,Jun,Jún
monthJulShort,Jul,Jul,Júl
monthAugShort,Aug,Aug,Aug
monthSepShort,Sep,Sep,Sze
monthOctShort,Oct,Okt,Okt
monthNovShort,Nov,Nov,Nov
monthDecShort,Dec,Dez,Dec

// Napok
dayMonday,Monday,Montag,Hétfő
dayTuesday,Tuesday,Dienstag,Kedd
dayWednesday,Wednesday,Mittwoch,Szerda
dayThursday,Thursday,Donnerstag,Csütörtök
dayFriday,Friday,Freitag,Péntek
daySaturday,Saturday,Samstag,Szombat
daySunday,Sunday,Sonntag,Vasárnap

// Rövid napnevek
dayMonShort,Mon,Mo,H
dayTueShort,Tue,Di,K
dayWedShort,Wed,Mi,Sze
dayThuShort,Thu,Do,Cs
dayFriShort,Fri,Fr,P
daySatShort,Sat,Sa,Szo
daySunShort,Sun,So,V

// Dátumválasztó
selectDate,Select date,Datum auswählen,Dátum kiválasztása
selectYear,Select year,Jahr auswählen,Év kiválasztása
selectMonth,Select month,Monat auswählen,Hónap kiválasztása
selectDay,Select day,Tag auswählen,Nap kiválasztása
jumpToDate,Jump to date,Zum Datum springen,Ugrás dátumhoz
goToToday,Go to today,Zu heute gehen,Ugrás a mai napra
year,Year,Jahr,Év
month,Month,Monat,Hónap
day,Day,Tag,Nap

profileImageSection,Profile Picture,Profilbild,Profilkép
premiumSubscription,Premium Subscription,Premium-Abonnement,Prémium előfizetés
activeSubscription,Active Subscription,Aktives Abonnement,Aktív előfizetés
unlockAllFeatures,Unlock all features,Alle Funktionen freischalten,Használd ki az összes funkciót
developerTools,Developer Tools,Entwickler-Tools,Fejlesztői Eszközök
offlineModeNoSave,Cannot save in offline mode,Im Offline-Modus kann nicht gespeichert werden,Offline módban nem menthető

families,Families,Familien,Családok
familiesManagement,Family Management,Familienverwaltung,Családok kezelése
offlineFamiliesManagement,Offline Family Management,Offline Familienverwaltung,Offline családok kezelése
offlineModeViewOnly,Offline mode - View only mode no modifications possible,Offline-Modus - Nur Ansichtsmodus keine Änderungen möglich,Offline mód - Csak megtekintési mód módosítások nem lehetségesek
noFamilyYet,You don't have a family yet. Create one or join an existing one!,Du hast noch keine Familie. Erstelle eine oder tritt einer bestehenden bei!,Még nincs családod. Hozz létre egyet vagy csatlakozz egy meglévőhöz!
offlineNoFamilies,No families available in offline mode,Im Offline-Modus sind keine Familien verfügbar,Offline módban nincsenek elérhető családok
familySettings,Family Settings,Familieneinstellungen,Család beállítások
familySettingsDesc,Manage family settings,Familieneinstellungen verwalten,Család beállításainak kezelése
familyMembersManagement,Member and Permission Management,Mitglieder- und Berechtigungsverwaltung,Tagok és jogosultságok kezelése
invitesManagement,Invite Management,Einladungsverwaltung,Meghívók kezelése
invitesManagementDesc,Create and manage invites,Einladungen erstellen und verwalten,Meghívók létrehozása és kezelése
offlineNotEditable,Not editable in offline mode,Im Offline-Modus nicht bearbeitbar,Offline módban nem szerkeszthető
offlineNotAvailable,Not available in offline mode,Im Offline-Modus nicht verfügbar,Offline módban nem elérhető
viewOnlyMode,View only mode available,Nur Ansichtsmodus verfügbar,Csak megtekintési mód elérhető
offlineInvites,Offline Invites,Offline Einladungen,Offline meghívók
offlineFamiliesNotAvailable,Families not available in offline mode,Familien im Offline-Modus nicht verfügbar,Offline módban a családok nem érhetők el
offlineFamilySettingsNotEditable,Family settings cannot be edited in offline mode,Familieneinstellungen können im Offline-Modus nicht bearbeitet werden,Offline módban a család beállítások nem szerkeszthetők
offlineInvitesNotAvailable,Invite management not available in offline mode,Einladungsverwaltung im Offline-Modus nicht verfügbar,Offline módban a meghívók kezelése nem elérhető

key,en,de,hu
settings,Settings,Einstellungen,Beállítások
darkMode,Dark Mode,Dunkles Thema,Sötét mód
lightMode,Light Mode,Helles Thema,Világos mód
systemTheme,System Theme,System-Thema,Rendszer téma
appTitle,Task Manager,Aufgabenmanager,Feladatkezelő
loginTitle,Login,Anmelden,Bejelentkezés
registerTitle,Register,Registrieren,Regisztráció
homeTitle,Home,Startseite,Főoldal
tasksTitle,Tasks,Aufgaben,Feladatok
categoriesTitle,Categories,Kategorien,Kategóriák
newTaskTitle,New Task,Neue Aufgabe,Új feladat
taskDetailsTitle,Task Details,Aufgabendetails,Feladat részletei
user,User,Benutzer,Felhasználó
registerSuccess,Registration successful! Please confirm your email.,Registrierung erfolgreich! Bitte bestätige deine E-Mail.,Sikeres regisztráció! Kérjük erősítsd meg az email címedet.
creating,Creating,Erstelle,Létrehozás
noUserLoggedIn,No user is logged in,Kein Benutzer ist angemeldet,Nincs bejelentkezett felhasználó
refresh,Refresh,Aktualisieren,Frissítés
createNewCategory,Create New Category,Neue Kategorie erstellen,Új kategória létrehozása
editCategory,Edit Category,Kategorie bearbeiten,Kategória szerkesztése
noCategories,No categories yet,Noch keine Kategorien,Nincsenek kategóriák
email,Email,E-Mail,Email cím
emailHint,Enter your email,Gib deine E-Mail-Adresse ein,Add meg az email címed
emailRequired,Email is required,E-Mail ist erforderlich,Az email cím megadása kötelező
emailInvalid,Invalid email format,Ungültiges E-Mail-Format,Érvénytelen email formátum
password,Password,Passwort,Jelszó
passwordHint,Enter your password,Gib dein Passwort ein,Add meg a jelszavad
passwordRequired,Password is required,Passwort ist erforderlich,A jelszó megadása kötelező
passwordTooShort,Password must be at least 6 characters,Passwort muss mindestens 6 Zeichen lang sein,A jelszó legalább 6 karakter hosszú legyen
passwordNeedsDigit,Password must contain a digit,Passwort muss mindestens eine Ziffer enthalten,A jelszónak tartalmaznia kell számot
confirmPassword,Confirm Password,Passwort bestätigen,Jelszó megerősítése
passwordsDontMatch,Passwords don't match,Passwörter stimmen nicht überein,A jelszavak nem egyeznek
fullName,Full Name,Vollständiger Name,Teljes név
fullNameHint,Enter your full name,Gib deinen vollständigen Namen ein,Add meg a teljes neved
fullNameRequired,Full name is required,Vollständiger Name ist erforderlich,A név megadása kötelező
login,Login,Anmelden,Bejelentkezés
register,Register,Registrieren,Regisztráció
logout,Logout,Abmelden,Kijelentkezés
save,Save,Speichern,Mentés
cancel,Cancel,Abbrechen,Mégse
delete,Delete,Löschen,Törlés
edit,Edit,Bearbeiten,Szerkesztés
create,Create,Erstellen,Létrehozás
update,Update,Aktualisieren,Frissítés
forgotPassword,Forgot Password?,Passwort vergessen?,Elfelejtett jelszó?
noAccount,Don't have an account? Register!,Noch kein Konto? Registrieren!,Még nincs fiókod? Regisztrálj!
hasAccount,Already have an account? Login!,Bereits ein Konto? Anmelden!,Már van fiókod? Jelentkezz be!
selectOption,Select an option:,Wähle eine Option:,Válassz az alábbi lehetőségek közül:
taskName,Task Name,Aufgabenname,Feladat neve
taskNameHint,Enter task name,Aufgabenname eingeben,Add meg a feladat nevét
taskNameRequired,Task name is required,Aufgabenname ist erforderlich,A feladat neve kötelező
category,Category,Kategorie,Kategória
selectCategory,Select category,Kategorie auswählen,Válassz kategóriát
noCategory,No category,Keine Kategorie,Nincs kategória
categoryName,Category Name,Kategoriename,Kategória neve
categoryNameHint,Enter category name,Kategoriename eingeben,Add meg a kategória nevét
categoryNameRequired,Category name is required,Kategoriename ist erforderlich,A kategória neve kötelező
categoryDescription,Description (optional),Beschreibung (optional),Leírás (opcionális)
privateTask,Private Task,Private Aufgabe,Privát feladat
privateTaskDescription,If checked only you can see this task,Wenn aktiviert kannst nur du diese Aufgabe sehen,Ha be van jelölve csak te láthatod ezt a feladatot
privateCategory,Private Category,Private Kategorie,Privát kategória
privateCategoryDescription,Private categories are not visible to family members,Private Kategorien sind für Familienmitglieder nicht sichtbar,A privát kategória nem látható a családtagok számára
taskCreated,Task created successfully,Aufgabe erfolgreich erstellt,Feladat sikeresen létrehozva
taskUpdated,Task updated successfully,Aufgabe erfolgreich aktualisiert,Feladat sikeresen frissítve
taskDeleted,Task deleted successfully,Aufgabe erfolgreich gelöscht,Feladat sikeresen törölve
categoryCreated,Category created successfully,Kategorie erfolgreich erstellt,Kategória sikeresen létrehozva
categoryUpdated,Category updated successfully,Kategorie erfolgreich aktualisiert,Kategória sikeresen módosítva
categoryDeleted,Category deleted successfully,Kategorie erfolgreich gelöscht,Kategória sikeresen törölve
error,Error,Fehler,Hiba
generalError,An error occurred,Ein Fehler ist aufgetreten,Hiba történt
connectionError,Connection error,Verbindungsfehler,Kapcsolódási hiba
tryAgain,Try Again,Erneut versuchen,Újrapróbálkozás
status,Status,Status,Státusz
inProgress,In Progress,In Bearbeitung,Folyamatban
completed,Completed,Abgeschlossen,Befejezve
visibility,Visibility,Sichtbarkeit,Láthatóság
private,Private,Privat,Privát
public,Public,Öffentlich,Nyilvános
creationDate,Creation Date,Erstellungsdatum,Létrehozás dátuma
userId,User ID,Benutzer-ID,Felhasználói azonosító
myTasks,My Tasks,Meine Aufgaben,Saját feladatok
familyTasks,Family Tasks,Familienaufgaben,Családi feladatok
noTasks,No tasks yet,Noch keine Aufgaben,Még nincsenek feladatok
noMyTasks,You don't have any tasks yet,Du hast noch keine Aufgaben,Még nincsenek saját feladataid
noFamilyTasks,There are no family tasks yet,Es gibt noch keine Familienaufgaben,Még nincsenek családi feladatok
acceptTerms,I accept the terms and conditions,Ich akzeptiere die Geschäftsbedingungen,Elfogadom a feltételeket és az adatvédelmi irányelveket
termsRequired,You must accept the terms and conditions,Du musst die Geschäftsbedingungen akzeptieren,A feltételek elfogadása kötelező a regisztrációhoz
theme,Theme,Thema,Téma
language,Language,Sprache,Nyelv
changeLanguage,Change Language,Sprache ändern,Nyelv váltása
english,English,Englisch,Angol
german,German,Deutsch,Német
hungarian,Hungarian,Ungarisch,Magyar
deleteConfirmation,Confirm Delete,Löschen bestätigen,Törlés megerősítése
deleteTaskConfirmation,Are you sure you want to delete this task?,Möchtest du diese Aufgabe wirklich löschen?,Biztosan törölni szeretnéd ezt a feladatot?
editProfile,Edit Profile,Profil bearbeiten,Profil szerkesztése
profileUpdated,Profile updated successfully,Profil erfolgreich aktualisiert,Profil sikeresen frissítve
profileLoadError,Failed to load profile data.,Fehler beim Laden der Profildaten.,Nem sikerült betölteni a profil adatokat.
personalData,Personal Data,Persönliche Daten,Személyes adatok
displayName,Display Name,Anzeigename,Megjelenítési név
displayNameRequired,Display name is required,Anzeigename ist erforderlich,A megjelenítési név megadása kötelező
birthDate,Birth Date,Geburtsdatum,Születési dátum
gender,Gender,Geschlecht,Nem
selectGender,Select gender,Geschlecht auswählen,Válassz nemet
male,Male,Männlich,Férfi
female,Female,Weiblich,Nő
other,Other,Andere,Egyéb
preferNotToSay,Prefer not to say,Keine Angabe,Nem szeretném megadni
residenceCity,Residence City,Wohnort,Lakóhely
dateTimeSettings,Date and Time Settings,Datums- und Zeiteinstellungen,Dátum és idő beállítások
dateFormat,Date Format,Datumsformat,Dátum formátum
timeFormat,Time Format,Zeitformat,Idő formátum
selectFormat,Select format,Format auswählen,Válassz formátumot
format24h,24-hour format (e.g. 14:30),24-Stunden-Format (z.B. 14:30),24 órás (pl. 14:30)
format12h,12-hour format (e.g. 2:30 PM),12-Stunden-Format (z.B. 2:30 PM),12 órás (pl. 2:30 PM)
timezone,Timezone,Zeitzone,Időzóna
selectTimezone,Select timezone,Zeitzone auswählen,Válassz időzónát
budapestTimezone,Central European Time (Budapest),Mitteleuropäische Zeit (Budapest),Közép-európai idő (Budapest)
londonTimezone,Greenwich Mean Time (London),Greenwich-Normalzeit (London),Greenwich-i középidő (London)
newYorkTimezone,Eastern Time (New York),Ostküstenzeit (New York),Keleti parti idő (New York)
losAngelesTimezone,Pacific Time (Los Angeles),Pazifikzeit (Los Angeles),Csendes-óceáni idő (Los Angeles)
tokyoTimezone,Japan Time (Tokyo),Japanische Zeit (Tokio),Japán idő (Tokió)
taskSettings,Task Settings,Aufgabeneinstellungen,Feladat beállítások
taskSortOrder,Task Sort Order,Aufgaben-Sortierreihenfolge,Feladatok rendezése
selectSortOrder,Select sort order,Sortierreihenfolge auswählen,Válassz rendezési sorrendet
byDueDate,By due date,Nach Fälligkeitsdatum,Határidő szerint
byPriority,By priority,Nach Priorität,Prioritás szerint
byCreationDate,By creation date,Nach Erstellungsdatum,Létrehozás szerint
byTitle,By title,Nach Titel,Cím szerint
readOnlyInformation,Read-only Information,Schreibgeschützte Informationen,Csak olvasható információk
created,Created,Erstellt,Létrehozva
updated,Updated,Aktualisiert,Frissítve
notSpecified,Not specified,Nicht angegeben,Nincs megadva
profilePicture,Profile Picture,Profilbild,Profilkép
changeProfilePicture,Change Profile Picture,Profilbild ändern,Profilkép módosítása
selectFromGallery,Select from Gallery,Aus Galerie auswählen,Kiválasztás a galériából
takePhoto,Take Photo,Foto aufnehmen,Fénykép készítése
removePhoto,Remove Photo,Foto entfernen,Fénykép eltávolítása
profilePictureUpdated,Profile picture updated successfully,Profilbild erfolgreich aktualisiert,Profilkép sikeresen frissítve
profilePictureRemoved,Profile picture removed successfully,Profilbild erfolgreich entfernt,Profilkép sikeresen eltávolítva
profilePictureUploadError,Error uploading profile picture,Fehler beim Hochladen des Profilbilds,Hiba a profilkép feltöltésekor
dangerZone,Danger Zone,Gefahrenbereich,Veszélyes műveletek
deleteAccount,Delete Account,Konto löschen,Fiók törlése
deleteAccountButton,Delete Account,Konto löschen,Fiók törlése
deleteAccountExplanation,Deleting your account will remove your profile and related data. If you are the only member in your family all data you created will be deleted. If there are other family members your private data will become shared with them.,Das Löschen deines Kontos entfernt dein Profil und zugehörige Daten. Wenn du das einzige Mitglied deiner Familie bist werden alle von dir erstellten Daten gelöscht. Wenn es andere Familienmitglieder gibt werden deine privaten Daten mit ihnen geteilt.,A fiók törlésével a profilod és az ahhoz kapcsolódó adatok törlődnek. Ha te vagy az egyetlen tag a családodban minden általad létrehozott adat törlődni fog. Ha vannak más családtagok is a privát adataid megosztottá válnak velük.
delayedDeletion,30-day delayed deletion,30-Tage verzögerte Löschung,30 napos késleltetett törlés
delayedDeletionDescription,Your account will be deleted after 30 days. You can cancel the deletion request within this period.,Dein Konto wird nach 30 Tagen gelöscht. Du kannst die Löschung innerhalb dieses Zeitraums zurückziehen.,A fiókod 30 nap múlva törlődik. Ezen időszakon belül visszavonhatod a törlési kérelmet.
immediateDeletion,Immediate deletion,Sofortige Löschung,Azonnali törlés
immediateDeletionDescription,Your account and all related data will be deleted immediately. This action cannot be undone!,Dein Konto und alle zugehörigen Daten werden sofort gelöscht. Diese Aktion kann nicht rückgängig gemacht werden!,A fiókod és minden kapcsolódó adat azonnal törlődik. Ez a művelet nem vonható vissza!
confirmDeletion,I acknowledge that my profile and data will be deleted,Ich bestätige dass mein Profil und meine Daten gelöscht werden,Tudomásul veszem hogy a profilom és az adataim törlődni fognak
confirmDeleteRequired,Please confirm the deletion by checking the acknowledgement box,Bitte bestätige die Löschung durch Aktivieren des Bestätigungskästchens,Kérlek erősítsd meg a fiók törlését a jelölőnégyzet bejelölésével
immediateDeleteButton,Delete Account Immediately,Konto sofort löschen,Fiók azonnali törlése
permanentDelete,Permanent Delete,Dauerhaft löschen,Végleges törlés
immediateDeleteConfirmText,Are you sure you want to delete your account IMMEDIATELY? This action CANNOT BE undone and all your data will be deleted immediately! If you are the only member in your family all data you created will be deleted. If there are other family members your private data will become shared with them.,Möchtest du dein Konto SOFORT löschen? Diese Aktion kann NICHT RÜCKGÄNGIG gemacht werden und alle deine Daten werden sofort gelöscht! Wenn du das einzige Mitglied deiner Familie bist werden alle von dir erstellten Daten gelöscht. Wenn es andere Familienmitglieder gibt werden deine privaten Daten mit ihnen geteilt.,Biztosan AZONNAL törölni szeretnéd a fiókodat? Ez a művelet NEM VISSZAVONHATÓ és az összes adatod azonnal törlődik! Ha te vagy az egyetlen tag a családodban minden általad létrehozott adat törlődni fog. Ha más családtagok is vannak a privát adataid megosztottá válnak velük.
delayedDeleteConfirmText,Are you sure you want to delete your account? The deletion process will take 30 days during which you can cancel the deletion request. If you are the only member in your family all data you created will be deleted. If there are other family members your private data will become shared with them.,Möchtest du dein Konto löschen? Der Löschvorgang dauert 30 Tage während derer du die Löschung zurückziehen kannst. Wenn du das einzige Mitglied deiner Familie bist werden alle von dir erstellten Daten gelöscht. Wenn es andere Familienmitglieder gibt werden deine privaten Daten mit ihnen geteilt.,Biztosan törölni szeretnéd a fiókodat? A törlési folyamat 30 napig tart ez idő alatt visszavonhatod a törlési kérelmet. Ha te vagy az egyetlen tag a családodban minden általad létrehozott adat törlődni fog. Ha más családtagok is vannak a privát adataid megosztottá válnak velük.
accountDeletedSuccess,Your account has been deleted.,Dein Konto wurde gelöscht.,Fiókod törölve lett.
accountDeleteScheduledSuccess,Account deletion in progress. Your account will be permanently deleted after 30 days.,Kontolöschung in Bearbeitung. Dein Konto wird nach 30 Tagen dauerhaft gelöscht.,Fiók törlése folyamatban. Fiókod 30 nap múlva törlődik véglegesen.
accountDeleteError,Error deleting account,Fehler beim Löschen des Kontos,Hiba a fiók törlése során
accountScheduledForDeletion,Your account is scheduled for deletion,Dein Konto ist zur Löschung vorgemerkt,Fiókod törlésre vár
accountDeletionExplanation,Your account is scheduled for deletion. If you don't cancel the deletion your account and data will be automatically deleted on the scheduled date.,Dein Konto ist zur Löschung vorgemerkt. Wenn du die Löschung nicht abbrichst werden dein Konto und deine Daten am geplanten Datum automatisch gelöscht.,Fiókod törlésre van ütemezve. Ha nem vonod vissza a törlést fiókod és adataid automatikusan törlésre kerülnek a megadott dátumkor.
deletionRequested,Deletion requested,Löschung beantragt,Törlés kérve
deletionScheduled,Deletion scheduled,Löschung geplant,Törlés végrehajtása
daysRemaining,Days remaining,Verbleibende Tage,Hátralévő idő
cancelDeletion,Cancel Deletion Request,Löschantrag zurückziehen,Törlési kérelem visszavonása
deletionCancelled,Deletion request successfully cancelled,Löschantrag erfolgreich zurückgezogen,Törlési kérelem sikeresen visszavonva
deletionCancelError,Error cancelling deletion request,Fehler beim Zurückziehen des Löschantrags,Hiba történt a törlési kérelem visszavonása közben
deletionStatusError,Error checking deletion status,Fehler beim Prüfen des Löschstatus,Hiba történt a törlési állapot lekérdezésekor
publicCategory,Public Category,Öffentliche Kategorie,Nyilvános kategória
privateTaskWarning,This task is public but belongs to a private category so it will not be visible to others,Diese Aufgabe ist öffentlich gehört aber zu einer privaten Kategorie und ist daher für andere nicht sichtbar,Ez a feladat nyilvános de privát kategóriához tartozik így mások számára nem lesz látható
categoryVisibility,Category Visibility,Kategoriesichtbarkeit,Kategória láthatósága
reminderTitle,Task Reminder,Aufgaben-Erinnerung,Feladat emlékeztető
reminderForTask,Reminder for: {taskName},Erinnerung für: {taskName},Emlékeztető: {taskName}
enableNotifications,Enable notifications,Benachrichtigungen aktivieren,Értesítések bekapcsolása
disableNotifications,Disable notifications,Benachrichtigungen deaktivieren,Értesítések kikapcsolása
notificationsEnabled,Notifications enabled,Benachrichtigungen aktiviert,Értesítések bekapcsolva
notificationsDisabled,Notifications disabled,Benachrichtigungen deaktiviert,Értesítések kikapcsolva
reminderSetFor,Reminder set for {dateTime},Erinnerung eingestellt für {dateTime},Emlékeztető beállítva: {dateTime}
loginFailed,Login Failed,Anmeldung fehlgeschlagen,Sikertelen bejelentkezés
invalidCredentials,Invalid username or password. Please try again.,Ungültiger Benutzername oder Passwort. Bitte versuchen Sie es erneut.,Érvénytelen felhasználónév vagy jelszó. Kérjük, próbáld újra.
forgotPasswordQuestion,Did you forget your password?,Haben Sie Ihr Passwort vergessen?,Elfelejtetted a jelszavadat?
resetPassword,Reset Password,Passwort zurücksetzen,Jelszó visszaállítása
resetPasswordDescription,Enter your email address and we will send you a link to reset your password.,Geben Sie Ihre E-Mail-Adresse ein und wir senden Ihnen einen Link zum Zurücksetzen Ihres Passworts.,Add meg az e-mail címed, és küldünk egy linket a jelszavad visszaállításához.
sendResetLink,Send Reset Link,Link zum Zurücksetzen senden,Visszaállító link küldése
resetLinkSent,Reset Link Sent,Link zum Zurücksetzen gesendet,Visszaállító link elküldve
resetLinkSentDescription,We've sent a password reset link to {email}. Please check your inbox.,Wir haben einen Link zum Zurücksetzen des Passworts an {email} gesendet. Bitte überprüfen Sie Ihren Posteingang.,Elküldtünk egy jelszó-visszaállító linket a következő címre: {email}. Kérjük, ellenőrizd a beérkező üzeneteidet.
resetPasswordFailed,Password Reset Failed,Passwort zurücksetzen fehlgeschlagen,Jelszó visszaállítása sikertelen
ok,OK,OK,Rendben
mobilePermissions,Mobile Permissions,Mobile Berechtigungen,Mobil engedélyek
notificationPermissions,Notification Permissions,Benachrichtigungsberechtigung,Értesítési engedélyek
permissionsCheck,Checking Permissions...,Berechtigungen überprüfen...,Engedélyek ellenőrzése...
exactAlarms,Exact Alarms,Genaue Alarme,Pontos riasztások
enabled,Enabled,Aktiviert,Engedélyezve
notEnabled,Not Enabled,Nicht aktiviert,Nincs engedélyezve
enablePermission,Enable,Aktivieren,Engedélyezés
allSettings,All Settings,Alle Einstellungen,Összes beállítás
androidOnlyFeature,This feature is only available on Android platform.,Diese Funktion ist nur auf der Android-Plattform verfügbar.,Ez a funkció csak Android platformon érhető el.
permissionsMissing,Missing Notification Permissions,Fehlende Benachrichtigungsberechtigungen,Értesítési engedélyek hiányoznak
permissionsDescription,Notification and exact alarm permissions are necessary for the app to function properly.,Benachrichtigungs- und genaue Alarmberechtigung sind für die ordnungsgemäße Funktion der App erforderlich.,Az értesítések és pontos riasztások engedélyezése szükséges az alkalmazás megfelelő működéséhez.
notificationSettings,Notification Settings,Benachrichtigungseinstellungen,Értesítési beállítások
exactAlarmSettings,Exact Alarm Settings,Einstellungen für genaue Alarme,Pontos riasztás beállítások
appSettings,App Settings,App-Einstellungen,App beállítások
close,Close,Schließen,Bezárás
quickView,Quick View,Schnellansicht,Gyors betekintés
detailedEdit,Detailed Edit,Detaillierte Bearbeitung,Részletes szerkesztés
taskActions,Task Actions,Aufgabenaktionen,Feladat műveletek
useDeviceSettings,Use device settings,Geräteeinstellungen verwenden,Eszköz beállítások használata
customSettings,Custom settings,Benutzerdefinierte Einstellungen,Egyéni beállítások
dateFormat_yyyyMMdd,YYYY.MM.DD,JJJJ.MM.TT,ÉÉÉÉ.HH.NN
dateFormat_ddMMyyyy,DD.MM.YYYY,TT.MM.JJJJ,NN.HH.ÉÉÉÉ
dateFormat_mmDdYyyy,MM.DD.YYYY,MM.TT.JJJJ,HH.NN.ÉÉÉÉ
dateFormatExample,Format example,Format Beispiel,Formátum példa
currentSetting,Current setting,Aktuelle Einstellung,Jelenlegi beállítás
preview,Preview,Vorschau,Előnézet
today,Today,Heute,Ma
tomorrow,Tomorrow,Morgen,Holnap
yesterday,Yesterday,Gestern,Tegnap
formatSettings,Format Settings,Format-Einstellungen,Formátum beállítások
chooseFormat,Choose format,Format wählen,Formátum választása
selectDateFormat,Select date format,Datumsformat auswählen,Dátum formátum kiválasztása
selectTimeFormat,Select time format,Zeitformat auswählen,Idő formátum kiválasztása
invalidDateFormat,Invalid date format,Ungültiges Datumsformat,Érvénytelen dátum formátum
dateParseError,Could not parse date,Datum konnte nicht analysiert werden,Nem sikerült a dátum értelmezése
dateFormatHelp,Choose how dates should be displayed throughout the app,Wählen Sie aus wie Daten in der App angezeigt werden sollen,Válaszd ki hogy jelenjenek meg a dátumok az alkalmazásban
timeFormatHelp,Choose between 12-hour and 24-hour time display,Wählen Sie zwischen 12-Stunden- und 24-Stunden-Zeitanzeige,Válassz a 12 órás és 24 órás időformátum között
commandDateHelp,Use #MMDD or #DDMM for due dates,Verwende #MMTT oder #TTMM für Fälligkeitsdaten,Használj #HHNN vagy #NNHH határidőkhöz
commandDateExample,Example: #0315 for March 15th,Beispiel: #0315 für 15. März,Példa: #0315 március 15-re
auto_save_title,Auto-Save,Automatisches Speichern,Automatikus mentés
auto_save_status,Auto-Save Status,Auto-Save Status,Auto-Save állapot
auto_save_active,Active,Aktiv,Aktív
auto_save_inactive,Inactive,Inaktiv,Inaktív
auto_save_saving,Saving...,Speichern...,Mentés...
auto_save_saved,Saved,Gespeichert,Mentve
auto_save_error,Save Error,Speicherfehler,Mentési hiba
auto_save_retry,Retrying...,Wiederholung...,Újrapróbálkozás...
auto_save_force,Force Save,Sofort speichern,Azonnali mentés
auto_save_last_save,Last saved,Zuletzt gespeichert,Utoljára mentve
auto_save_never,Never,Nie,Soha
auto_save_seconds_ago,{count}s ago,vor {count}s,{count}s ezelőtt
auto_save_minutes_ago,{count}m ago,vor {count}m,{count}m ezelőtt
auto_save_hours_ago,{count}h ago,vor {count}h,{count}h ezelőtt
auto_save_success_rate,Success Rate,Erfolgsrate,Sikeres arány
auto_save_total_attempts,Total Attempts,Versuche gesamt,Összes kísérlet
auto_save_successful_saves,Successful Saves,Erfolgreiche Speicherungen,Sikeres mentések
auto_save_failed_saves,Failed Saves,Fehlgeschlagene Speicherungen,Sikertelen mentések
auto_save_stats,Save Statistics,Speicher-Statistiken,Mentési statisztikák
auto_save_debounce_info,Changes are saved automatically after 500ms delay,Änderungen werden automatisch nach 500ms Verzögerung gespeichert,A változások 500ms késleltetés után automatikusan mentődnek
auto_save_local_storage,Local Storage,Lokaler Speicher,Helyi tárolás
auto_save_cloud_storage,Cloud Storage,Cloud-Speicher,Felhő tárolás
auto_save_sync_success,Synced successfully,Erfolgreich synchronisiert,Sikeresen szinkronizálva
auto_save_sync_failed,Sync failed,Synchronisation fehlgeschlagen,Szinkronizálás sikertelen
auto_save_refresh_status,Refresh Status,Status aktualisieren,Állapot frissítése
auto_save_debug_info,Debug Information,Debug-Informationen,Debug információk
auto_save_test_rapid_changes,Test Rapid Changes,Test schnelle Änderungen,Gyors változások teszt
auto_save_test_format_cycle,Test Format Cycle,Test Format-Zyklus,Formátum ciklus teszt
auto_save_test_time_toggle,Test Time Toggle,Test Zeit-Umschaltung,Idő váltás teszt
auto_save_manual_controls,Manual Controls,Manuelle Steuerung,Manuális vezérlés
auto_save_quick_tests,Quick Tests,Schnelltests,Gyors tesztek
auto_save_actions,Actions,Aktionen,Műveletek
auto_save_current_settings,Current Settings,Aktuelle Einstellungen,Jelenlegi beállítások
auto_save_change_counter,Changes made,Anzahl Änderungen,Változtatások száma
auto_save_format_changed,Format changed! Auto-save in 500ms.,Format geändert! Auto-Save in 500ms.,Formátum váltva! Auto-save 500ms múlva.
auto_save_rapid_test_started,Rapid changes test started...,Schnelle Änderungen Test gestartet...,Gyors változások teszt indítása...
auto_save_rapid_test_finished,Rapid changes done! Only the last change will be saved.,Schnelle Änderungen fertig! Nur die letzte Änderung wird gespeichert.,Gyors változások kész! Csak az utolsó mentődik el.
auto_save_welcome_title,Auto-Save System,Auto-Save System,Auto-Save rendszer
auto_save_welcome_subtitle,Welcome to the Auto-Save test application!,Willkommen in der Auto-Save Testanwendung!,Üdvözlünk az Auto-Save teszt alkalmazásban!
auto_save_feature_automatic,Automatic saving,Automatisches Speichern,Automatikus mentés
auto_save_feature_debounce,Debounce logic,Debounce-Logik,Debounce logika
auto_save_feature_retry,Retry mechanism,Wiederholungsmechanismus,Újrapróbálkozási mechanizmus
auto_save_feature_hybrid,Hybrid storage,Hybride Speicherung,Hibrid tárolás
auto_save_feature_monitoring,Real-time monitoring,Echtzeit-Überwachung,Valós idejű monitoring
auto_save_instructions_title,Testing Instructions,Testanweisungen,Tesztelési útmutató
auto_save_launch_test,LAUNCH TEST,TEST STARTEN,TESZT INDÍTÁSA
auto_save_console_tip,Tip: Open the console to view debug messages,Tipp: Öffnen Sie die Konsole für Debug-Nachrichten,Tipp: Nyisd meg a konzolt a debug üzenetek megtekintéséhez
commandParser_invalidDate,Invalid date format: #{0},Ungültiges Datumsformat: #{0},Érvénytelen dátum formátum: #{0}
commandParser_dateParsingError,Date parsing error: #{0},Datum-Analysefehler: #{0},Dátum elemzési hiba: #{0}
commandParser_ambiguousDate,Ambiguous date: #{0} {1},Mehrdeutiges Datum: #{0} {1},Kétértelmű dátum: #{0} {1}
commandParser_invalidPriority,Invalid priority: {0} (must be 1-3),Ungültige Priorität: {0} (muss 1-3 sein),Érvénytelen prioritás: {0} (1-3 között kell lennie)
commandParser_invalidPercentage,Invalid percentage: {0}% (must be 0-100),Ungültiger Prozentsatz: {0}% (muss 0-100 sein),Érvénytelen százalék: {0}% (0-100 között kell lennie)
commandParser_unknownStatus,Unknown status: {0},Unbekannter Status: {0},Ismeretlen státusz: {0}
commandParser_noCommands,No commands found,Keine Befehle gefunden,Nincsenek parancsok
commandParser_typeTaskTitle,Type a task title...,Geben Sie einen Aufgabentitel ein...,Írj be egy feladat címet...
commandParser_parsingPreview,Parsing preview,Parsing-Vorschau,Elemzési előnézet
commandParser_commandsFound,{0} commands found,{0} Befehle gefunden,{0} parancs találva
commandParser_warningsFound,{0} warnings found,{0} Warnungen gefunden,{0} figyelmeztetés találva
commandParser_dateExample_christmas,December 25 (Christmas),25. Dezember (Weihnachten),December 25 (karácsony)
commandParser_dateExample_newYear,January 1 (New Year),1. Januar (Neujahr),Január 1 (újév)
commandParser_dateExample_marchFifteenth,March 15,15. März,Március 15
commandParser_dateExample_dayMonth,day.month,Tag.Monat,nap.hónap
commandParser_dateExample_monthDay,month.day,Monat.Tag,hónap.nap
commandParser_priorityHigh,High priority,Hohe Priorität,Magas prioritás
commandParser_priorityMedium,Medium priority,Mittlere Priorität,Közepes prioritás  
commandParser_priorityLow,Low priority,Niedrige Priorität,Alacsony prioritás
commandParser_statusActive,Active,Aktiv,Aktív
commandParser_statusDraft,Draft,Entwurf,Vázlat
commandParser_statusArchived,Archived,Archiviert,Archivált
commandParser_statusCompleted,Completed,Abgeschlossen,Befejezett
commandParser_parseLogic_yyyymmdd,YYYY.MM.DD → #0315 = March 15,JJJJ.MM.TT → #0315 = 15. März,ÉÉÉÉ.HH.NN → #0315 = március 15
commandParser_parseLogic_ddmmyyyy,DD.MM.YYYY → #1503 = March 15 (day.month),TT.MM.JJJJ → #1503 = 15. März (Tag.Monat),NN.HH.ÉÉÉÉ → #1503 = március 15 (nap.hónap)
commandParser_parseLogic_mmddyyyy,MM.DD.YYYY → #0315 = March 15 (month.day),MM.TT.JJJJ → #0315 = 15. März (Monat.Tag),HH.NN.ÉÉÉÉ → #0315 = március 15 (hónap.nap)
commandParser_ambiguity_couldBe,Could be interpreted as,Könnte interpretiert werden als,Értelmezhető mint
commandParser_ambiguity_currentFormat,Current format interprets as,Aktuelles Format interpretiert als,A jelenlegi formátum szerint
commandParser_ambiguity_suggestion,Consider using full date format,Erwägen Sie die Verwendung des vollständigen Datumsformats,Fontold meg a teljes dátum formátum használatát

# ✅ ÚJ KULCSOK - Cache és teljesítmény
cache_performance,Cache Performance,Cache-Leistung,Cache Teljesítmény
cache_metrics_loading,Loading cache metrics...,Lade Cache-Metriken...,Cache metrikák betöltése...
cache_metrics_error,Error loading metrics,Fehler beim Laden der Metriken,Hiba a metrikák betöltése során
retry,Retry,Wiederholen,Újrapróbálás
refresh_metrics,Refresh Metrics,Metriken aktualisieren,Metrikák frissítése
cache_info,Cache Information,Cache-Informationen,Cache információk
hit_ratio,Hit Ratio,Trefferquote,Találati arány
cache_size,Cache Size,Cache-Größe,Cache méret
active_tables,Active Tables,Aktive Tabellen,Aktív táblák
elements_short,elem,Elem,elem
pieces,pcs,Stk,db
detailed_hit_ratio,Detailed hit ratio,Detaillierte Trefferquote,Részletes találati arány
excellent_cache_performance,Excellent cache performance,Ausgezeichnete Cache-Leistung,Kiváló cache teljesítmény
good_cache_performance,Good cache performance,Gute Cache-Leistung,Jó cache teljesítmény
average_cache_performance,Average cache performance,Durchschnittliche Cache-Leistung,Közepes cache teljesítmény
poor_cache_performance,Poor cache performance,Schlechte Cache-Leistung,Gyenge cache teljesítmény
very_poor_cache_performance,Very poor cache performance,Sehr schlechte Cache-Leistung,Nagyon gyenge cache teljesítmény
detailed_metrics,Detailed Metrics,Detaillierte Metriken,Részletes Metrikák
cache_hits,Cache hits,Cache-Treffer,Cache találatok
cache_misses,Cache misses,Cache-Fehltreffer,Cache hibák
expired_hits,Expired hits,Abgelaufene Treffer,Lejárt találatok
inserts,Inserts,Einfügungen,Beszúrások
updates,Updates,Aktualisierungen,Frissítések
invalidations,Invalidations,Ungültigmachungen,Érvénytelenítések
last_cleanup,Last cleanup,Letzte Bereinigung,Utolsó tisztítás
cleanup,Cleanup,Bereinigung,Tisztítás
clear_all,Clear All,Alle löschen,Teljes törlés
cache_cleanup_successful,Cache cleanup successful,Cache-Bereinigung erfolgreich,Cache tisztítás sikeres
cache_cleanup_error,Cache cleanup error,Cache-Bereinigungsfehler,Hiba a cache tisztítás során
clear_entire_cache,Clear entire cache,Gesamten Cache löschen,Cache teljes törlése
confirm_clear_cache_message,Are you sure you want to delete the entire cache? This will remove all stored data and subsequent queries will be slower.,Sind Sie sicher dass Sie den gesamten Cache löschen möchten? Dies entfernt alle gespeicherten Daten und nachfolgende Abfragen werden langsamer.,Biztos hogy törölni szeretnéd a teljes cache-t? Ez minden tárolt adatot eltávolít és a következő lekérdezések lassabbak lesznek.
entire_cache_cleared,Entire cache cleared,Gesamter Cache gelöscht,Teljes cache törölve
cache_delete_error,Cache delete error,Cache-Löschfehler,Hiba a cache törlése során
cache_info_table_sizes,Table cache sizes,Tabellen-Cache-Größen,Táblák cache mérete
no_cache_data,No cache data,Keine Cache-Daten,Nincs cache adat
cacheCleanupCount,elements deleted,Elemente gelöscht,elem törölve

# ✅ ÚJ KULCSOK - Szűrők
filters,Filters,Filter,Szűrők
activeFilters,Active filters,Aktive Filter,Aktív szűrők
clearFilters,Clear filters,Filter löschen,Szűrők törlése
basicFilters,Basic,Grundlegend,Alapvető
dateFilters,Dates,Daten,Dátumok
categoryFilters,Categories,Kategorien,Kategóriák
advancedFilters,Advanced,Erweitert,Haladó
applyFilters,Apply filters,Filter anwenden,Szűrők alkalmazása
searchQuery,Search,Suche,Keresés
searchTaskTitleDescription,Task title or description,Aufgabentitel oder Beschreibung,Feladat címe vagy leírása
all,All,Alle,Minden
completionStatus,Completion status,Fertigstellungsstatus,Befejezettségi állapot
open,Open,Offen,Nyitott
completionDate,Completion date,Fertigstellungsdatum,Befejezési dátum
completedFrom,Completed from,Abgeschlossen von,Befejezve ettől
completedUntil,Completed until,Abgeschlossen bis,Befejezve eddig
notSet,Not set,Nicht festgelegt,Nincs beállítva
selectDate,Select date,Datum auswählen,Dátum kiválasztása
dueDate,Due date,Fälligkeitsdatum,Határidő
dueDateFrom,Due date from,Fälligkeitsdatum von,Határidő ettől
dueDateUntil,Due date until,Fälligkeitsdatum bis,Határidő eddig
assignedTo,Assigned to,Zugewiesen an,Felelős
selectAssignee,Select assignee,Beauftragten auswählen,Felelős kiválasztása
unknownUser,Unknown user,Unbekannter Benutzer,Ismeretlen felhasználó
taskType,Task type,Aufgabentyp,Feladat típus
mainTasks,Main tasks,Hauptaufgaben,Fő feladatok
subTasks,Sub tasks,Unteraufgaben,Alfeladatok
parentTask,Parent task,Übergeordnete Aufgabe,Szülő feladat
selectParentTask,Select parent task,Übergeordnete Aufgabe auswählen,Szülő feladat kiválasztása
unknownTask,Unknown task,Unbekannte Aufgabe,Ismeretlen feladat
noMainTasksAvailable,No main tasks available,Keine Hauptaufgaben verfügbar,Nincs elérhető fő feladat
tags,Tags,Tags,Címkék
tagsCommaSeparated,Tags (comma separated),Tags (durch Komma getrennt),Címkék (vesszővel elválasztva)
tagsExample,e.g. urgent home project,z.B. dringend zuhause projekt,pl. sürgős otthon projekt
quickFilter,Quick filter,Schnellfilter,Gyors szűrés
detailedFilter,Detailed filter,Detaillierter Filter,Részletes szűrő

# ✅ ÚJ KULCSOK - Offline és fallback
offlineMode,Offline mode,Offline-Modus,Offline mód
cachedDataDisplay,⚡ Cached data display,⚡ Zwischengespeicherte Datenanzeige,⚡ Cache-elt adatok megjelenítése
connectionStatus,Connection status,Verbindungsstatus,Kapcsolódási állapot
online,Online,Online,Online
offline,Offline,Offline,Offline
fromCache,From cache,Aus Cache,Cache-ből
cannotCreateItemsOffline,New items cannot be created in offline mode,Im Offline-Modus können keine neuen Elemente erstellt werden,Offline módban nem lehet új elemeket létrehozni
offlineDataWarning,Without network connection only cached data are available. Creating new items is not possible in offline mode.,Ohne Netzwerkverbindung sind nur zwischengespeicherte Daten verfügbar. Das Erstellen neuer Elemente ist im Offline-Modus nicht möglich.,Hálózati kapcsolat nélkül csak a cache-elt adatok érhetők el. Új elemek létrehozása offline módban nem lehetséges.
toggleOfflineMode,Toggle offline mode,Offline-Modus umschalten,Offline mód ki/be

# ✅ ÚJ KULCSOK - Debug és teszt
currentState,Current state,Aktueller Zustand,Jelenlegi állapot
source,Source,Quelle,Forrás
cloudSynced,Cloud synced,Cloud synchronisiert,Felhő szinkronizálva
on,ON,EIN,BE
off,OFF,AUS,KI
yes,YES,JA,IGEN
no,NO,NEIN,NEM
managerStatus,Manager status,Manager-Status,Manager állapot
basicFallback,Basic fallback,Grundlegendes Fallback,Alapvető fallback
offlineModeSimulation,Offline mode simulation,Offline-Modus-Simulation,Offline mód szimuláció
onlineRestoration,Online restoration,Online-Wiederherstellung,Online visszaállítás
defaultFallback,Default fallback,Standard-Fallback,Alapértelmezett fallback
errorResistance,Error resistance,Fehlertoleranz,Hibatűrés
runAllTests,Run all tests,Alle Tests ausführen,Összes teszt futtatása
testResults,Test results,Testergebnisse,Teszt eredmények
testInitialized,Test widget initialized,Test-Widget initialisiert,Test widget inicializálva
readyForTesting,Ready for testing...,Bereit zum Testen...,Készen áll a tesztelésre...
testsStarted,Tests starting...,Tests starten...,Tesztek indítása...
basicFallbackTest,Basic fallback loading test,Grundlegender Fallback-Ladetest,Alapvető fallback betöltés teszt
initialTestsCompleted,Initial tests completed,Anfangstests abgeschlossen,Kezdeti tesztek befejezve
testCompleted,TEST {number} COMPLETED,TEST {number} ABGESCHLOSSEN,TESZT {number} BEFEJEZVE
testError,TEST {number} ERROR: {error},TEST {number} FEHLER: {error},TESZT {number} HIBA: {error}
allTestsCompleted,All tests completed,Alle Tests abgeschlossen,Összes teszt befejezve
checkResultsAbove,Check the results above!,Überprüfen Sie die Ergebnisse oben!,Ellenőrizd a fenti eredményeket!
resultsCleared,Test results cleared,Testergebnisse gelöscht,Teszt eredmények törölve
readyForNewTesting,Ready for new testing...,Bereit für neue Tests...,Készen áll új tesztelésre...

# ✅ ÚJ KULCSOK - Parancs előnézet és súgó
commandsInTaskTitle,Commands in task title,Befehle im Aufgabentitel,Parancsok a feladat címében
typeTaskTitleWithCommands,Type a task title with commands,Geben Sie einen Aufgabentitel mit Befehlen ein,Írj be egy feladat címet parancsokkal
example_task_commands,Example: Task #0315 #p1 #50% #act,Beispiel: Projekt #0315 #p1 #%50 #act,Példa: Projekt #0315 #p1 #%50 #act
liveParsingFeedback,Live parsing feedback,Live-Parsing-Feedback,Valós idejű parsing visszajelzés
commandsRecognized,{count} commands recognized,{count} Befehle erkannt,{count} parancs felismerve
warnings,Warnings,Warnungen,Figyelmeztetések
noCommands,No commands,Keine Befehle,Nincs parancs
cleanedTitle,Cleaned title,Bereinigter Titel,Tisztított cím
recognizedCommands,Recognized commands,Erkannte Befehle,Felismert parancsok
readiness,Readiness,Bereitschaft,Készültség
examples,Examples,Beispiele,Példák
combinedUsageExample,Combined usage example,Beispiel für kombinierte Verwendung,Kombinált használat példa
parsedResult,Parsed result,Analysiertes Ergebnis,Elemzett eredmény
currentDateFormat,Current date format,Aktuelles Datumsformat,Jelenlegi dátum formátum
dateExamples,Date examples,Datumsbeispiele,Dátum példák
quickTestCases,Quick test cases,Schnelle Testfälle,Gyors teszt esetek

# ✅ ÚJ KULCSOK - Család
join_family,Join family,Familie beitreten,Csatlakozás családhoz
important_family_restriction,Important: A user can only be a member of one family at a time. If you are already a member of a family and join a new family you must first leave your current family.,Wichtig: Ein Benutzer kann nur Mitglied einer Familie gleichzeitig sein. Wenn Sie bereits Mitglied einer Familie sind und einer neuen Familie beitreten müssen Sie zuerst Ihre aktuelle Familie verlassen.,Fontos: Egy felhasználó egyszerre csak egy család tagja lehet. Ha már tagja vagy egy családnak és csatlakozol egy új családhoz előbb ki kell lépned a jelenlegi családodból.
invite_code,Invite code,Einladungscode,Meghívó kód
enter_invite_code,Enter the invite code,Geben Sie den Einladungscode ein,Add meg a meghívó kódot
please_enter_invite_code,Please enter the invite code,Bitte geben Sie den Einladungscode ein,Kérlek add meg a meghívó kódot
verification,Verification,Überprüfung,Ellenőrzés
join,Join,Beitreten,Csatlakozás
family_name,Family name,Familienname,Család neve
expiry_date,Expiry date,Ablaufdatum,Lejárat
invalid_invite_code,Invalid invite code,Ungültiger Einladungscode,Érvénytelen meghívó kód
invite_expired,This invite code is no longer valid (expired or reached maximum usage),Dieser Einladungscode ist nicht mehr gültig (abgelaufen oder maximale Nutzung erreicht),Ez a meghívó kód már nem érvényes (lejárt vagy elérte a maximális felhasználást)
successfully_joined_family,Successfully joined family {familyName}!,Erfolgreich der Familie {familyName} beigetreten!,Sikeresen csatlakoztál a(z) {familyName} családhoz!
user_can_only_belong_to_one_family,A user can only belong to one family at a time. Please leave your current family first in the "Manage Family Members" menu.,Ein Benutzer kann nur einer Familie gleichzeitig angehören. Bitte verlassen Sie zuerst Ihre aktuelle Familie im Menü "Familienmitglieder verwalten".,Egy felhasználó egyszerre csak egy család tagja lehet. Előbb lépj ki a jelenlegi családodból a "Családtagok kezelése" menüpontban.
unknown_error,Unknown error occurred: {error},Unbekannter Fehler ist aufgetreten: {error},Ismeretlen hiba történt: {error}


#naptár

calendar,calendar,Kalender,naptár
calendar_view,calendar view,Kalenderansicht,naptár nézet
events,events,Ereignisse,események
no_events,no events,Keine Ereignisse,nincsenek események
event_details,event details,Ereignisdetails,esemény részletei
calendar_month_view,month view,Monatsansicht,havi nézet
calendar_week_view,week view,Wochenansicht,heti nézet
calendar_day_view,day view,Tagesansicht,napi nézet
calendar_timeline_view,timeline view,Timeline-Ansicht,idővonalas nézet
calendar_filter_all,all,alle,minden
calendar_filter_private,private,privat,privát
calendar_filter_family,family,Familie,családi
calendar_filter_completed,completed,abgeschlossen,befejezett
calendar_filter_pending,pending,ausstehend,függőben
calendar_filter_overdue,overdue,überfällig,lejárt
calendar_filter_today,today,heute,mai
due_tasks,due tasks,fällige Aufgaben,esedékes feladatok
overdue_tasks,overdue tasks,überfällige Aufgaben,lejárt feladatok
completed_tasks,completed tasks,abgeschlossene Aufgaben,befejezett feladatok
today_tasks,today's tasks,heutige Aufgaben,mai feladatok
sync_calendar,sync calendar,Kalender synchronisieren,naptár szinkronizálása
calendar_offline,calendar offline,Kalender offline,naptár offline
manual_refresh,manual refresh,manuelle Aktualisierung,manuális frissítés
pull_to_refresh,pull to refresh,zum Aktualisieren ziehen,húzza le a frissítéshez
syncing,syncing,synchronisiere,szinkronizálás
last_synced,last synced,zuletzt synchronisiert,utolsó szinkronizálás
calendar_cache_loading,loading calendar,Kalender wird geladen,naptár betöltése
calendar_cache_offline,offline data,Offline-Daten,offline adatok
calendar_cache_synced,synced,synchronisiert,szinkronizálva
calendar_cache_error,loading error,Ladefehler,betöltési hiba
previous_month,previous month,vorheriger Monat,előző hónap
next_month,next month,nächster Monat,következő hónap
today_button,today,heute,ma
go_to_date,go to date,zu Datum springen,ugrás dátumra
event_title,event title,Ereignistitel,esemény címe
event_date,event date,Ereignisdatum,esemény dátuma
event_time,event time,Ereigniszeit,esemény ideje
event_priority,priority,Priorität,prioritás
event_category,category,Kategorie,kategória
event_assignee,assignee,Verantwortlicher,felelős
event_status,status,Status,állapot
event_description,description,Beschreibung,leírás
priority_high,high,hoch,magas
priority_medium,medium,mittel,közepes
priority_low,low,niedrig,alacsony
calendar_error_load,error loading calendar,Fehler beim Laden des Kalenders,hiba a naptár betöltésekor
calendar_error_sync,sync error,Synchronisierungsfehler,szinkronizálási hiba
calendar_no_connection,no internet connection,keine Internetverbindung,nincs internetkapcsolat
calendar_retry,retry,erneut versuchen,újrapróbálkozás
morning,morning,Morgen,reggel
afternoon,afternoon,Nachmittag,délután
evening,evening,Abend,este
night,night,Nacht,éjjel
all_day,all day,ganztägig,egész nap
group_by_category,group by category,nach Kategorie gruppieren,csoportosítás kategória szerint
group_by_priority,group by priority,nach Priorität gruppieren,csoportosítás prioritás szerint
group_by_assignee,group by assignee,nach Verantwortlichem gruppieren,csoportosítás felelős szerint
group_by_status,group by status,nach Status gruppieren,csoportosítás állapot szerint
no_grouping,no grouping,keine Gruppierung,nincs csoportosítás
search_events,search events,Ereignisse suchen,események keresése
search_placeholder,search...,suchen...,keresés...
search_results,search results,Suchergebnisse,keresési eredmények
no_search_results,no results found,keine Ergebnisse gefunden,nincs találat
calendar_settings,calendar settings,Kalender-Einstellungen,naptár beállítások
show_weekends,show weekends,Wochenenden anzeigen,hétvégék megjelenítése
week_starts_monday,week starts on Monday,Woche beginnt am Montag,hét hétfőn kezdődik
show_completed,show completed tasks,abgeschlossene Aufgaben anzeigen,befejezett feladatok megjelenítése
auto_sync,auto sync,automatische Synchronisation,automatikus szinkronizálás
sync_status_idle,Üresjárat,Leerlauf,Idle
sync_status_syncing,Szinkronizálás,Synchronisierung,Syncing
sync_status_success,Sikeres,Erfolgreich,Success
sync_status_error,Hiba,Fehler,Error
sync_status_offline,Offline,Offline,Offline
sync_synchronized,Szinkronizálva,Synchronisiert,Synchronized
sync_syncing,Szinkronizálás...,Synchronisierung...,Syncing...
sync_updated,Frissítve,Aktualisiert,Updated
sync_error,Szinkronizálási hiba,Synchronisierungsfehler,Sync error
sync_offline_mode,Offline mód,Offline-Modus,Offline mode
refresh_state_idle,Üresjárat,Leerlauf,Idle
refresh_state_refreshing,Frissítés,Aktualisierung,Refreshing
refresh_state_success,Sikeres,Erfolgreich,Success
refresh_state_error,Hiba,Fehler,Error
manual_refresh,Manuális frissítés,Manuelle Aktualisierung,Manual refresh
pull_to_refresh,Húzza le a frissítéshez,Zum Aktualisieren ziehen,Pull to refresh
refresh_now,Frissítés most,Jetzt aktualisieren,Refresh now
quick_refresh,Gyors frissítés,Schnelle Aktualisierung,Quick refresh
full_refresh,Teljes frissítés,Vollständige Aktualisierung,Full refresh
background_refresh,Háttér frissítés,Hintergrund-Aktualisierung,Background refresh
last_sync,Utolsó szinkronizálás,Letzte Synchronisation,Last sync
never_synced,Soha,Nie,Never
just_now,Most,Gerade eben,Just now
seconds_ago,{0}s ezelőtt,vor {0}s,{0}s ago
minutes_ago,{0}m ezelőtt,vor {0}m,{0}m ago
hours_ago,{0}ó ezelőtt,vor {0}h,{0}h ago
days_ago,{0}n ezelőtt,vor {0}d,{0}d ago
network_online,Online,Online,Online
network_offline,Offline,Offline,Offline
no_internet_connection,Nincs internetkapcsolat,Keine Internetverbindung,No internet connection
connection_restored,Kapcsolat helyreállt,Verbindung wiederhergestellt,Connection restored
sync_failed,Szinkronizálás sikertelen,Synchronisation fehlgeschlagen,Sync failed
refresh_failed,Frissítés sikertelen,Aktualisierung fehlgeschlagen,Refresh failed
cannot_sync_offline,Offline módban nem lehet szinkronizálni,Synchronisation im Offline-Modus nicht möglich,Cannot sync in offline mode
retry_when_online,Újrapróbálás online módban,Bei Online-Verbindung wiederholen,Retry when online
cache_loading,Betöltés cache-ből,Laden aus Cache,Loading from cache
cache_offline_data,Offline adatok,Offline-Daten,Offline data
cache_synced_data,Szinkronizált adatok,Synchronisierte Daten,Synced data
cache_stale_data,Elavult adatok,Veraltete Daten,Outdated data
pending_changes,Függőben lévő változások,Ausstehende Änderungen,Pending changes
no_pending_changes,Nincs függőben lévő változás,Keine ausstehenden Änderungen,No pending changes
changes_count,{0} változás,{0} Änderungen,{0} changes
sync_pending_changes,Függőben lévő változások szinkronizálása,Ausstehende Änderungen synchronisieren,Sync pending changes
invalidation_sync_change,Szinkronizálási állapot változott,Synchronisationsstatus geändert,Sync status changed
invalidation_manual_refresh,Manuális frissítés aktiválva,Manuelle Aktualisierung ausgelöst,Manual refresh triggered
invalidation_date_change,Dátum változott,Datum geändert,Date changed
invalidation_view_change,Nézet típus változott,Ansichtstyp geändert,View type changed
invalidation_network_change,Hálózati állapot változott,Netzwerkstatus geändert,Network status changed
invalidation_background_refresh,Háttér frissítés,Hintergrund-Aktualisierung,Background refresh
tap_to_refresh,Érintsd meg a frissítéshez,Zum Aktualisieren tippen,Tap to refresh
sync_in_progress,Szinkronizálás folyamatban,Synchronisation läuft,Sync in progress
sync_completed,Szinkronizálás befejezve,Synchronisation abgeschlossen,Sync completed
offline_mode_active,Offline mód aktív,Offline-Modus aktiv,Offline mode active
sync_performance,Szinkronizálási teljesítmény,Synchronisationsleistung,Sync performance
invalidation_events,Invalidálási események,Invalidierungsereignisse,Invalidation events
cache_warming,Cache melegítés,Cache-Aufwärmung,Cache warming
background_operations,Háttér műveletek,Hintergrundoperationen,Background operations
force_sync,Szinkronizálás kényszerítése,Synchronisation erzwingen,Force sync
simulate_offline,Offline szimuláció,Offline simulieren,Simulate offline
restore_online,Online visszaállítás,Online wiederherstellen,Restore online
clear_events,Események törlése,Ereignisse löschen,Clear events
auto_sync,Automatikus szinkronizálás,Automatische Synchronisation,Auto sync
sync_frequency,Szinkronizálási gyakoriság,Synchronisationsfrequenz,Sync frequency
background_sync,Háttér szinkronizálás,Hintergrund-Synchronisation,Background sync
sync_on_startup,Induláskor szinkronizálás,Synchronisation beim Start,Sync on startup
event_details,Event details,Event-Details,Esemény részletei
event_card_tap_to_view,Tap to view details,Tippen für Details,Koppints a részletekért
event_card_offline_data,Offline data,Offline-Daten,Offline adat
event_card_synced_data,Synced data,Synchronisierte Daten,Szinkronizált adat
event_card_pending_sync,Pending sync,Synchronisation ausstehend,Szinkronizálásra vár
completion_percentage,Completion percentage,Fertigstellungsgrad,Befejezés százaléka
due_date,Due date,Fälligkeitsdatum,Határidő
created_date,Created,Erstellt,Létrehozva
completed_date,Completed,Abgeschlossen,Befejezve
task_status,Task status,Aufgabenstatus,Feladat állapot
task_overdue,Overdue,Überfällig,Lejárt
task_due_today,Due today,Heute fällig,Ma van a határideje
task_in_progress,In progress,In Bearbeitung,Folyamatban
task_completed,Completed,Abgeschlossen,Befejezett
task_private,Private,Privat,Privát
task_family,Family,Familie,Családi
edit_event,Edit event,Ereignis bearbeiten,Esemény szerkesztése
close_modal,Close,Schließen,Bezárás
view_task_details,View task details,Aufgabendetails anzeigen,Feladat részletei
sync_info,Sync information,Synchronisationsinformationen,Szinkronizációs információ
pending_changes_count,Pending changes,Ausstehende Änderungen,Függőben lévő változások
last_sync_time,Last sync,Letzte Synchronisation,Utolsó szinkronizálás
cache_status,Cache status,Cache-Status,Cache állapot
network_status,Network status,Netzwerkstatus,Hálózati állapot
offline_indicator,Offline indicator,Offline-Anzeige,Offline jelző
priority_indicator,Priority indicator,Prioritätsanzeige,Prioritás jelző
category_color,Category color,Kategoriefarbe,Kategória szín
progress_indicator,Progress indicator,Fortschrittsanzeige,Haladás jelző
today_short,Today,Heute,Ma
tomorrow_short,Tomorrow,Morgen,Holnap
yesterday_short,Yesterday,Gestern,Tegnap
this_week,This week,Diese Woche,Ezen a héten
next_week,Next week,Nächste Woche,Jövő héten
last_week,Last week,Letzte Woche,Múlt héten
monday_short,Monday,Montag,Hétfő
tuesday_short,Tuesday,Dienstag,Kedd
wednesday_short,Wednesday,Mittwoch,Szerda
thursday_short,Thursday,Donnerstag,Csütörtök
friday_short,Friday,Freitag,Péntek
saturday_short,Saturday,Samstag,Szombat
sunday_short,Sunday,Sonntag,Vasárnap
jan_short,Jan,Jan,Jan
feb_short,Feb,Feb,Feb
mar_short,Mar,Mär,Már
apr_short,Apr,Apr,Ápr
may_short,May,Mai,Máj
jun_short,Jun,Jun,Jún
jul_short,Jul,Jul,Júl
aug_short,Aug,Aug,Aug
sep_short,Sep,Sep,Sze
oct_short,Oct,Okt,Okt
nov_short,Nov,Nov,Nov
dec_short,Dec,Dez,Dec
event_tags,Tags,Tags,Címkék
no_description,No description,Keine Beschreibung,Nincs leírás
no_category,No category,Keine Kategorie,Kategória nélkül
no_assignee,No assignee,Kein Verantwortlicher,Nincs felelős
no_tags,No tags,Keine Tags,Nincs címke
loading_event_details,Loading event details,Lade Event-Details,Esemény részletek betöltése
error_loading_event,Error loading event,Fehler beim Laden des Events,Hiba az esemény betöltésekor
retry_load_event,Retry loading,Erneut versuchen,Újrapróbálás
calendar_month_view,Month,Monat,Hónap
calendar_week_view,Week,Woche ,Hét
calendar_day_view,Day,Tag,Nap
calendar_timeline_view,Timeline,Zeitlinie,Idősor
calendar_today_button,Today,Heute,Ma
calendar_refresh,Refresh,Aktualisieren,Frissítés
calendar_settings,Settings,Einstellungen,Beállítások
create_new_event,New event,Neues Ereignis,Új esemény
export,Export,Exportieren,Exportálás
switching_to_month_view,Switching to month view,Wechsel zur Monatsansicht,Váltás havi nézetre
switching_to_week_view,Switching to week view,Wechsel zur Wochenansicht,Váltás heti nézetre
switching_to_day_view,Switching to day view,Wechsel zur Tagesansicht,Váltás napi nézetre
switching_to_timeline_view,Switching to timeline view,Wechsel zur Zeitlinienansicht,Váltás idővonal nézetre
navigating_to_today,Going to today,Zum heutigen Tag springen,Ugrás a mai napra
calendar_navigation_previous,Previous,Vorherige,Előző
calendar_navigation_next,Next,Nächste,Következő
monthly_summary,Monthly Summary,Monatliche Zusammenfassung,Havi Összesítő
weekly_summary,Weekly Summary,Wöchentliche Zusammenfassung,Heti Összesítő
daily_summary,Daily Summary,Tägliche Zusammenfassung,Napi Összesítő
timeline_summary,Timeline Summary,Zeitlinien Zusammenfassung,Idővonalas Összesítő
events_completed,Completed,Abgeschlossen,Befejezett
events_in_progress,In Progress,In Bearbeitung,Folyamatban
events_high_priority,High Priority,Hohe Priorität,Magas prioritás
events_total,Total Events,Gesamt Ereignisse,Összes esemény
quick_action_new_task,New task,Neue Aufgabe,Új feladat
quick_action_go_today,Go to today,Zu heute gehen,Mai napra
quick_action_filter,Filter,Filtern,Szűrés
morning,Morning,Morgen,Reggel
afternoon,Afternoon,Nachmittag,Délután
evening,Evening,Abend,Este
night,Night,Nacht,Éjszaka
no_events_today,No events today,Keine Ereignisse heute,Nincs esemény ma
no_events_this_week,No events this week,Keine Ereignisse diese Woche,Nincs esemény ezen a héten
no_events_this_month,No events this month,Keine Ereignisse diesen Monat,Nincs esemény ebben a hónapban
no_events_timeline,No events on timeline,Keine Ereignisse auf der Zeitlinie,Nincs esemény az idővonalon
loading_calendar,Loading calendar,Kalender wird geladen,Naptár betöltése
loading_events,Loading events,Ereignisse werden geladen,Események betöltése
loading_view,Loading view,Ansicht wird geladen,Nézet betöltése
calendar_load_error,Error loading calendar,Fehler beim Laden des Kalenders,Hiba a naptár betöltésekor
calendar_sync_error,Sync error,Synchronisierungsfehler,Szinkronizálási hiba
calendar_network_error,Network error,Netzwerkfehler,Hálózati hiba
month_view_description,Display full month,Ganzen Monat anzeigen,Teljes hónap megjelenítése
week_view_description,Display one week,Eine Woche anzeigen,Egy hét megjelenítése
day_view_description,Display detailed day,Detaillierten Tag anzeigen,Egy nap részletes megjelenítése
timeline_view_description,Events in chronological order,Ereignisse in chronologischer Reihenfolge,Események kronológiai sorrendben
today_label,Today,Heute,Ma
tomorrow_label,Tomorrow,Morgen,Holnap
yesterday_label,Yesterday,Gestern,Tegnap
this_week,This week,Diese Woche,Ezen a héten
next_week,Next week,Nächste Woche,Jövő héten
last_week,Last week,Letzte Woche,Múlt héten
calendar_go_previous,Previous period,Vorheriger Zeitraum,Előző időszak
calendar_go_next,Next period,Nächster Zeitraum,Következő időszak
calendar_select_date,Select date,Datum auswählen,Dátum kiválasztása
view_event_details,View event details,Ereignisdetails anzeigen,Esemény részletei
edit_event,Edit event,Ereignis bearbeiten,Esemény szerkesztése
delete_event,Delete event,Ereignis löschen,Esemény törlése
mark_completed,Mark completed,Als abgeschlossen markieren,Befejezettnek jelölés
calendar_accessibility_month,Monthly calendar view,Monatliche Kalenderansicht,Havi naptár nézet
calendar_accessibility_week,Weekly calendar view,Wöchentliche Kalenderansicht,Heti naptár nézet
calendar_accessibility_day,Daily calendar view,Tägliche Kalenderansicht,Napi naptár nézet
calendar_accessibility_timeline,Timeline calendar view,Zeitlinien Kalenderansicht,Idővonalas naptár nézet
category_created_by,Created by: {name},Erstellt von: {name},Létrehozta: {name}
category_edit_no_permission,Only the creator or family administrator can edit this category,Nur der Ersteller oder Familienadministrator kann diese Kategorie bearbeiten,Csak a létrehozó vagy családi adminisztrátor szerkesztheti ezt a kategóriát
category_delete_no_permission,Only the creator or family administrator can delete this category,Nur der Ersteller oder Familienadministrator kann diese Kategorie löschen,Csak a létrehozó vagy családi adminisztrátor törölheti ezt a kategóriát
category_permission_denied,Permission denied,Berechtigung verweigert,Nincs jogosultság
category_admin_or_creator_only,Only parent or creator can modify,Nur Elternteil oder Ersteller kann ändern,Csak szülő vagy létrehozó módosíthatja

databaseUnavailable,The server is currently unavailable. Please try again later.,Der Server ist derzeit nicht verfügbar. Bitte versuchen Sie es später erneut.,A szerver jelenleg nem elérhető. Kérjük próbálja meg később.
networkOfflineError,No internet connection. Please check your network settings.,Keine Internetverbindung. Bitte überprüfen Sie Ihre Netzwerkeinstellungen.,Nincs internetkapcsolat. Ellenőrizze a hálózati beállításokat.
authenticationError,Authentication error. Please check your credentials.,Authentifizierungsfehler. Bitte überprüfen Sie Ihre Anmeldedaten.,Bejelentkezési hiba. Ellenőrizze az adatokat.
connectionTimeout,Connection timed out. Please try again.,Verbindung unterbrochen. Bitte versuchen Sie es erneut.,A kapcsolat időtúllépés miatt megszakadt. Próbálja újra.
loginGeneralError,An error occurred during login. Please try again.,Ein Fehler ist bei der Anmeldung aufgetreten. Bitte versuchen Sie es erneut.,Hiba történt a bejelentkezés során. Próbálja újra.
errorDetails,Error Details,Fehlerdetails,Hiba részletei
errorCategory,Category,Kategorie,Kategória
debugInfo,Debug,Debug,Debug
originalErrorLabel,Original error,Ursprünglicher Fehler,Eredeti hiba
closeDialog,Close,Schließen,Bezárás


calendar_selected_date,Selected date,Ausgewähltes Datum,Kiválasztott dátum
calendar_today_button,Today,Heute,Mai nap
calendar_refresh,Refresh,Aktualisieren,Frissítés
calendar_tasks_for_day,Tasks - {date},Aufgaben - {date},Feladatok - {date}
calendar_no_tasks,No tasks on this day,Keine Aufgaben an diesem Tag,Nincsenek feladatok ezen a napon
calendar_offline_no_tasks,No tasks in offline mode,Keine Aufgaben im Offline-Modus,Offline módban nincsenek feladatok
calendar_offline_banner,Offline mode - Calendar data limited,Offline-Modus - Kalenderdaten begrenzt,Offline mód - Naptár adatok korlátozottak
calendar_offline_action_blocked,This feature is unavailable in offline mode,Diese Funktion ist im Offline-Modus nicht verfügbar,Offline módban ez a funkció nem elérhető


# Register page általános
registerTitle,Regisztráció,Register,Registrieren
registerAndJoin,Regisztráció és csatlakozás,Register and Join,Registrieren und Beitreten

# Meghívó kód
inviteCode,Meghívó kód,Invite Code,Einladungscode
inviteCodeHint,Add meg a kapott meghívó kódot,Enter the invite code you received,Geben Sie den erhaltenen Einladungscode ein
inviteCodeRequired,A meghívó kód nem lehet üres,Invite code cannot be empty,Einladungscode darf nicht leer sein
invalidInviteCode,Érvénytelen meghívó kód: {error},Invalid invite code: {error},Ungültiger Einladungscode: {error}
invalidInviteCodeMessage,Érvénytelen meghívó kód,Invalid invite code,Ungültiger Einladungscode
inviteCodeExpired,Ez a meghívó kód már nem érvényes,This invite code is no longer valid,Dieser Einladungscode ist nicht mehr gültig
inviteCheckError,Hiba történt a meghívó ellenőrzése közben,Error checking invite code,Fehler beim Überprüfen des Einladungscodes
checkInvite,Ellenőrzés,Check,Prüfen
joiningFamily,Csatlakozás: {familyName},Joining: {familyName},Beitritt: {familyName}

# Családhoz csatlakozás
joinFamilyWithInvite,Csatlakozás családhoz meghívó kóddal,Join family with invite code,Mit Einladungscode zur Familie beitreten
familyJoinSuccess,Sikeresen csatlakoztál a családhoz!,Successfully joined the family!,Erfolgreich der Familie beigetreten!
familyJoinError,Hiba a családhoz csatlakozás során: {error},Error joining family: {error},Fehler beim Beitritt zur Familie: {error}

# Hibaüzenetek
profileCreationError,Hiba a felhasználói fiók létrehozásakor. Kérjük próbálja meg újra más email címmel.,Error creating user account. Please try again with a different email.,Fehler beim Erstellen des Benutzerkontos. Bitte versuchen Sie es mit einer anderen E-Mail erneut.
registrationError,Regisztrációs hiba,Registration error,Registrierungsfehler
emailAlreadyRegistered,Ez az email cím már regisztrálva van. Kérjük jelentkezz be!,This email address is already registered. Please log in!,Diese E-Mail-Adresse ist bereits registriert. Bitte melde dich an!

# Egyéb
fullNameHint,Teljes neved (opcionális),Your full name (optional),Ihr vollständiger Name (optional)

myTasksOffline,My Tasks (Offline),Meine Aufgaben (Offline),Saját feladatok (Offline)
offlineModeOnlyCached,Offline mode - Only cached data available,Offline-Modus - Nur zwischengespeicherte Daten verfügbar,Offline mód - Csak cache-elt adatok érhetők el
offlineModeTasksReadonly,Tasks cannot be modified in offline mode,Aufgaben können im Offline-Modus nicht geändert werden,Offline módban a feladatok állapota nem módosítható
errorOccurred,An error occurred,Ein Fehler ist aufgetreten,Hiba történt
active,Active,Aktiv,Aktív
hidden,Hidden,Versteckt,Rejtett
hiddenCompleted,hidden completed,versteckte abgeschlossene,rejtett befejezett
inactive,INACTIVE,INAKTIV,INAKTÍV
today,Today,Heute,Ma
tomorrow,Tomorrow,Morgen,Holnap
yesterday,Yesterday,Gestern,Tegnap
daysAgo,{count} days ago,vor {count} Tagen,{count} napja lejárt
daysFromNow,in {count} days,in {count} Tagen,{count} nap múlva
noTasksToDisplay,No tasks to display,Keine Aufgaben anzuzeigen,Nincs megjeleníthető feladat
unnamedTask,Unnamed task,Unbenannte Aufgabe,Névtelen feladat
advancedFilters,Advanced Filters,Erweiterte Filter,Részletes szűrők
showCompleted,Show completed,Zeige abgeschlossene,Befejezettek mutatása
hideCompleted,Hide completed,Verberge abgeschlossene,Befejezettek elrejtése
sortBy,Sort by,Sortieren nach,Rendezés
sortByName,Name,Name,Név
sortByDueDate,Due date,Fälligkeitsdatum,Határidő
sortByPriority,Priority,Priorität,Prioritás

offlineModeTitle,Offline Mode,Offline-Modus,Offline mód
offlineModeRefreshUnavailable,Refresh is not available in offline mode,Aktualisierung ist im Offline-Modus nicht verfügbar,Offline módban a frissítés nem elérhető
offlineModeWarning,Offline Mode Warning,Offline-Modus Warnung,Offline mód figyelmeztetés
offlineModeLogoutConfirm,You are in offline simulation mode. Are you sure you want to log out?,Sie befinden sich im Offline-Simulationsmodus. Möchten Sie sich wirklich abmelden?,Offline szimulációs módban vagy. Biztosan ki szeretnél jelentkezni?
offlineModeNavigationLimited,Offline mode - Navigation available but limited functionality,Offline-Modus - Navigation verfügbar aber eingeschränkte Funktionalität,Offline mód - Navigáció elérhető de korlátozott funkciók


offlineModeTitle,Offline Mode,Offline-Modus,Offline mód
offlineModeRefreshUnavailable,Refresh is not available in offline mode,Aktualisierung ist im Offline-Modus nicht verfügbar,Offline módban a frissítés nem elérhető
offlineModeWarning,Offline Mode Warning,Offline-Modus Warnung,Offline mód figyelmeztetés
offlineModeLogoutConfirm,You are in offline simulation mode. Are you sure you want to log out?,Sie befinden sich im Offline-Simulationsmodus. Möchten Sie sich wirklich abmelden?,Offline szimulációs módban vagy. Biztosan ki szeretnél jelentkezni?
offlineModeNavigationLimited,Offline mode - Navigation available but limited functionality,Offline-Modus - Navigation verfügbar aber eingeschränkte Funktionalität,Offline mód - Navigáció elérhető de korlátozott funkciók
categories,Categories,Kategorien,Kategóriák
offlineModeActive,Offline mode active,Offline-Modus aktiv,Offline mód aktív
cachedDataDisplay,Showing cached data,Zwischengespeicherte Daten anzeigen,Cache-elt adatok megjelenítése
noCategoriesFound,No categories found,Keine Kategorien gefunden,Nincs kategória
createFirstCategory,Create your first category,Erstelle deine erste Kategorie,Hozd létre az első kategóriádat
newCategory,New Category,Neue Kategorie,Új kategória
editCategory,Edit Category,Kategorie bearbeiten,Kategória szerkesztése
categoryName,Category name,Kategoriename,Kategória neve
enterCategoryName,Enter category name,Kategoriename eingeben,Írd be a kategória nevét
optionalDescription,Optional description,Optionale Beschreibung,Opcionális leírás
makePrivate,Make private,Privat machen,Legyen privát
categoryColor,Category color,Kategoriefarbe,Kategória színe
activeTasks,Active tasks,Aktive Aufgaben,Aktív feladatok
completedTasks,Completed tasks,Abgeschlossene Aufgaben,Befejezett feladatok
deleteCategory,Delete category,Kategorie löschen,Kategória törlése
deleteCategoryConfirm,Are you sure you want to delete "{name}" category?,Möchten Sie die Kategorie "{name}" wirklich löschen?,Biztosan törölni szeretnéd a "{name}" kategóriát?
categoryCreated,Category created,Kategorie erstellt,Kategória létrehozva
categoryUpdated,Category updated,Kategorie aktualisiert,Kategória frissítve
categoryDeleted,Category deleted,Kategorie gelöscht,Kategória törölve
noPermissionEditCategory,You don't have permission to edit this category,Sie haben keine Berechtigung diese Kategorie zu bearbeiten,Nincs jogosultságod szerkeszteni ezt a kategóriát
cannotMakePrivate,Cannot make private,Kann nicht privat gemacht werden,Nem tehető privattá
categoryContainsPublicTasks,This category contains public tasks. Move or make them private first.,Diese Kategorie enthält öffentliche Aufgaben. Verschieben oder privat machen Sie sie zuerst.,Ez a kategória nyilvános feladatokat tartalmaz. Először ezeket privattá kell tenni vagy át kell helyezni őket másik kategóriába.
offlineNoOperations,Operations not available in offline mode,Operationen im Offline-Modus nicht verfügbar,Offline módban a műveletek nem elérhetők
offlineViewOnly,View only mode,Nur Ansichtsmodus,Csak megtekintés módban
selectCategoryToEdit,Select a category to edit,Wählen Sie eine Kategorie zum Bearbeiten,Válassz kategóriát a szerkesztéshez
invalidNumber,Invalid number,Ungültige Nummer,Érvénytelen szám
description,Description,Beschreibung,Leírás
sortOrder,Sort order,Sortierreihenfolge,Sorrend


calendar,Calendar,Kalender,Naptár
calendarView,Calendar view,Kalenderansicht,Naptár nézet
events,Events,Ereignisse,Események
noEvents,No events,Keine Ereignisse,Nincsenek események
eventDetails,Event details,Ereignisdetails,Esemény részletei
calendarMonthView,Month,Monat,Hónap
calendarWeekView,Week,Woche,Hét
calendarDayView,Day,Tag,Nap
calendarTimelineView,Timeline,Zeitlinie,Idővonal

// Hónapnevek
monthJanuary,January,Januar,Január
monthFebruary,February,Februar,Február
monthMarch,March,März,Március
monthApril,April,April,Április
monthMay,May,Mai,Május
monthJune,June,Juni,Június
monthJuly,July,Juli,Július
monthAugust,August,August,Augusztus
monthSeptember,September,September,Szeptember
monthOctober,October,Oktober,Október
monthNovember,November,November,November
monthDecember,December,Dezember,December

// Rövid hónapnevek
monthJanShort,Jan,Jan,Jan
monthFebShort,Feb,Feb,Feb
monthMarShort,Mar,Mär,Már
monthAprShort,Apr,Apr,Ápr
monthMayShort,May,Mai,Máj
monthJunShort,Jun,Jun,Jún
monthJulShort,Jul,Jul,Júl
monthAugShort,Aug,Aug,Aug
monthSepShort,Sep,Sep,Sze
monthOctShort,Oct,Okt,Okt
monthNovShort,Nov,Nov,Nov
monthDecShort,Dec,Dez,Dec

// Napok
dayMonday,Monday,Montag,Hétfő
dayTuesday,Tuesday,Dienstag,Kedd
dayWednesday,Wednesday,Mittwoch,Szerda
dayThursday,Thursday,Donnerstag,Csütörtök
dayFriday,Friday,Freitag,Péntek
daySaturday,Saturday,Samstag,Szombat
daySunday,Sunday,Sonntag,Vasárnap

// Rövid napnevek
dayMonShort,Mon,Mo,H
dayTueShort,Tue,Di,K
dayWedShort,Wed,Mi,Sze
dayThuShort,Thu,Do,Cs
dayFriShort,Fri,Fr,P
daySatShort,Sat,Sa,Szo
daySunShort,Sun,So,V

// Dátumválasztó
selectDate,Select date,Datum auswählen,Dátum kiválasztása
selectYear,Select year,Jahr auswählen,Év kiválasztása
selectMonth,Select month,Monat auswählen,Hónap kiválasztása
selectDay,Select day,Tag auswählen,Nap kiválasztása
jumpToDate,Jump to date,Zum Datum springen,Ugrás dátumhoz
goToToday,Go to today,Zu heute gehen,Ugrás a mai napra
year,Year,Jahr,Év
month,Month,Monat,Hónap
day,Day,Tag,Nap

profileImageSection,Profile Picture,Profilbild,Profilkép
premiumSubscription,Premium Subscription,Premium-Abonnement,Prémium előfizetés
activeSubscription,Active Subscription,Aktives Abonnement,Aktív előfizetés
unlockAllFeatures,Unlock all features,Alle Funktionen freischalten,Használd ki az összes funkciót
developerTools,Developer Tools,Entwickler-Tools,Fejlesztői Eszközök
offlineModeNoSave,Cannot save in offline mode,Im Offline-Modus kann nicht gespeichert werden,Offline módban nem menthető

families,Families,Familien,Családok
familiesManagement,Family Management,Familienverwaltung,Családok kezelése
offlineFamiliesManagement,Offline Family Management,Offline Familienverwaltung,Offline családok kezelése
offlineModeViewOnly,Offline mode - View only mode no modifications possible,Offline-Modus - Nur Ansichtsmodus keine Änderungen möglich,Offline mód - Csak megtekintési mód módosítások nem lehetségesek
noFamilyYet,You don't have a family yet. Create one or join an existing one!,Du hast noch keine Familie. Erstelle eine oder tritt einer bestehenden bei!,Még nincs családod. Hozz létre egyet vagy csatlakozz egy meglévőhöz!
offlineNoFamilies,No families available in offline mode,Im Offline-Modus sind keine Familien verfügbar,Offline módban nincsenek elérhető családok
familySettings,Family Settings,Familieneinstellungen,Család beállítások
familySettingsDesc,Manage family settings,Familieneinstellungen verwalten,Család beállításainak kezelése
familyMembersManagement,Member and Permission Management,Mitglieder- und Berechtigungsverwaltung,Tagok és jogosultságok kezelése
familyEditPageTitle,Edit Family,Familie bearbeiten,Család szerkesztése
familyEditPageTitleOffline,Offline Family Edit,Offline Familienbearbeitung,Offline család szerkesztés
offlineModeViewOnly,Offline mode - View only cached data,Offline-Modus - Nur zwischengespeicherte Daten anzeigen,Offline mód - Csak cache-elt adatok és megtekintés
offlineNotAvailable,Not available in offline mode,Im Offline-Modus nicht verfügbar,Offline módban nem elérhető
offlineFamilyNotAvailable,Family not available in offline mode,Familie im Offline-Modus nicht verfügbar,Offline módban a család nem elérhető
familyNotFound,Family not found,Familie nicht gefunden,A család nem található
offlineSettingsCannotModify,Settings cannot be modified in offline mode,Einstellungen können im Offline-Modus nicht geändert werden,Offline módban a beállítások nem módosíthatók
offlineFamilyCannotSave,Family settings cannot be saved in offline mode,Familieneinstellungen können im Offline-Modus nicht gespeichert werden,Offline módban a család beállítások nem menthetők
offlineOperationsNotAvailable,Operations not available in offline mode,Vorgänge im Offline-Modus nicht verfügbar,Offline módban a műveletek nem elérhetők
offlineViewOnlyLabel,View only,Nur anzeigen,Csak megtekintés módban
offlineCachedData,Cached data,Zwischengespeicherte Daten,Cache-elt adatok
familyBasicInfo,Basic Information,Grundinformationen,Alapadatok
familyBasicInfoOffline,Basic Information (Cached),Grundinformationen (Zwischengespeichert),Alapadatok (Cache-elt adatok)
familyNameLabel,Family Name,Familienname,Család neve
familyNameHint,Enter family name,Familiennamen eingeben,Add meg a család nevét
familyNameRequired,Family name is required,Familienname ist erforderlich,A család neve kötelező
familyDescriptionLabel,Description,Beschreibung,Leírás
familyDescriptionHint,Enter family description (optional),Familienbeschreibung eingeben (optional),Add meg a család leírását (opcionális)
familyCreatedAt,Created,Erstellt,Létrehozva
familyInviteCode,Invite Code,Einladungscode,Meghívó kód
familyMaxMembers,Maximum Members,Maximale Mitglieder,Maximális tagok száma
familyPrivacySettings,Privacy Settings,Datenschutzeinstellungen,Adatvédelmi beállítások
familyPrivacySettingsOffline,Privacy Settings (View only),Datenschutzeinstellungen (Nur anzeigen),Adatvédelmi beállítások (Csak megtekintés módban)
familyAllowMemberInvites,Members can invite new members,Mitglieder können neue Mitglieder einladen,Tagok meghívhatnak új tagokat
familyShowMemberActivity,Show member activity,Mitgliederaktivität anzeigen,Tagok aktivitásának megjelenítése
familyDefaultTodoVisibility,Default task visibility,Standard-Aufgabensichtbarkeit,Alapértelmezett feladat láthatóság
familyNotificationSettings,Notification Settings,Benachrichtigungseinstellungen,Értesítési beállítások
familyNotificationSettingsOffline,Notification Settings (View only),Benachrichtigungseinstellungen (Nur anzeigen),Értesítési beállítások (Csak megtekintés módban)
familyNotifyNewMember,New member joined,Neues Mitglied beigetreten,Új tag csatlakozott
familyNotifyMemberLeft,Member left,Mitglied ist gegangen,Tag kilépett
familyNotifyTodoAssigned,Task assigned,Aufgabe zugewiesen,Feladat hozzárendelve
familyNotifyTodoCompleted,Task completed,Aufgabe abgeschlossen,Feladat elvégezve
familyTodoSettings,Task Settings,Aufgabeneinstellungen,Feladat beállítások
familyTodoSettingsOffline,Task Settings (View only),Aufgabeneinstellungen (Nur anzeigen),Feladat beállítások (Csak megtekintés módban)
familyAutoArchiveDays,Auto-archive (days),Automatisches Archivieren (Tage),Automatikus archiválás (nap)
familyAllowMemberReassign,Members can reassign tasks,Mitglieder können Aufgaben neu zuweisen,Tagok átadhatnak feladatokat
familyRequireCompletionNotes,Completion notes required,Abschlussnotizen erforderlich,Befejezéshez megjegyzés kötelező
familyCalendarSettings,Calendar Settings,Kalendereinstellungen,Naptár beállítások
familyCalendarSettingsOffline,Calendar Settings (View only),Kalendereinstellungen (Nur anzeigen),Naptár beállítások (Csak megtekintés módban)
familyCalendarShowTodos,Show tasks in calendar,Aufgaben im Kalender anzeigen,Feladatok megjelenítése a naptárban
familyCalendarShowBirthdays,Show birthdays,Geburtstage anzeigen,Születésnapok megjelenítése
familyCalendarReminderDefaultTime,Default reminder time,Standard-Erinnerungszeit,Alapértelmezett emlékeztető idő
familySaveButton,Save,Speichern,Mentés
familySuccessfullyUpdated,Family successfully updated,Familie erfolgreich aktualisiert,Család sikeresen frissítve
familyUpdateError,Error occurred: {error},Fehler aufgetreten: {error},Hiba történt: {error}
offlineErrorFamilyDataNotAvailable,Offline mode - Family data not available,Offline-Modus - Familiendaten nicht verfügbar,Offline mód - Család adatok nem érhetők el
selectVisibility,Select Visibility,Sichtbarkeit wählen,Válassz láthatóságot
selectVisibilityOffline,Select Visibility (View only),Sichtbarkeit wählen (Nur anzeigen),Válassz láthatóságot (Csak megtekintés módban)
visibilityFamily,Family,Familie,Családi
visibilityPrivate,Private,Privat,Privát
visibilityPublic,Public,Öffentlich,Nyilvános
selectValue,Select Value,Wert wählen,Válassz értéket
selectValueOffline,Select Value (View only),Wert wählen (Nur anzeigen),Válassz értéket (Csak megtekintés módban)
selectTime,Select Time,Zeit wählen,Idő választás
selectTimeOffline,Select Time (View only),Zeit wählen (Nur anzeigen),Idő választás (Csak megtekintés módban)
offlineTimePickerNotAvailable,Time selection not available in offline mode,Zeitauswahl im Offline-Modus nicht verfügbar,Offline módban az idő választás nem elérhető
close,Close,Schließen,Bezárás
invitesManagement,Invite Management,Einladungsverwaltung,Meghívók kezelése
invitesManagementDesc,Create and manage invites,Einladungen erstellen und verwalten,Meghívók létrehozása és kezelése
offlineNotEditable,Not editable in offline mode,Im Offline-Modus nicht bearbeitbar,Offline módban nem szerkeszthető
offlineNotAvailable,Not available in offline mode,Im Offline-Modus nicht verfügbar,Offline módban nem elérhető
viewOnlyMode,View only mode available,Nur Ansichtsmodus verfügbar,Csak megtekintési mód elérhető
offlineInvites,Offline Invites,Offline Einladungen,Offline meghívók
offlineFamiliesNotAvailable,Families not available in offline mode,Familien im Offline-Modus nicht verfügbar,Offline módban a családok nem érhetők el
offlineFamilySettingsNotEditable,Family settings cannot be edited in offline mode,Familieneinstellungen können im Offline-Modus nicht bearbeitet werden,Offline módban a család beállítások nem szerkeszthetők
offlineInvitesNotAvailable,Invite management not available in offline mode,Einladungsverwaltung im Offline-Modus nicht verfügbar,Offline módban a meghívók kezelése nem elérhető


paywall_title,Premium Subscription,Premium-Abonnement,Prémium Előfizetés
paywall_premium_title,Zumi Premium,Zumi Premium,Zumi Premium
paywall_subtitle,Unlock all features of the app,Nutze alle Funktionen der App,Használd ki az alkalmazás összes funkcióját
paywall_loading_plans,Loading plans...,Pakete werden geladen...,Csomagok betöltése...
paywall_loading_error,Error loading plans,Fehler beim Laden der Pakete,Hiba történt a csomagok betöltésekor
paywall_retry,Retry,Erneut versuchen,Újrapróbálás
paywall_purchase_loading,Purchase in progress...,Kauf läuft...,Vásárlás folyamatban...
paywall_purchase_wait,Please do not close the app,Bitte schließe die App nicht,Kérjük ne zárd be az alkalmazást,
paywall_why_premium,Why Premium?,Warum Premium?,Miért érdemes Prémium?
paywall_no_ads,Ad-free experience,Werbefrei,Reklámmmentesség
paywall_unlimited_tasks,Unlimited tasks,Unbegrenzte Aufgaben,Korlátlan feladatok
paywall_family_sharing,Family sharing,Familienfreigabe,Családi megosztás
paywall_offline_mode,Offline mode,Offline-Modus,Offline mód
paywall_priority_support,Priority support,Vorrangiger Support,Elsőbbségi támogatás
paywall_early_access,Early access to new features,Früher Zugang zu neuen Funktionen,Korai hozzáférés új funkciókhoz
paywall_legal_text,Subscription auto-renews unless cancelled at least 24 hours before the end of the current period. Payment is through your Google Play account. You can manage your subscription in Google Play settings.,Das Abonnement verlängert sich automatisch es sei denn es wird mindestens 24 Stunden vor Ende der aktuellen Periode gekündigt. Die Zahlung erfolgt über Ihr Google Play-Konto. Sie können Ihr Abonnement in den Google Play-Einstellungen verwalten.,Az előfizetés automatikusan megújul hacsak nem mondod le legalább 24 órával a jelenlegi időszak vége előtt. A fizetés a Google Play fiókodon keresztül történik. Az előfizetést a Google Play beállításaiban kezelheted.
paywall_success_title,Successful purchase!,Erfolgreicher Kauf!,Sikeres vásárlás!
paywall_success_message,Thank you for becoming a Premium subscriber! You now have access to all features.,Danke dass Sie Premium-Abonnent geworden sind! Sie haben jetzt Zugriff auf alle Funktionen.,Köszönjük hogy Prémium előfizető lettél! Most már elérheted az összes funkciót.
paywall_success_button,OK,OK,Rendben
paywall_per_month,per month,pro Monat,havonta
paywall_per_year,per year,pro Jahr,évente
paywall_month,month,Monat,hó
paywall_year,year,Jahr,év
paywall_current_plan,Current plan,Aktuelles Paket,Jelenlegi csomag
paywall_savings,Save {percent}%,Spare {percent}%,{percent}% megtakarítás
paywall_offline_banner,Subscription purchase requires internet connection,Abonnement-Kauf erfordert Internetverbindung,Az előfizetés vásárlásához internetkapcsolat szükséges
paywall_offline_features_limited,Features are limited in offline mode,Funktionen sind im Offline-Modus eingeschränkt,A funkciók offline módban korlátozottak


subscription_current,Current subscription,Aktuelles Abonnement,Jelenlegi előfizetésed
subscription_automatic,Automatic,Automatisch,Automatikus
subscription_package,Package,Paket,Csomag
subscription_yearly_premium,Yearly Premium,Jährliches Premium,Éves Prémium
subscription_monthly_premium,Monthly Premium,Monatliches Premium,Havi Prémium
subscription_purchase_date,Purchase date,Kaufdatum,Vásárlás
subscription_expiry_date,Expiry date,Ablaufdatum,Lejárat
subscription_expired,Expired,Abgelaufen,Lejárt
subscription_platform,Platform,Plattform,Platform
subscription_manage,Manage subscription,Abonnement verwalten,Előfizetés kezelése
subscription_days_remaining,{count} days,{count} Tage,{count} nap
subscription_manage_error,Failed to open subscription management,Abonnementverwaltung konnte nicht geöffnet werden,Nem sikerült megnyitni az előfizetés kezelést
subscription_status_active,Active,Aktiv,Aktív
subscription_status_expired,Expired,Abgelaufen,Lejárt
subscription_status_cancelled,Cancelled,Gekündigt,Lemondva
subscription_status_pending,Pending,Ausstehend,Függőben
subscription_status_unknown,Unknown,Unbekannt,Ismeretlen

key,en,de,hu
settings,Settings,Einstellungen,Beállítások
darkMode,Dark Mode,Dunkles Thema,Sötét mód
lightMode,Light Mode,Helles Thema,Világos mód
systemTheme,System Theme,System-Thema,Rendszer téma
appTitle,Task Manager,Aufgabenmanager,Feladatkezelő
loginTitle,Login,Anmelden,Bejelentkezés
registerTitle,Register,Registrieren,Regisztráció
homeTitle,Home,Startseite,Főoldal
tasksTitle,Tasks,Aufgaben,Feladatok
categoriesTitle,Categories,Kategorien,Kategóriák
newTaskTitle,New Task,Neue Aufgabe,Új feladat
taskDetailsTitle,Task Details,Aufgabendetails,Feladat részletei
user,User,Benutzer,Felhasználó
registerSuccess,Registration successful! Please confirm your email.,Registrierung erfolgreich! Bitte bestätige deine E-Mail.,Sikeres regisztráció! Kérjük erősítsd meg az email címedet.
creating,Creating,Erstelle,Létrehozás
noUserLoggedIn,No user is logged in,Kein Benutzer ist angemeldet,Nincs bejelentkezett felhasználó
refresh,Refresh,Aktualisieren,Frissítés
createNewCategory,Create New Category,Neue Kategorie erstellen,Új kategória létrehozása
editCategory,Edit Category,Kategorie bearbeiten,Kategória szerkesztése
noCategories,No categories yet,Noch keine Kategorien,Nincsenek kategóriák
email,Email,E-Mail,Email cím
emailHint,Enter your email,Gib deine E-Mail-Adresse ein,Add meg az email címed
emailRequired,Email is required,E-Mail ist erforderlich,Az email cím megadása kötelező
emailInvalid,Invalid email format,Ungültiges E-Mail-Format,Érvénytelen email formátum
password,Password,Passwort,Jelszó
passwordHint,Enter your password,Gib dein Passwort ein,Add meg a jelszavad
passwordRequired,Password is required,Passwort ist erforderlich,A jelszó megadása kötelező
passwordTooShort,Password must be at least 6 characters,Passwort muss mindestens 6 Zeichen lang sein,A jelszó legalább 6 karakter hosszú legyen
passwordNeedsDigit,Password must contain a digit,Passwort muss mindestens eine Ziffer enthalten,A jelszónak tartalmaznia kell számot
confirmPassword,Confirm Password,Passwort bestätigen,Jelszó megerősítése
passwordsDontMatch,Passwords don't match,Passwörter stimmen nicht überein,A jelszavak nem egyeznek
fullName,Full Name,Vollständiger Name,Teljes név
fullNameHint,Enter your full name,Gib deinen vollständigen Namen ein,Add meg a teljes neved
fullNameRequired,Full name is required,Vollständiger Name ist erforderlich,A név megadása kötelező
login,Login,Anmelden,Bejelentkezés
register,Register,Registrieren,Regisztráció
logout,Logout,Abmelden,Kijelentkezés
save,Save,Speichern,Mentés
cancel,Cancel,Abbrechen,Mégse
delete,Delete,Löschen,Törlés
edit,Edit,Bearbeiten,Szerkesztés
create,Create,Erstellen,Létrehozás
update,Update,Aktualisieren,Frissítés
forgotPassword,Forgot Password?,Passwort vergessen?,Elfelejtett jelszó?
noAccount,Don't have an account? Register!,Noch kein Konto? Registrieren!,Még nincs fiókod? Regisztrálj!
hasAccount,Already have an account? Login!,Bereits ein Konto? Anmelden!,Már van fiókod? Jelentkezz be!
selectOption,Select an option:,Wähle eine Option:,Válassz az alábbi lehetőségek közül:
taskName,Task Name,Aufgabenname,Feladat neve
taskNameHint,Enter task name,Aufgabenname eingeben,Add meg a feladat nevét
taskNameRequired,Task name is required,Aufgabenname ist erforderlich,A feladat neve kötelező
category,Category,Kategorie,Kategória
selectCategory,Select category,Kategorie auswählen,Válassz kategóriát
noCategory,No category,Keine Kategorie,Nincs kategória
categoryName,Category Name,Kategoriename,Kategória neve
categoryNameHint,Enter category name,Kategoriename eingeben,Add meg a kategória nevét
categoryNameRequired,Category name is required,Kategoriename ist erforderlich,A kategória neve kötelező
categoryDescription,Description (optional),Beschreibung (optional),Leírás (opcionális)
privateTask,Private Task,Private Aufgabe,Privát feladat
privateTaskDescription,If checked only you can see this task,Wenn aktiviert kannst nur du diese Aufgabe sehen,Ha be van jelölve csak te láthatod ezt a feladatot
privateCategory,Private Category,Private Kategorie,Privát kategória
privateCategoryDescription,Private categories are not visible to family members,Private Kategorien sind für Familienmitglieder nicht sichtbar,A privát kategória nem látható a családtagok számára
taskCreated,Task created successfully,Aufgabe erfolgreich erstellt,Feladat sikeresen létrehozva
taskUpdated,Task updated successfully,Aufgabe erfolgreich aktualisiert,Feladat sikeresen frissítve
taskDeleted,Task deleted successfully,Aufgabe erfolgreich gelöscht,Feladat sikeresen törölve
categoryCreated,Category created successfully,Kategorie erfolgreich erstellt,Kategória sikeresen létrehozva
categoryUpdated,Category updated successfully,Kategorie erfolgreich aktualisiert,Kategória sikeresen módosítva
categoryDeleted,Category deleted successfully,Kategorie erfolgreich gelöscht,Kategória sikeresen törölve
error,Error,Fehler,Hiba
generalError,An error occurred,Ein Fehler ist aufgetreten,Hiba történt
connectionError,Connection error,Verbindungsfehler,Kapcsolódási hiba
tryAgain,Try Again,Erneut versuchen,Újrapróbálkozás
status,Status,Status,Státusz
inProgress,In Progress,In Bearbeitung,Folyamatban
completed,Completed,Abgeschlossen,Befejezve
visibility,Visibility,Sichtbarkeit,Láthatóság
private,Private,Privat,Privát
public,Public,Öffentlich,Nyilvános
creationDate,Creation Date,Erstellungsdatum,Létrehozás dátuma
userId,User ID,Benutzer-ID,Felhasználói azonosító
myTasks,My Tasks,Meine Aufgaben,Saját feladatok
familyTasks,Family Tasks,Familienaufgaben,Családi feladatok
noTasks,No tasks yet,Noch keine Aufgaben,Még nincsenek feladatok
noMyTasks,You don't have any tasks yet,Du hast noch keine Aufgaben,Még nincsenek saját feladataid
noFamilyTasks,There are no family tasks yet,Es gibt noch keine Familienaufgaben,Még nincsenek családi feladatok
acceptTerms,I accept the terms and conditions,Ich akzeptiere die Geschäftsbedingungen,Elfogadom a feltételeket és az adatvédelmi irányelveket
termsRequired,You must accept the terms and conditions,Du musst die Geschäftsbedingungen akzeptieren,A feltételek elfogadása kötelező a regisztrációhoz
theme,Theme,Thema,Téma
language,Language,Sprache,Nyelv
changeLanguage,Change Language,Sprache ändern,Nyelv váltása
english,English,Englisch,Angol
german,German,Deutsch,Német
hungarian,Hungarian,Ungarisch,Magyar
deleteConfirmation,Confirm Delete,Löschen bestätigen,Törlés megerősítése
deleteTaskConfirmation,Are you sure you want to delete this task?,Möchtest du diese Aufgabe wirklich löschen?,Biztosan törölni szeretnéd ezt a feladatot?
editProfile,Edit Profile,Profil bearbeiten,Profil szerkesztése
profileUpdated,Profile updated successfully,Profil erfolgreich aktualisiert,Profil sikeresen frissítve
profileLoadError,Failed to load profile data.,Fehler beim Laden der Profildaten.,Nem sikerült betölteni a profil adatokat.
personalData,Personal Data,Persönliche Daten,Személyes adatok
displayName,Display Name,Anzeigename,Megjelenítési név
displayNameRequired,Display name is required,Anzeigename ist erforderlich,A megjelenítési név megadása kötelező
birthDate,Birth Date,Geburtsdatum,Születési dátum
gender,Gender,Geschlecht,Nem
selectGender,Select gender,Geschlecht auswählen,Válassz nemet
male,Male,Männlich,Férfi
female,Female,Weiblich,Nő
other,Other,Andere,Egyéb
preferNotToSay,Prefer not to say,Keine Angabe,Nem szeretném megadni
residenceCity,Residence City,Wohnort,Lakóhely
dateTimeSettings,Date and Time Settings,Datums- und Zeiteinstellungen,Dátum és idő beállítások
dateFormat,Date Format,Datumsformat,Dátum formátum
timeFormat,Time Format,Zeitformat,Idő formátum
selectFormat,Select format,Format auswählen,Válassz formátumot
format24h,24-hour format (e.g. 14:30),24-Stunden-Format (z.B. 14:30),24 órás (pl. 14:30)
format12h,12-hour format (e.g. 2:30 PM),12-Stunden-Format (z.B. 2:30 PM),12 órás (pl. 2:30 PM)
timezone,Timezone,Zeitzone,Időzóna
selectTimezone,Select timezone,Zeitzone auswählen,Válassz időzónát
budapestTimezone,Central European Time (Budapest),Mitteleuropäische Zeit (Budapest),Közép-európai idő (Budapest)
londonTimezone,Greenwich Mean Time (London),Greenwich-Normalzeit (London),Greenwich-i középidő (London)
newYorkTimezone,Eastern Time (New York),Ostküstenzeit (New York),Keleti parti idő (New York)
losAngelesTimezone,Pacific Time (Los Angeles),Pazifikzeit (Los Angeles),Csendes-óceáni idő (Los Angeles)
tokyoTimezone,Japan Time (Tokyo),Japanische Zeit (Tokio),Japán idő (Tokió)
taskSettings,Task Settings,Aufgabeneinstellungen,Feladat beállítások
taskSortOrder,Task Sort Order,Aufgaben-Sortierreihenfolge,Feladatok rendezése
selectSortOrder,Select sort order,Sortierreihenfolge auswählen,Válassz rendezési sorrendet
byDueDate,By due date,Nach Fälligkeitsdatum,Határidő szerint
byPriority,By priority,Nach Priorität,Prioritás szerint
byCreationDate,By creation date,Nach Erstellungsdatum,Létrehozás szerint
byTitle,By title,Nach Titel,Cím szerint
readOnlyInformation,Read-only Information,Schreibgeschützte Informationen,Csak olvasható információk
created,Created,Erstellt,Létrehozva
updated,Updated,Aktualisiert,Frissítve
notSpecified,Not specified,Nicht angegeben,Nincs megadva
profilePicture,Profile Picture,Profilbild,Profilkép
changeProfilePicture,Change Profile Picture,Profilbild ändern,Profilkép módosítása
selectFromGallery,Select from Gallery,Aus Galerie auswählen,Kiválasztás a galériából
takePhoto,Take Photo,Foto aufnehmen,Fénykép készítése
removePhoto,Remove Photo,Foto entfernen,Fénykép eltávolítása
profilePictureUpdated,Profile picture updated successfully,Profilbild erfolgreich aktualisiert,Profilkép sikeresen frissítve
profilePictureRemoved,Profile picture removed successfully,Profilbild erfolgreich entfernt,Profilkép sikeresen eltávolítva
profilePictureUploadError,Error uploading profile picture,Fehler beim Hochladen des Profilbilds,Hiba a profilkép feltöltésekor
dangerZone,Danger Zone,Gefahrenbereich,Veszélyes műveletek
deleteAccount,Delete Account,Konto löschen,Fiók törlése
deleteAccountButton,Delete Account,Konto löschen,Fiók törlése
deleteAccountExplanation,Deleting your account will remove your profile and related data. If you are the only member in your family all data you created will be deleted. If there are other family members your private data will become shared with them.,Das Löschen deines Kontos entfernt dein Profil und zugehörige Daten. Wenn du das einzige Mitglied deiner Familie bist werden alle von dir erstellten Daten gelöscht. Wenn es andere Familienmitglieder gibt werden deine privaten Daten mit ihnen geteilt.,A fiók törlésével a profilod és az ahhoz kapcsolódó adatok törlődnek. Ha te vagy az egyetlen tag a családodban minden általad létrehozott adat törlődni fog. Ha vannak más családtagok is a privát adataid megosztottá válnak velük.
delayedDeletion,30-day delayed deletion,30-Tage verzögerte Löschung,30 napos késleltetett törlés
delayedDeletionDescription,Your account will be deleted after 30 days. You can cancel the deletion request within this period.,Dein Konto wird nach 30 Tagen gelöscht. Du kannst die Löschung innerhalb dieses Zeitraums zurückziehen.,A fiókod 30 nap múlva törlődik. Ezen időszakon belül visszavonhatod a törlési kérelmet.
immediateDeletion,Immediate deletion,Sofortige Löschung,Azonnali törlés
immediateDeletionDescription,Your account and all related data will be deleted immediately. This action cannot be undone!,Dein Konto und alle zugehörigen Daten werden sofort gelöscht. Diese Aktion kann nicht rückgängig gemacht werden!,A fiókod és minden kapcsolódó adat azonnal törlődik. Ez a művelet nem vonható vissza!
confirmDeletion,I acknowledge that my profile and data will be deleted,Ich bestätige dass mein Profil und meine Daten gelöscht werden,Tudomásul veszem hogy a profilom és az adataim törlődni fognak
confirmDeleteRequired,Please confirm the deletion by checking the acknowledgement box,Bitte bestätige die Löschung durch Aktivieren des Bestätigungskästchens,Kérlek erősítsd meg a fiók törlését a jelölőnégyzet bejelölésével
immediateDeleteButton,Delete Account Immediately,Konto sofort löschen,Fiók azonnali törlése
permanentDelete,Permanent Delete,Dauerhaft löschen,Végleges törlés
immediateDeleteConfirmText,Are you sure you want to delete your account IMMEDIATELY? This action CANNOT BE undone and all your data will be deleted immediately! If you are the only member in your family all data you created will be deleted. If there are other family members your private data will become shared with them.,Möchtest du dein Konto SOFORT löschen? Diese Aktion kann NICHT RÜCKGÄNGIG gemacht werden und alle deine Daten werden sofort gelöscht! Wenn du das einzige Mitglied deiner Familie bist werden alle von dir erstellten Daten gelöscht. Wenn es andere Familienmitglieder gibt werden deine privaten Daten mit ihnen geteilt.,Biztosan AZONNAL törölni szeretnéd a fiókodat? Ez a művelet NEM VISSZAVONHATÓ és az összes adatod azonnal törlődik! Ha te vagy az egyetlen tag a családodban minden általad létrehozott adat törlődni fog. Ha más családtagok is vannak a privát adataid megosztottá válnak velük.
delayedDeleteConfirmText,Are you sure you want to delete your account? The deletion process will take 30 days during which you can cancel the deletion request. If you are the only member in your family all data you created will be deleted. If there are other family members your private data will become shared with them.,Möchtest du dein Konto löschen? Der Löschvorgang dauert 30 Tage während derer du die Löschung zurückziehen kannst. Wenn du das einzige Mitglied deiner Familie bist werden alle von dir erstellten Daten gelöscht. Wenn es andere Familienmitglieder gibt werden deine privaten Daten mit ihnen geteilt.,Biztosan törölni szeretnéd a fiókodat? A törlési folyamat 30 napig tart ez idő alatt visszavonhatod a törlési kérelmet. Ha te vagy az egyetlen tag a családodban minden általad létrehozott adat törlődni fog. Ha más családtagok is vannak a privát adataid megosztottá válnak velük.
accountDeletedSuccess,Your account has been deleted.,Dein Konto wurde gelöscht.,Fiókod törölve lett.
accountDeleteScheduledSuccess,Account deletion in progress. Your account will be permanently deleted after 30 days.,Kontolöschung in Bearbeitung. Dein Konto wird nach 30 Tagen dauerhaft gelöscht.,Fiók törlése folyamatban. Fiókod 30 nap múlva törlődik véglegesen.
accountDeleteError,Error deleting account,Fehler beim Löschen des Kontos,Hiba a fiók törlése során
accountScheduledForDeletion,Your account is scheduled for deletion,Dein Konto ist zur Löschung vorgemerkt,Fiókod törlésre vár
accountDeletionExplanation,Your account is scheduled for deletion. If you don't cancel the deletion your account and data will be automatically deleted on the scheduled date.,Dein Konto ist zur Löschung vorgemerkt. Wenn du die Löschung nicht abbrichst werden dein Konto und deine Daten am geplanten Datum automatisch gelöscht.,Fiókod törlésre van ütemezve. Ha nem vonod vissza a törlést fiókod és adataid automatikusan törlésre kerülnek a megadott dátumkor.
deletionRequested,Deletion requested,Löschung beantragt,Törlés kérve
deletionScheduled,Deletion scheduled,Löschung geplant,Törlés végrehajtása
daysRemaining,Days remaining,Verbleibende Tage,Hátralévő idő
cancelDeletion,Cancel Deletion Request,Löschantrag zurückziehen,Törlési kérelem visszavonása
deletionCancelled,Deletion request successfully cancelled,Löschantrag erfolgreich zurückgezogen,Törlési kérelem sikeresen visszavonva
deletionCancelError,Error cancelling deletion request,Fehler beim Zurückziehen des Löschantrags,Hiba történt a törlési kérelem visszavonása közben
deletionStatusError,Error checking deletion status,Fehler beim Prüfen des Löschstatus,Hiba történt a törlési állapot lekérdezésekor
publicCategory,Public Category,Öffentliche Kategorie,Nyilvános kategória
privateTaskWarning,This task is public but belongs to a private category so it will not be visible to others,Diese Aufgabe ist öffentlich gehört aber zu einer privaten Kategorie und ist daher für andere nicht sichtbar,Ez a feladat nyilvános de privát kategóriához tartozik így mások számára nem lesz látható
categoryVisibility,Category Visibility,Kategoriesichtbarkeit,Kategória láthatósága
reminderTitle,Task Reminder,Aufgaben-Erinnerung,Feladat emlékeztető
reminderForTask,Reminder for: {taskName},Erinnerung für: {taskName},Emlékeztető: {taskName}
enableNotifications,Enable notifications,Benachrichtigungen aktivieren,Értesítések bekapcsolása
disableNotifications,Disable notifications,Benachrichtigungen deaktivieren,Értesítések kikapcsolása
notificationsEnabled,Notifications enabled,Benachrichtigungen aktiviert,Értesítések bekapcsolva
notificationsDisabled,Notifications disabled,Benachrichtigungen deaktiviert,Értesítések kikapcsolva
reminderSetFor,Reminder set for {dateTime},Erinnerung eingestellt für {dateTime},Emlékeztető beállítva: {dateTime}
loginFailed,Login Failed,Anmeldung fehlgeschlagen,Sikertelen bejelentkezés
invalidCredentials,Invalid username or password. Please try again.,Ungültiger Benutzername oder Passwort. Bitte versuchen Sie es erneut.,Érvénytelen felhasználónév vagy jelszó. Kérjük, próbáld újra.
forgotPasswordQuestion,Did you forget your password?,Haben Sie Ihr Passwort vergessen?,Elfelejtetted a jelszavadat?
resetPassword,Reset Password,Passwort zurücksetzen,Jelszó visszaállítása
resetPasswordDescription,Enter your email address and we will send you a link to reset your password.,Geben Sie Ihre E-Mail-Adresse ein und wir senden Ihnen einen Link zum Zurücksetzen Ihres Passworts.,Add meg az e-mail címed, és küldünk egy linket a jelszavad visszaállításához.
sendResetLink,Send Reset Link,Link zum Zurücksetzen senden,Visszaállító link küldése
resetLinkSent,Reset Link Sent,Link zum Zurücksetzen gesendet,Visszaállító link elküldve
resetLinkSentDescription,We've sent a password reset link to {email}. Please check your inbox.,Wir haben einen Link zum Zurücksetzen des Passworts an {email} gesendet. Bitte überprüfen Sie Ihren Posteingang.,Elküldtünk egy jelszó-visszaállító linket a következő címre: {email}. Kérjük, ellenőrizd a beérkező üzeneteidet.
resetPasswordFailed,Password Reset Failed,Passwort zurücksetzen fehlgeschlagen,Jelszó visszaállítása sikertelen
ok,OK,OK,Rendben
mobilePermissions,Mobile Permissions,Mobile Berechtigungen,Mobil engedélyek
notificationPermissions,Notification Permissions,Benachrichtigungsberechtigung,Értesítési engedélyek
permissionsCheck,Checking Permissions...,Berechtigungen überprüfen...,Engedélyek ellenőrzése...
exactAlarms,Exact Alarms,Genaue Alarme,Pontos riasztások
enabled,Enabled,Aktiviert,Engedélyezve
notEnabled,Not Enabled,Nicht aktiviert,Nincs engedélyezve
enablePermission,Enable,Aktivieren,Engedélyezés
allSettings,All Settings,Alle Einstellungen,Összes beállítás
androidOnlyFeature,This feature is only available on Android platform.,Diese Funktion ist nur auf der Android-Plattform verfügbar.,Ez a funkció csak Android platformon érhető el.
permissionsMissing,Missing Notification Permissions,Fehlende Benachrichtigungsberechtigungen,Értesítési engedélyek hiányoznak
permissionsDescription,Notification and exact alarm permissions are necessary for the app to function properly.,Benachrichtigungs- und genaue Alarmberechtigung sind für die ordnungsgemäße Funktion der App erforderlich.,Az értesítések és pontos riasztások engedélyezése szükséges az alkalmazás megfelelő működéséhez.
notificationSettings,Notification Settings,Benachrichtigungseinstellungen,Értesítési beállítások
exactAlarmSettings,Exact Alarm Settings,Einstellungen für genaue Alarme,Pontos riasztás beállítások
appSettings,App Settings,App-Einstellungen,App beállítások
close,Close,Schließen,Bezárás
quickView,Quick View,Schnellansicht,Gyors betekintés
detailedEdit,Detailed Edit,Detaillierte Bearbeitung,Részletes szerkesztés
taskActions,Task Actions,Aufgabenaktionen,Feladat műveletek
useDeviceSettings,Use device settings,Geräteeinstellungen verwenden,Eszköz beállítások használata
customSettings,Custom settings,Benutzerdefinierte Einstellungen,Egyéni beállítások
dateFormat_yyyyMMdd,YYYY.MM.DD,JJJJ.MM.TT,ÉÉÉÉ.HH.NN
dateFormat_ddMMyyyy,DD.MM.YYYY,TT.MM.JJJJ,NN.HH.ÉÉÉÉ
dateFormat_mmDdYyyy,MM.DD.YYYY,MM.TT.JJJJ,HH.NN.ÉÉÉÉ
dateFormatExample,Format example,Format Beispiel,Formátum példa
currentSetting,Current setting,Aktuelle Einstellung,Jelenlegi beállítás
preview,Preview,Vorschau,Előnézet
today,Today,Heute,Ma
tomorrow,Tomorrow,Morgen,Holnap
yesterday,Yesterday,Gestern,Tegnap
formatSettings,Format Settings,Format-Einstellungen,Formátum beállítások
chooseFormat,Choose format,Format wählen,Formátum választása
selectDateFormat,Select date format,Datumsformat auswählen,Dátum formátum kiválasztása
selectTimeFormat,Select time format,Zeitformat auswählen,Idő formátum kiválasztása
invalidDateFormat,Invalid date format,Ungültiges Datumsformat,Érvénytelen dátum formátum
dateParseError,Could not parse date,Datum konnte nicht analysiert werden,Nem sikerült a dátum értelmezése
dateFormatHelp,Choose how dates should be displayed throughout the app,Wählen Sie aus wie Daten in der App angezeigt werden sollen,Válaszd ki hogy jelenjenek meg a dátumok az alkalmazásban
timeFormatHelp,Choose between 12-hour and 24-hour time display,Wählen Sie zwischen 12-Stunden- und 24-Stunden-Zeitanzeige,Válassz a 12 órás és 24 órás időformátum között
commandDateHelp,Use #MMDD or #DDMM for due dates,Verwende #MMTT oder #TTMM für Fälligkeitsdaten,Használj #HHNN vagy #NNHH határidőkhöz
commandDateExample,Example: #0315 for March 15th,Beispiel: #0315 für 15. März,Példa: #0315 március 15-re
auto_save_title,Auto-Save,Automatisches Speichern,Automatikus mentés
auto_save_status,Auto-Save Status,Auto-Save Status,Auto-Save állapot
auto_save_active,Active,Aktiv,Aktív
auto_save_inactive,Inactive,Inaktiv,Inaktív
auto_save_saving,Saving...,Speichern...,Mentés...
auto_save_saved,Saved,Gespeichert,Mentve
auto_save_error,Save Error,Speicherfehler,Mentési hiba
auto_save_retry,Retrying...,Wiederholung...,Újrapróbálkozás...
auto_save_force,Force Save,Sofort speichern,Azonnali mentés
auto_save_last_save,Last saved,Zuletzt gespeichert,Utoljára mentve
auto_save_never,Never,Nie,Soha
auto_save_seconds_ago,{count}s ago,vor {count}s,{count}s ezelőtt
auto_save_minutes_ago,{count}m ago,vor {count}m,{count}m ezelőtt
auto_save_hours_ago,{count}h ago,vor {count}h,{count}h ezelőtt
auto_save_success_rate,Success Rate,Erfolgsrate,Sikeres arány
auto_save_total_attempts,Total Attempts,Versuche gesamt,Összes kísérlet
auto_save_successful_saves,Successful Saves,Erfolgreiche Speicherungen,Sikeres mentések
auto_save_failed_saves,Failed Saves,Fehlgeschlagene Speicherungen,Sikertelen mentések
auto_save_stats,Save Statistics,Speicher-Statistiken,Mentési statisztikák
auto_save_debounce_info,Changes are saved automatically after 500ms delay,Änderungen werden automatisch nach 500ms Verzögerung gespeichert,A változások 500ms késleltetés után automatikusan mentődnek
auto_save_local_storage,Local Storage,Lokaler Speicher,Helyi tárolás
auto_save_cloud_storage,Cloud Storage,Cloud-Speicher,Felhő tárolás
auto_save_sync_success,Synced successfully,Erfolgreich synchronisiert,Sikeresen szinkronizálva
auto_save_sync_failed,Sync failed,Synchronisation fehlgeschlagen,Szinkronizálás sikertelen
auto_save_refresh_status,Refresh Status,Status aktualisieren,Állapot frissítése
auto_save_debug_info,Debug Information,Debug-Informationen,Debug információk
auto_save_test_rapid_changes,Test Rapid Changes,Test schnelle Änderungen,Gyors változások teszt
auto_save_test_format_cycle,Test Format Cycle,Test Format-Zyklus,Formátum ciklus teszt
auto_save_test_time_toggle,Test Time Toggle,Test Zeit-Umschaltung,Idő váltás teszt
auto_save_manual_controls,Manual Controls,Manuelle Steuerung,Manuális vezérlés
auto_save_quick_tests,Quick Tests,Schnelltests,Gyors tesztek
auto_save_actions,Actions,Aktionen,Műveletek
auto_save_current_settings,Current Settings,Aktuelle Einstellungen,Jelenlegi beállítások
auto_save_change_counter,Changes made,Anzahl Änderungen,Változtatások száma
auto_save_format_changed,Format changed! Auto-save in 500ms.,Format geändert! Auto-Save in 500ms.,Formátum váltva! Auto-save 500ms múlva.
auto_save_rapid_test_started,Rapid changes test started...,Schnelle Änderungen Test gestartet...,Gyors változások teszt indítása...
auto_save_rapid_test_finished,Rapid changes done! Only the last change will be saved.,Schnelle Änderungen fertig! Nur die letzte Änderung wird gespeichert.,Gyors változások kész! Csak az utolsó mentődik el.
auto_save_welcome_title,Auto-Save System,Auto-Save System,Auto-Save rendszer
auto_save_welcome_subtitle,Welcome to the Auto-Save test application!,Willkommen in der Auto-Save Testanwendung!,Üdvözlünk az Auto-Save teszt alkalmazásban!
auto_save_feature_automatic,Automatic saving,Automatisches Speichern,Automatikus mentés
auto_save_feature_debounce,Debounce logic,Debounce-Logik,Debounce logika
auto_save_feature_retry,Retry mechanism,Wiederholungsmechanismus,Újrapróbálkozási mechanizmus
auto_save_feature_hybrid,Hybrid storage,Hybride Speicherung,Hibrid tárolás
auto_save_feature_monitoring,Real-time monitoring,Echtzeit-Überwachung,Valós idejű monitoring
auto_save_instructions_title,Testing Instructions,Testanweisungen,Tesztelési útmutató
auto_save_launch_test,LAUNCH TEST,TEST STARTEN,TESZT INDÍTÁSA
auto_save_console_tip,Tip: Open the console to view debug messages,Tipp: Öffnen Sie die Konsole für Debug-Nachrichten,Tipp: Nyisd meg a konzolt a debug üzenetek megtekintéséhez
commandParser_invalidDate,Invalid date format: #{0},Ungültiges Datumsformat: #{0},Érvénytelen dátum formátum: #{0}
commandParser_dateParsingError,Date parsing error: #{0},Datum-Analysefehler: #{0},Dátum elemzési hiba: #{0}
commandParser_ambiguousDate,Ambiguous date: #{0} {1},Mehrdeutiges Datum: #{0} {1},Kétértelmű dátum: #{0} {1}
commandParser_invalidPriority,Invalid priority: {0} (must be 1-3),Ungültige Priorität: {0} (muss 1-3 sein),Érvénytelen prioritás: {0} (1-3 között kell lennie)
commandParser_invalidPercentage,Invalid percentage: {0}% (must be 0-100),Ungültiger Prozentsatz: {0}% (muss 0-100 sein),Érvénytelen százalék: {0}% (0-100 között kell lennie)
commandParser_unknownStatus,Unknown status: {0},Unbekannter Status: {0},Ismeretlen státusz: {0}
commandParser_noCommands,No commands found,Keine Befehle gefunden,Nincsenek parancsok
commandParser_typeTaskTitle,Type a task title...,Geben Sie einen Aufgabentitel ein...,Írj be egy feladat címet...
commandParser_parsingPreview,Parsing preview,Parsing-Vorschau,Elemzési előnézet
commandParser_commandsFound,{0} commands found,{0} Befehle gefunden,{0} parancs találva
commandParser_warningsFound,{0} warnings found,{0} Warnungen gefunden,{0} figyelmeztetés találva
commandParser_dateExample_christmas,December 25 (Christmas),25. Dezember (Weihnachten),December 25 (karácsony)
commandParser_dateExample_newYear,January 1 (New Year),1. Januar (Neujahr),Január 1 (újév)
commandParser_dateExample_marchFifteenth,March 15,15. März,Március 15
commandParser_dateExample_dayMonth,day.month,Tag.Monat,nap.hónap
commandParser_dateExample_monthDay,month.day,Monat.Tag,hónap.nap
commandParser_priorityHigh,High priority,Hohe Priorität,Magas prioritás
commandParser_priorityMedium,Medium priority,Mittlere Priorität,Közepes prioritás  
commandParser_priorityLow,Low priority,Niedrige Priorität,Alacsony prioritás
commandParser_statusActive,Active,Aktiv,Aktív
commandParser_statusDraft,Draft,Entwurf,Vázlat
commandParser_statusArchived,Archived,Archiviert,Archivált
commandParser_statusCompleted,Completed,Abgeschlossen,Befejezett
commandParser_parseLogic_yyyymmdd,YYYY.MM.DD → #0315 = March 15,JJJJ.MM.TT → #0315 = 15. März,ÉÉÉÉ.HH.NN → #0315 = március 15
commandParser_parseLogic_ddmmyyyy,DD.MM.YYYY → #1503 = March 15 (day.month),TT.MM.JJJJ → #1503 = 15. März (Tag.Monat),NN.HH.ÉÉÉÉ → #1503 = március 15 (nap.hónap)
commandParser_parseLogic_mmddyyyy,MM.DD.YYYY → #0315 = March 15 (month.day),MM.TT.JJJJ → #0315 = 15. März (Monat.Tag),HH.NN.ÉÉÉÉ → #0315 = március 15 (hónap.nap)
commandParser_ambiguity_couldBe,Could be interpreted as,Könnte interpretiert werden als,Értelmezhető mint
commandParser_ambiguity_currentFormat,Current format interprets as,Aktuelles Format interpretiert als,A jelenlegi formátum szerint
commandParser_ambiguity_suggestion,Consider using full date format,Erwägen Sie die Verwendung des vollständigen Datumsformats,Fontold meg a teljes dátum formátum használatát

# ✅ ÚJ KULCSOK - Cache és teljesítmény
cache_performance,Cache Performance,Cache-Leistung,Cache Teljesítmény
cache_metrics_loading,Loading cache metrics...,Lade Cache-Metriken...,Cache metrikák betöltése...
cache_metrics_error,Error loading metrics,Fehler beim Laden der Metriken,Hiba a metrikák betöltése során
retry,Retry,Wiederholen,Újrapróbálás
refresh_metrics,Refresh Metrics,Metriken aktualisieren,Metrikák frissítése
cache_info,Cache Information,Cache-Informationen,Cache információk
hit_ratio,Hit Ratio,Trefferquote,Találati arány
cache_size,Cache Size,Cache-Größe,Cache méret
active_tables,Active Tables,Aktive Tabellen,Aktív táblák
elements_short,elem,Elem,elem
pieces,pcs,Stk,db
detailed_hit_ratio,Detailed hit ratio,Detaillierte Trefferquote,Részletes találati arány
excellent_cache_performance,Excellent cache performance,Ausgezeichnete Cache-Leistung,Kiváló cache teljesítmény
good_cache_performance,Good cache performance,Gute Cache-Leistung,Jó cache teljesítmény
average_cache_performance,Average cache performance,Durchschnittliche Cache-Leistung,Közepes cache teljesítmény
poor_cache_performance,Poor cache performance,Schlechte Cache-Leistung,Gyenge cache teljesítmény
very_poor_cache_performance,Very poor cache performance,Sehr schlechte Cache-Leistung,Nagyon gyenge cache teljesítmény
detailed_metrics,Detailed Metrics,Detaillierte Metriken,Részletes Metrikák
cache_hits,Cache hits,Cache-Treffer,Cache találatok
cache_misses,Cache misses,Cache-Fehltreffer,Cache hibák
expired_hits,Expired hits,Abgelaufene Treffer,Lejárt találatok
inserts,Inserts,Einfügungen,Beszúrások
updates,Updates,Aktualisierungen,Frissítések
invalidations,Invalidations,Ungültigmachungen,Érvénytelenítések
last_cleanup,Last cleanup,Letzte Bereinigung,Utolsó tisztítás
cleanup,Cleanup,Bereinigung,Tisztítás
clear_all,Clear All,Alle löschen,Teljes törlés
cache_cleanup_successful,Cache cleanup successful,Cache-Bereinigung erfolgreich,Cache tisztítás sikeres
cache_cleanup_error,Cache cleanup error,Cache-Bereinigungsfehler,Hiba a cache tisztítás során
clear_entire_cache,Clear entire cache,Gesamten Cache löschen,Cache teljes törlése
confirm_clear_cache_message,Are you sure you want to delete the entire cache? This will remove all stored data and subsequent queries will be slower.,Sind Sie sicher dass Sie den gesamten Cache löschen möchten? Dies entfernt alle gespeicherten Daten und nachfolgende Abfragen werden langsamer.,Biztos hogy törölni szeretnéd a teljes cache-t? Ez minden tárolt adatot eltávolít és a következő lekérdezések lassabbak lesznek.
entire_cache_cleared,Entire cache cleared,Gesamter Cache gelöscht,Teljes cache törölve
cache_delete_error,Cache delete error,Cache-Löschfehler,Hiba a cache törlése során
cache_info_table_sizes,Table cache sizes,Tabellen-Cache-Größen,Táblák cache mérete
no_cache_data,No cache data,Keine Cache-Daten,Nincs cache adat
cacheCleanupCount,elements deleted,Elemente gelöscht,elem törölve

# ✅ ÚJ KULCSOK - Szűrők
filters,Filters,Filter,Szűrők
activeFilters,Active filters,Aktive Filter,Aktív szűrők
clearFilters,Clear filters,Filter löschen,Szűrők törlése
basicFilters,Basic,Grundlegend,Alapvető
dateFilters,Dates,Daten,Dátumok
categoryFilters,Categories,Kategorien,Kategóriák
advancedFilters,Advanced,Erweitert,Haladó
applyFilters,Apply filters,Filter anwenden,Szűrők alkalmazása
searchQuery,Search,Suche,Keresés
searchTaskTitleDescription,Task title or description,Aufgabentitel oder Beschreibung,Feladat címe vagy leírása
all,All,Alle,Minden
completionStatus,Completion status,Fertigstellungsstatus,Befejezettségi állapot
open,Open,Offen,Nyitott
completionDate,Completion date,Fertigstellungsdatum,Befejezési dátum
completedFrom,Completed from,Abgeschlossen von,Befejezve ettől
completedUntil,Completed until,Abgeschlossen bis,Befejezve eddig
notSet,Not set,Nicht festgelegt,Nincs beállítva
selectDate,Select date,Datum auswählen,Dátum kiválasztása
dueDate,Due date,Fälligkeitsdatum,Határidő
dueDateFrom,Due date from,Fälligkeitsdatum von,Határidő ettől
dueDateUntil,Due date until,Fälligkeitsdatum bis,Határidő eddig
assignedTo,Assigned to,Zugewiesen an,Felelős
selectAssignee,Select assignee,Beauftragten auswählen,Felelős kiválasztása
unknownUser,Unknown user,Unbekannter Benutzer,Ismeretlen felhasználó
taskType,Task type,Aufgabentyp,Feladat típus
mainTasks,Main tasks,Hauptaufgaben,Fő feladatok
subTasks,Sub tasks,Unteraufgaben,Alfeladatok
parentTask,Parent task,Übergeordnete Aufgabe,Szülő feladat
selectParentTask,Select parent task,Übergeordnete Aufgabe auswählen,Szülő feladat kiválasztása
unknownTask,Unknown task,Unbekannte Aufgabe,Ismeretlen feladat
noMainTasksAvailable,No main tasks available,Keine Hauptaufgaben verfügbar,Nincs elérhető fő feladat
tags,Tags,Tags,Címkék
tagsCommaSeparated,Tags (comma separated),Tags (durch Komma getrennt),Címkék (vesszővel elválasztva)
tagsExample,e.g. urgent home project,z.B. dringend zuhause projekt,pl. sürgős otthon projekt
quickFilter,Quick filter,Schnellfilter,Gyors szűrés
detailedFilter,Detailed filter,Detaillierter Filter,Részletes szűrő

# ✅ ÚJ KULCSOK - Offline és fallback
offlineMode,Offline mode,Offline-Modus,Offline mód
cachedDataDisplay,⚡ Cached data display,⚡ Zwischengespeicherte Datenanzeige,⚡ Cache-elt adatok megjelenítése
connectionStatus,Connection status,Verbindungsstatus,Kapcsolódási állapot
online,Online,Online,Online
offline,Offline,Offline,Offline
fromCache,From cache,Aus Cache,Cache-ből
cannotCreateItemsOffline,New items cannot be created in offline mode,Im Offline-Modus können keine neuen Elemente erstellt werden,Offline módban nem lehet új elemeket létrehozni
offlineDataWarning,Without network connection only cached data are available. Creating new items is not possible in offline mode.,Ohne Netzwerkverbindung sind nur zwischengespeicherte Daten verfügbar. Das Erstellen neuer Elemente ist im Offline-Modus nicht möglich.,Hálózati kapcsolat nélkül csak a cache-elt adatok érhetők el. Új elemek létrehozása offline módban nem lehetséges.
toggleOfflineMode,Toggle offline mode,Offline-Modus umschalten,Offline mód ki/be

# ✅ ÚJ KULCSOK - Debug és teszt
currentState,Current state,Aktueller Zustand,Jelenlegi állapot
source,Source,Quelle,Forrás
cloudSynced,Cloud synced,Cloud synchronisiert,Felhő szinkronizálva
on,ON,EIN,BE
off,OFF,AUS,KI
yes,YES,JA,IGEN
no,NO,NEIN,NEM
managerStatus,Manager status,Manager-Status,Manager állapot
basicFallback,Basic fallback,Grundlegendes Fallback,Alapvető fallback
offlineModeSimulation,Offline mode simulation,Offline-Modus-Simulation,Offline mód szimuláció
onlineRestoration,Online restoration,Online-Wiederherstellung,Online visszaállítás
defaultFallback,Default fallback,Standard-Fallback,Alapértelmezett fallback
errorResistance,Error resistance,Fehlertoleranz,Hibatűrés
runAllTests,Run all tests,Alle Tests ausführen,Összes teszt futtatása
testResults,Test results,Testergebnisse,Teszt eredmények
testInitialized,Test widget initialized,Test-Widget initialisiert,Test widget inicializálva
readyForTesting,Ready for testing...,Bereit zum Testen...,Készen áll a tesztelésre...
testsStarted,Tests starting...,Tests starten...,Tesztek indítása...
basicFallbackTest,Basic fallback loading test,Grundlegender Fallback-Ladetest,Alapvető fallback betöltés teszt
initialTestsCompleted,Initial tests completed,Anfangstests abgeschlossen,Kezdeti tesztek befejezve
testCompleted,TEST {number} COMPLETED,TEST {number} ABGESCHLOSSEN,TESZT {number} BEFEJEZVE
testError,TEST {number} ERROR: {error},TEST {number} FEHLER: {error},TESZT {number} HIBA: {error}
allTestsCompleted,All tests completed,Alle Tests abgeschlossen,Összes teszt befejezve
checkResultsAbove,Check the results above!,Überprüfen Sie die Ergebnisse oben!,Ellenőrizd a fenti eredményeket!
resultsCleared,Test results cleared,Testergebnisse gelöscht,Teszt eredmények törölve
readyForNewTesting,Ready for new testing...,Bereit für neue Tests...,Készen áll új tesztelésre...

# ✅ ÚJ KULCSOK - Parancs előnézet és súgó
commandsInTaskTitle,Commands in task title,Befehle im Aufgabentitel,Parancsok a feladat címében
typeTaskTitleWithCommands,Type a task title with commands,Geben Sie einen Aufgabentitel mit Befehlen ein,Írj be egy feladat címet parancsokkal
example_task_commands,Example: Task #0315 #p1 #50% #act,Beispiel: Projekt #0315 #p1 #%50 #act,Példa: Projekt #0315 #p1 #%50 #act
liveParsingFeedback,Live parsing feedback,Live-Parsing-Feedback,Valós idejű parsing visszajelzés
commandsRecognized,{count} commands recognized,{count} Befehle erkannt,{count} parancs felismerve
warnings,Warnings,Warnungen,Figyelmeztetések
noCommands,No commands,Keine Befehle,Nincs parancs
cleanedTitle,Cleaned title,Bereinigter Titel,Tisztított cím
recognizedCommands,Recognized commands,Erkannte Befehle,Felismert parancsok
readiness,Readiness,Bereitschaft,Készültség
examples,Examples,Beispiele,Példák
combinedUsageExample,Combined usage example,Beispiel für kombinierte Verwendung,Kombinált használat példa
parsedResult,Parsed result,Analysiertes Ergebnis,Elemzett eredmény
currentDateFormat,Current date format,Aktuelles Datumsformat,Jelenlegi dátum formátum
dateExamples,Date examples,Datumsbeispiele,Dátum példák
quickTestCases,Quick test cases,Schnelle Testfälle,Gyors teszt esetek

# ✅ ÚJ KULCSOK - Család
join_family,Join family,Familie beitreten,Csatlakozás családhoz
important_family_restriction,Important: A user can only be a member of one family at a time. If you are already a member of a family and join a new family you must first leave your current family.,Wichtig: Ein Benutzer kann nur Mitglied einer Familie gleichzeitig sein. Wenn Sie bereits Mitglied einer Familie sind und einer neuen Familie beitreten müssen Sie zuerst Ihre aktuelle Familie verlassen.,Fontos: Egy felhasználó egyszerre csak egy család tagja lehet. Ha már tagja vagy egy családnak és csatlakozol egy új családhoz előbb ki kell lépned a jelenlegi családodból.
invite_code,Invite code,Einladungscode,Meghívó kód
enter_invite_code,Enter the invite code,Geben Sie den Einladungscode ein,Add meg a meghívó kódot
please_enter_invite_code,Please enter the invite code,Bitte geben Sie den Einladungscode ein,Kérlek add meg a meghívó kódot
verification,Verification,Überprüfung,Ellenőrzés
join,Join,Beitreten,Csatlakozás
family_name,Family name,Familienname,Család neve
expiry_date,Expiry date,Ablaufdatum,Lejárat
invalid_invite_code,Invalid invite code,Ungültiger Einladungscode,Érvénytelen meghívó kód
invite_expired,This invite code is no longer valid (expired or reached maximum usage),Dieser Einladungscode ist nicht mehr gültig (abgelaufen oder maximale Nutzung erreicht),Ez a meghívó kód már nem érvényes (lejárt vagy elérte a maximális felhasználást)
successfully_joined_family,Successfully joined family {familyName}!,Erfolgreich der Familie {familyName} beigetreten!,Sikeresen csatlakoztál a(z) {familyName} családhoz!
user_can_only_belong_to_one_family,A user can only belong to one family at a time. Please leave your current family first in the "Manage Family Members" menu.,Ein Benutzer kann nur einer Familie gleichzeitig angehören. Bitte verlassen Sie zuerst Ihre aktuelle Familie im Menü "Familienmitglieder verwalten".,Egy felhasználó egyszerre csak egy család tagja lehet. Előbb lépj ki a jelenlegi családodból a "Családtagok kezelése" menüpontban.
unknown_error,Unknown error occurred: {error},Unbekannter Fehler ist aufgetreten: {error},Ismeretlen hiba történt: {error}


#naptár

calendar,calendar,Kalender,naptár
calendar_view,calendar view,Kalenderansicht,naptár nézet
events,events,Ereignisse,események
no_events,no events,Keine Ereignisse,nincsenek események
event_details,event details,Ereignisdetails,esemény részletei
calendar_month_view,month view,Monatsansicht,havi nézet
calendar_week_view,week view,Wochenansicht,heti nézet
calendar_day_view,day view,Tagesansicht,napi nézet
calendar_timeline_view,timeline view,Timeline-Ansicht,idővonalas nézet
calendar_filter_all,all,alle,minden
calendar_filter_private,private,privat,privát
calendar_filter_family,family,Familie,családi
calendar_filter_completed,completed,abgeschlossen,befejezett
calendar_filter_pending,pending,ausstehend,függőben
calendar_filter_overdue,overdue,überfällig,lejárt
calendar_filter_today,today,heute,mai
due_tasks,due tasks,fällige Aufgaben,esedékes feladatok
overdue_tasks,overdue tasks,überfällige Aufgaben,lejárt feladatok
completed_tasks,completed tasks,abgeschlossene Aufgaben,befejezett feladatok
today_tasks,today's tasks,heutige Aufgaben,mai feladatok
sync_calendar,sync calendar,Kalender synchronisieren,naptár szinkronizálása
calendar_offline,calendar offline,Kalender offline,naptár offline
manual_refresh,manual refresh,manuelle Aktualisierung,manuális frissítés
pull_to_refresh,pull to refresh,zum Aktualisieren ziehen,húzza le a frissítéshez
syncing,syncing,synchronisiere,szinkronizálás
last_synced,last synced,zuletzt synchronisiert,utolsó szinkronizálás
calendar_cache_loading,loading calendar,Kalender wird geladen,naptár betöltése
calendar_cache_offline,offline data,Offline-Daten,offline adatok
calendar_cache_synced,synced,synchronisiert,szinkronizálva
calendar_cache_error,loading error,Ladefehler,betöltési hiba
previous_month,previous month,vorheriger Monat,előző hónap
next_month,next month,nächster Monat,következő hónap
today_button,today,heute,ma
go_to_date,go to date,zu Datum springen,ugrás dátumra
event_title,event title,Ereignistitel,esemény címe
event_date,event date,Ereignisdatum,esemény dátuma
event_time,event time,Ereigniszeit,esemény ideje
event_priority,priority,Priorität,prioritás
event_category,category,Kategorie,kategória
event_assignee,assignee,Verantwortlicher,felelős
event_status,status,Status,állapot
event_description,description,Beschreibung,leírás
priority_high,high,hoch,magas
priority_medium,medium,mittel,közepes
priority_low,low,niedrig,alacsony
calendar_error_load,error loading calendar,Fehler beim Laden des Kalenders,hiba a naptár betöltésekor
calendar_error_sync,sync error,Synchronisierungsfehler,szinkronizálási hiba
calendar_no_connection,no internet connection,keine Internetverbindung,nincs internetkapcsolat
calendar_retry,retry,erneut versuchen,újrapróbálkozás
morning,morning,Morgen,reggel
afternoon,afternoon,Nachmittag,délután
evening,evening,Abend,este
night,night,Nacht,éjjel
all_day,all day,ganztägig,egész nap
group_by_category,group by category,nach Kategorie gruppieren,csoportosítás kategória szerint
group_by_priority,group by priority,nach Priorität gruppieren,csoportosítás prioritás szerint
group_by_assignee,group by assignee,nach Verantwortlichem gruppieren,csoportosítás felelős szerint
group_by_status,group by status,nach Status gruppieren,csoportosítás állapot szerint
no_grouping,no grouping,keine Gruppierung,nincs csoportosítás
search_events,search events,Ereignisse suchen,események keresése
search_placeholder,search...,suchen...,keresés...
search_results,search results,Suchergebnisse,keresési eredmények
no_search_results,no results found,keine Ergebnisse gefunden,nincs találat
calendar_settings,calendar settings,Kalender-Einstellungen,naptár beállítások
show_weekends,show weekends,Wochenenden anzeigen,hétvégék megjelenítése
week_starts_monday,week starts on Monday,Woche beginnt am Montag,hét hétfőn kezdődik
show_completed,show completed tasks,abgeschlossene Aufgaben anzeigen,befejezett feladatok megjelenítése
auto_sync,auto sync,automatische Synchronisation,automatikus szinkronizálás
sync_status_idle,Üresjárat,Leerlauf,Idle
sync_status_syncing,Szinkronizálás,Synchronisierung,Syncing
sync_status_success,Sikeres,Erfolgreich,Success
sync_status_error,Hiba,Fehler,Error
sync_status_offline,Offline,Offline,Offline
sync_synchronized,Szinkronizálva,Synchronisiert,Synchronized
sync_syncing,Szinkronizálás...,Synchronisierung...,Syncing...
sync_updated,Frissítve,Aktualisiert,Updated
sync_error,Szinkronizálási hiba,Synchronisierungsfehler,Sync error
sync_offline_mode,Offline mód,Offline-Modus,Offline mode
refresh_state_idle,Üresjárat,Leerlauf,Idle
refresh_state_refreshing,Frissítés,Aktualisierung,Refreshing
refresh_state_success,Sikeres,Erfolgreich,Success
refresh_state_error,Hiba,Fehler,Error
manual_refresh,Manuális frissítés,Manuelle Aktualisierung,Manual refresh
pull_to_refresh,Húzza le a frissítéshez,Zum Aktualisieren ziehen,Pull to refresh
refresh_now,Frissítés most,Jetzt aktualisieren,Refresh now
quick_refresh,Gyors frissítés,Schnelle Aktualisierung,Quick refresh
full_refresh,Teljes frissítés,Vollständige Aktualisierung,Full refresh
background_refresh,Háttér frissítés,Hintergrund-Aktualisierung,Background refresh
last_sync,Utolsó szinkronizálás,Letzte Synchronisation,Last sync
never_synced,Soha,Nie,Never
just_now,Most,Gerade eben,Just now
seconds_ago,{0}s ezelőtt,vor {0}s,{0}s ago
minutes_ago,{0}m ezelőtt,vor {0}m,{0}m ago
hours_ago,{0}ó ezelőtt,vor {0}h,{0}h ago
days_ago,{0}n ezelőtt,vor {0}d,{0}d ago
network_online,Online,Online,Online
network_offline,Offline,Offline,Offline
no_internet_connection,Nincs internetkapcsolat,Keine Internetverbindung,No internet connection
connection_restored,Kapcsolat helyreállt,Verbindung wiederhergestellt,Connection restored
sync_failed,Szinkronizálás sikertelen,Synchronisation fehlgeschlagen,Sync failed
refresh_failed,Frissítés sikertelen,Aktualisierung fehlgeschlagen,Refresh failed
cannot_sync_offline,Offline módban nem lehet szinkronizálni,Synchronisation im Offline-Modus nicht möglich,Cannot sync in offline mode
retry_when_online,Újrapróbálás online módban,Bei Online-Verbindung wiederholen,Retry when online
cache_loading,Betöltés cache-ből,Laden aus Cache,Loading from cache
cache_offline_data,Offline adatok,Offline-Daten,Offline data
cache_synced_data,Szinkronizált adatok,Synchronisierte Daten,Synced data
cache_stale_data,Elavult adatok,Veraltete Daten,Outdated data
pending_changes,Függőben lévő változások,Ausstehende Änderungen,Pending changes
no_pending_changes,Nincs függőben lévő változás,Keine ausstehenden Änderungen,No pending changes
changes_count,{0} változás,{0} Änderungen,{0} changes
sync_pending_changes,Függőben lévő változások szinkronizálása,Ausstehende Änderungen synchronisieren,Sync pending changes
invalidation_sync_change,Szinkronizálási állapot változott,Synchronisationsstatus geändert,Sync status changed
invalidation_manual_refresh,Manuális frissítés aktiválva,Manuelle Aktualisierung ausgelöst,Manual refresh triggered
invalidation_date_change,Dátum változott,Datum geändert,Date changed
invalidation_view_change,Nézet típus változott,Ansichtstyp geändert,View type changed
invalidation_network_change,Hálózati állapot változott,Netzwerkstatus geändert,Network status changed
invalidation_background_refresh,Háttér frissítés,Hintergrund-Aktualisierung,Background refresh
tap_to_refresh,Érintsd meg a frissítéshez,Zum Aktualisieren tippen,Tap to refresh
sync_in_progress,Szinkronizálás folyamatban,Synchronisation läuft,Sync in progress
sync_completed,Szinkronizálás befejezve,Synchronisation abgeschlossen,Sync completed
offline_mode_active,Offline mód aktív,Offline-Modus aktiv,Offline mode active
sync_performance,Szinkronizálási teljesítmény,Synchronisationsleistung,Sync performance
invalidation_events,Invalidálási események,Invalidierungsereignisse,Invalidation events
cache_warming,Cache melegítés,Cache-Aufwärmung,Cache warming
background_operations,Háttér műveletek,Hintergrundoperationen,Background operations
force_sync,Szinkronizálás kényszerítése,Synchronisation erzwingen,Force sync
simulate_offline,Offline szimuláció,Offline simulieren,Simulate offline
restore_online,Online visszaállítás,Online wiederherstellen,Restore online
clear_events,Események törlése,Ereignisse löschen,Clear events
auto_sync,Automatikus szinkronizálás,Automatische Synchronisation,Auto sync
sync_frequency,Szinkronizálási gyakoriság,Synchronisationsfrequenz,Sync frequency
background_sync,Háttér szinkronizálás,Hintergrund-Synchronisation,Background sync
sync_on_startup,Induláskor szinkronizálás,Synchronisation beim Start,Sync on startup
event_details,Event details,Event-Details,Esemény részletei
event_card_tap_to_view,Tap to view details,Tippen für Details,Koppints a részletekért
event_card_offline_data,Offline data,Offline-Daten,Offline adat
event_card_synced_data,Synced data,Synchronisierte Daten,Szinkronizált adat
event_card_pending_sync,Pending sync,Synchronisation ausstehend,Szinkronizálásra vár
completion_percentage,Completion percentage,Fertigstellungsgrad,Befejezés százaléka
due_date,Due date,Fälligkeitsdatum,Határidő
created_date,Created,Erstellt,Létrehozva
completed_date,Completed,Abgeschlossen,Befejezve
task_status,Task status,Aufgabenstatus,Feladat állapot
task_overdue,Overdue,Überfällig,Lejárt
task_due_today,Due today,Heute fällig,Ma van a határideje
task_in_progress,In progress,In Bearbeitung,Folyamatban
task_completed,Completed,Abgeschlossen,Befejezett
task_private,Private,Privat,Privát
task_family,Family,Familie,Családi
edit_event,Edit event,Ereignis bearbeiten,Esemény szerkesztése
close_modal,Close,Schließen,Bezárás
view_task_details,View task details,Aufgabendetails anzeigen,Feladat részletei
sync_info,Sync information,Synchronisationsinformationen,Szinkronizációs információ
pending_changes_count,Pending changes,Ausstehende Änderungen,Függőben lévő változások
last_sync_time,Last sync,Letzte Synchronisation,Utolsó szinkronizálás
cache_status,Cache status,Cache-Status,Cache állapot
network_status,Network status,Netzwerkstatus,Hálózati állapot
offline_indicator,Offline indicator,Offline-Anzeige,Offline jelző
priority_indicator,Priority indicator,Prioritätsanzeige,Prioritás jelző
category_color,Category color,Kategoriefarbe,Kategória szín
progress_indicator,Progress indicator,Fortschrittsanzeige,Haladás jelző
today_short,Today,Heute,Ma
tomorrow_short,Tomorrow,Morgen,Holnap
yesterday_short,Yesterday,Gestern,Tegnap
this_week,This week,Diese Woche,Ezen a héten
next_week,Next week,Nächste Woche,Jövő héten
last_week,Last week,Letzte Woche,Múlt héten
monday_short,Monday,Montag,Hétfő
tuesday_short,Tuesday,Dienstag,Kedd
wednesday_short,Wednesday,Mittwoch,Szerda
thursday_short,Thursday,Donnerstag,Csütörtök
friday_short,Friday,Freitag,Péntek
saturday_short,Saturday,Samstag,Szombat
sunday_short,Sunday,Sonntag,Vasárnap
jan_short,Jan,Jan,Jan
feb_short,Feb,Feb,Feb
mar_short,Mar,Mär,Már
apr_short,Apr,Apr,Ápr
may_short,May,Mai,Máj
jun_short,Jun,Jun,Jún
jul_short,Jul,Jul,Júl
aug_short,Aug,Aug,Aug
sep_short,Sep,Sep,Sze
oct_short,Oct,Okt,Okt
nov_short,Nov,Nov,Nov
dec_short,Dec,Dez,Dec
event_tags,Tags,Tags,Címkék
no_description,No description,Keine Beschreibung,Nincs leírás
no_category,No category,Keine Kategorie,Kategória nélkül
no_assignee,No assignee,Kein Verantwortlicher,Nincs felelős
no_tags,No tags,Keine Tags,Nincs címke
loading_event_details,Loading event details,Lade Event-Details,Esemény részletek betöltése
error_loading_event,Error loading event,Fehler beim Laden des Events,Hiba az esemény betöltésekor
retry_load_event,Retry loading,Erneut versuchen,Újrapróbálás
calendar_month_view,Month,Monat,Hónap
calendar_week_view,Week,Woche ,Hét
calendar_day_view,Day,Tag,Nap
calendar_timeline_view,Timeline,Zeitlinie,Idősor
calendar_today_button,Today,Heute,Ma
calendar_refresh,Refresh,Aktualisieren,Frissítés
calendar_settings,Settings,Einstellungen,Beállítások
create_new_event,New event,Neues Ereignis,Új esemény
export,Export,Exportieren,Exportálás
switching_to_month_view,Switching to month view,Wechsel zur Monatsansicht,Váltás havi nézetre
switching_to_week_view,Switching to week view,Wechsel zur Wochenansicht,Váltás heti nézetre
switching_to_day_view,Switching to day view,Wechsel zur Tagesansicht,Váltás napi nézetre
switching_to_timeline_view,Switching to timeline view,Wechsel zur Zeitlinienansicht,Váltás idővonal nézetre
navigating_to_today,Going to today,Zum heutigen Tag springen,Ugrás a mai napra
calendar_navigation_previous,Previous,Vorherige,Előző
calendar_navigation_next,Next,Nächste,Következő
monthly_summary,Monthly Summary,Monatliche Zusammenfassung,Havi Összesítő
weekly_summary,Weekly Summary,Wöchentliche Zusammenfassung,Heti Összesítő
daily_summary,Daily Summary,Tägliche Zusammenfassung,Napi Összesítő
timeline_summary,Timeline Summary,Zeitlinien Zusammenfassung,Idővonalas Összesítő
events_completed,Completed,Abgeschlossen,Befejezett
events_in_progress,In Progress,In Bearbeitung,Folyamatban
events_high_priority,High Priority,Hohe Priorität,Magas prioritás
events_total,Total Events,Gesamt Ereignisse,Összes esemény
quick_action_new_task,New task,Neue Aufgabe,Új feladat
quick_action_go_today,Go to today,Zu heute gehen,Mai napra
quick_action_filter,Filter,Filtern,Szűrés
morning,Morning,Morgen,Reggel
afternoon,Afternoon,Nachmittag,Délután
evening,Evening,Abend,Este
night,Night,Nacht,Éjszaka
no_events_today,No events today,Keine Ereignisse heute,Nincs esemény ma
no_events_this_week,No events this week,Keine Ereignisse diese Woche,Nincs esemény ezen a héten
no_events_this_month,No events this month,Keine Ereignisse diesen Monat,Nincs esemény ebben a hónapban
no_events_timeline,No events on timeline,Keine Ereignisse auf der Zeitlinie,Nincs esemény az idővonalon
loading_calendar,Loading calendar,Kalender wird geladen,Naptár betöltése
loading_events,Loading events,Ereignisse werden geladen,Események betöltése
loading_view,Loading view,Ansicht wird geladen,Nézet betöltése
calendar_load_error,Error loading calendar,Fehler beim Laden des Kalenders,Hiba a naptár betöltésekor
calendar_sync_error,Sync error,Synchronisierungsfehler,Szinkronizálási hiba
calendar_network_error,Network error,Netzwerkfehler,Hálózati hiba
month_view_description,Display full month,Ganzen Monat anzeigen,Teljes hónap megjelenítése
week_view_description,Display one week,Eine Woche anzeigen,Egy hét megjelenítése
day_view_description,Display detailed day,Detaillierten Tag anzeigen,Egy nap részletes megjelenítése
timeline_view_description,Events in chronological order,Ereignisse in chronologischer Reihenfolge,Események kronológiai sorrendben
today_label,Today,Heute,Ma
tomorrow_label,Tomorrow,Morgen,Holnap
yesterday_label,Yesterday,Gestern,Tegnap
this_week,This week,Diese Woche,Ezen a héten
next_week,Next week,Nächste Woche,Jövő héten
last_week,Last week,Letzte Woche,Múlt héten
calendar_go_previous,Previous period,Vorheriger Zeitraum,Előző időszak
calendar_go_next,Next period,Nächster Zeitraum,Következő időszak
calendar_select_date,Select date,Datum auswählen,Dátum kiválasztása
view_event_details,View event details,Ereignisdetails anzeigen,Esemény részletei
edit_event,Edit event,Ereignis bearbeiten,Esemény szerkesztése
delete_event,Delete event,Ereignis löschen,Esemény törlése
mark_completed,Mark completed,Als abgeschlossen markieren,Befejezettnek jelölés
calendar_accessibility_month,Monthly calendar view,Monatliche Kalenderansicht,Havi naptár nézet
calendar_accessibility_week,Weekly calendar view,Wöchentliche Kalenderansicht,Heti naptár nézet
calendar_accessibility_day,Daily calendar view,Tägliche Kalenderansicht,Napi naptár nézet
calendar_accessibility_timeline,Timeline calendar view,Zeitlinien Kalenderansicht,Idővonalas naptár nézet
category_created_by,Created by: {name},Erstellt von: {name},Létrehozta: {name}
category_edit_no_permission,Only the creator or family administrator can edit this category,Nur der Ersteller oder Familienadministrator kann diese Kategorie bearbeiten,Csak a létrehozó vagy családi adminisztrátor szerkesztheti ezt a kategóriát
category_delete_no_permission,Only the creator or family administrator can delete this category,Nur der Ersteller oder Familienadministrator kann diese Kategorie löschen,Csak a létrehozó vagy családi adminisztrátor törölheti ezt a kategóriát
category_permission_denied,Permission denied,Berechtigung verweigert,Nincs jogosultság
category_admin_or_creator_only,Only parent or creator can modify,Nur Elternteil oder Ersteller kann ändern,Csak szülő vagy létrehozó módosíthatja

databaseUnavailable,The server is currently unavailable. Please try again later.,Der Server ist derzeit nicht verfügbar. Bitte versuchen Sie es später erneut.,A szerver jelenleg nem elérhető. Kérjük próbálja meg később.
networkOfflineError,No internet connection. Please check your network settings.,Keine Internetverbindung. Bitte überprüfen Sie Ihre Netzwerkeinstellungen.,Nincs internetkapcsolat. Ellenőrizze a hálózati beállításokat.
authenticationError,Authentication error. Please check your credentials.,Authentifizierungsfehler. Bitte überprüfen Sie Ihre Anmeldedaten.,Bejelentkezési hiba. Ellenőrizze az adatokat.
connectionTimeout,Connection timed out. Please try again.,Verbindung unterbrochen. Bitte versuchen Sie es erneut.,A kapcsolat időtúllépés miatt megszakadt. Próbálja újra.
loginGeneralError,An error occurred during login. Please try again.,Ein Fehler ist bei der Anmeldung aufgetreten. Bitte versuchen Sie es erneut.,Hiba történt a bejelentkezés során. Próbálja újra.
errorDetails,Error Details,Fehlerdetails,Hiba részletei
errorCategory,Category,Kategorie,Kategória
debugInfo,Debug,Debug,Debug
originalErrorLabel,Original error,Ursprünglicher Fehler,Eredeti hiba
closeDialog,Close,Schließen,Bezárás


calendar_selected_date,Selected date,Ausgewähltes Datum,Kiválasztott dátum
calendar_today_button,Today,Heute,Mai nap
calendar_refresh,Refresh,Aktualisieren,Frissítés
calendar_tasks_for_day,Tasks - {date},Aufgaben - {date},Feladatok - {date}
calendar_no_tasks,No tasks on this day,Keine Aufgaben an diesem Tag,Nincsenek feladatok ezen a napon
calendar_offline_no_tasks,No tasks in offline mode,Keine Aufgaben im Offline-Modus,Offline módban nincsenek feladatok
calendar_offline_banner,Offline mode - Calendar data limited,Offline-Modus - Kalenderdaten begrenzt,Offline mód - Naptár adatok korlátozottak
calendar_offline_action_blocked,This feature is unavailable in offline mode,Diese Funktion ist im Offline-Modus nicht verfügbar,Offline módban ez a funkció nem elérhető


# Register page általános
registerTitle,Regisztráció,Register,Registrieren
registerAndJoin,Regisztráció és csatlakozás,Register and Join,Registrieren und Beitreten

# Meghívó kód
inviteCode,Meghívó kód,Invite Code,Einladungscode
inviteCodeHint,Add meg a kapott meghívó kódot,Enter the invite code you received,Geben Sie den erhaltenen Einladungscode ein
inviteCodeRequired,A meghívó kód nem lehet üres,Invite code cannot be empty,Einladungscode darf nicht leer sein
invalidInviteCode,Érvénytelen meghívó kód: {error},Invalid invite code: {error},Ungültiger Einladungscode: {error}
invalidInviteCodeMessage,Érvénytelen meghívó kód,Invalid invite code,Ungültiger Einladungscode
inviteCodeExpired,Ez a meghívó kód már nem érvényes,This invite code is no longer valid,Dieser Einladungscode ist nicht mehr gültig
inviteCheckError,Hiba történt a meghívó ellenőrzése közben,Error checking invite code,Fehler beim Überprüfen des Einladungscodes
checkInvite,Ellenőrzés,Check,Prüfen
joiningFamily,Csatlakozás: {familyName},Joining: {familyName},Beitritt: {familyName}

# Családhoz csatlakozás
joinFamilyWithInvite,Csatlakozás családhoz meghívó kóddal,Join family with invite code,Mit Einladungscode zur Familie beitreten
familyJoinSuccess,Sikeresen csatlakoztál a családhoz!,Successfully joined the family!,Erfolgreich der Familie beigetreten!
familyJoinError,Hiba a családhoz csatlakozás során: {error},Error joining family: {error},Fehler beim Beitritt zur Familie: {error}

# Hibaüzenetek
profileCreationError,Hiba a felhasználói fiók létrehozásakor. Kérjük próbálja meg újra más email címmel.,Error creating user account. Please try again with a different email.,Fehler beim Erstellen des Benutzerkontos. Bitte versuchen Sie es mit einer anderen E-Mail erneut.
registrationError,Regisztrációs hiba,Registration error,Registrierungsfehler
emailAlreadyRegistered,Ez az email cím már regisztrálva van. Kérjük jelentkezz be!,This email address is already registered. Please log in!,Diese E-Mail-Adresse ist bereits registriert. Bitte melde dich an!

# Egyéb
fullNameHint,Teljes neved (opcionális),Your full name (optional),Ihr vollständiger Name (optional)

myTasksOffline,My Tasks (Offline),Meine Aufgaben (Offline),Saját feladatok (Offline)
offlineModeOnlyCached,Offline mode - Only cached data available,Offline-Modus - Nur zwischengespeicherte Daten verfügbar,Offline mód - Csak cache-elt adatok érhetők el
offlineModeTasksReadonly,Tasks cannot be modified in offline mode,Aufgaben können im Offline-Modus nicht geändert werden,Offline módban a feladatok állapota nem módosítható
errorOccurred,An error occurred,Ein Fehler ist aufgetreten,Hiba történt
active,Active,Aktiv,Aktív
hidden,Hidden,Versteckt,Rejtett
hiddenCompleted,hidden completed,versteckte abgeschlossene,rejtett befejezett
inactive,INACTIVE,INAKTIV,INAKTÍV
today,Today,Heute,Ma
tomorrow,Tomorrow,Morgen,Holnap
yesterday,Yesterday,Gestern,Tegnap
daysAgo,{count} days ago,vor {count} Tagen,{count} napja lejárt
daysFromNow,in {count} days,in {count} Tagen,{count} nap múlva
noTasksToDisplay,No tasks to display,Keine Aufgaben anzuzeigen,Nincs megjeleníthető feladat
unnamedTask,Unnamed task,Unbenannte Aufgabe,Névtelen feladat
advancedFilters,Advanced Filters,Erweiterte Filter,Részletes szűrők
showCompleted,Show completed,Zeige abgeschlossene,Befejezettek mutatása
hideCompleted,Hide completed,Verberge abgeschlossene,Befejezettek elrejtése
sortBy,Sort by,Sortieren nach,Rendezés
sortByName,Name,Name,Név
sortByDueDate,Due date,Fälligkeitsdatum,Határidő
sortByPriority,Priority,Priorität,Prioritás

offlineModeTitle,Offline Mode,Offline-Modus,Offline mód
offlineModeRefreshUnavailable,Refresh is not available in offline mode,Aktualisierung ist im Offline-Modus nicht verfügbar,Offline módban a frissítés nem elérhető
offlineModeWarning,Offline Mode Warning,Offline-Modus Warnung,Offline mód figyelmeztetés
offlineModeLogoutConfirm,You are in offline simulation mode. Are you sure you want to log out?,Sie befinden sich im Offline-Simulationsmodus. Möchten Sie sich wirklich abmelden?,Offline szimulációs módban vagy. Biztosan ki szeretnél jelentkezni?
offlineModeNavigationLimited,Offline mode - Navigation available but limited functionality,Offline-Modus - Navigation verfügbar aber eingeschränkte Funktionalität,Offline mód - Navigáció elérhető de korlátozott funkciók


offlineModeTitle,Offline Mode,Offline-Modus,Offline mód
offlineModeRefreshUnavailable,Refresh is not available in offline mode,Aktualisierung ist im Offline-Modus nicht verfügbar,Offline módban a frissítés nem elérhető
offlineModeWarning,Offline Mode Warning,Offline-Modus Warnung,Offline mód figyelmeztetés
offlineModeLogoutConfirm,You are in offline simulation mode. Are you sure you want to log out?,Sie befinden sich im Offline-Simulationsmodus. Möchten Sie sich wirklich abmelden?,Offline szimulációs módban vagy. Biztosan ki szeretnél jelentkezni?
offlineModeNavigationLimited,Offline mode - Navigation available but limited functionality,Offline-Modus - Navigation verfügbar aber eingeschränkte Funktionalität,Offline mód - Navigáció elérhető de korlátozott funkciók
categories,Categories,Kategorien,Kategóriák
offlineModeActive,Offline mode active,Offline-Modus aktiv,Offline mód aktív
cachedDataDisplay,Showing cached data,Zwischengespeicherte Daten anzeigen,Cache-elt adatok megjelenítése
noCategoriesFound,No categories found,Keine Kategorien gefunden,Nincs kategória
createFirstCategory,Create your first category,Erstelle deine erste Kategorie,Hozd létre az első kategóriádat
newCategory,New Category,Neue Kategorie,Új kategória
editCategory,Edit Category,Kategorie bearbeiten,Kategória szerkesztése
categoryName,Category name,Kategoriename,Kategória neve
enterCategoryName,Enter category name,Kategoriename eingeben,Írd be a kategória nevét
optionalDescription,Optional description,Optionale Beschreibung,Opcionális leírás
makePrivate,Make private,Privat machen,Legyen privát
categoryColor,Category color,Kategoriefarbe,Kategória színe
activeTasks,Active tasks,Aktive Aufgaben,Aktív feladatok
completedTasks,Completed tasks,Abgeschlossene Aufgaben,Befejezett feladatok
deleteCategory,Delete category,Kategorie löschen,Kategória törlése
deleteCategoryConfirm,Are you sure you want to delete "{name}" category?,Möchten Sie die Kategorie "{name}" wirklich löschen?,Biztosan törölni szeretnéd a "{name}" kategóriát?
categoryCreated,Category created,Kategorie erstellt,Kategória létrehozva
categoryUpdated,Category updated,Kategorie aktualisiert,Kategória frissítve
categoryDeleted,Category deleted,Kategorie gelöscht,Kategória törölve
noPermissionEditCategory,You don't have permission to edit this category,Sie haben keine Berechtigung diese Kategorie zu bearbeiten,Nincs jogosultságod szerkeszteni ezt a kategóriát
cannotMakePrivate,Cannot make private,Kann nicht privat gemacht werden,Nem tehető privattá
categoryContainsPublicTasks,This category contains public tasks. Move or make them private first.,Diese Kategorie enthält öffentliche Aufgaben. Verschieben oder privat machen Sie sie zuerst.,Ez a kategória nyilvános feladatokat tartalmaz. Először ezeket privattá kell tenni vagy át kell helyezni őket másik kategóriába.
offlineNoOperations,Operations not available in offline mode,Operationen im Offline-Modus nicht verfügbar,Offline módban a műveletek nem elérhetők
offlineViewOnly,View only mode,Nur Ansichtsmodus,Csak megtekintés módban
selectCategoryToEdit,Select a category to edit,Wählen Sie eine Kategorie zum Bearbeiten,Válassz kategóriát a szerkesztéshez
invalidNumber,Invalid number,Ungültige Nummer,Érvénytelen szám
description,Description,Beschreibung,Leírás
sortOrder,Sort order,Sortierreihenfolge,Sorrend


calendar,Calendar,Kalender,Naptár
calendarView,Calendar view,Kalenderansicht,Naptár nézet
events,Events,Ereignisse,Események
noEvents,No events,Keine Ereignisse,Nincsenek események
eventDetails,Event details,Ereignisdetails,Esemény részletei
calendarMonthView,Month,Monat,Hónap
calendarWeekView,Week,Woche,Hét
calendarDayView,Day,Tag,Nap
calendarTimelineView,Timeline,Zeitlinie,Idővonal

// Hónapnevek
monthJanuary,January,Januar,Január
monthFebruary,February,Februar,Február
monthMarch,March,März,Március
monthApril,April,April,Április
monthMay,May,Mai,Május
monthJune,June,Juni,Június
monthJuly,July,Juli,Július
monthAugust,August,August,Augusztus
monthSeptember,September,September,Szeptember
monthOctober,October,Oktober,Október
monthNovember,November,November,November
monthDecember,December,Dezember,December

// Rövid hónapnevek
monthJanShort,Jan,Jan,Jan
monthFebShort,Feb,Feb,Feb
monthMarShort,Mar,Mär,Már
monthAprShort,Apr,Apr,Ápr
monthMayShort,May,Mai,Máj
monthJunShort,Jun,Jun,Jún
monthJulShort,Jul,Jul,Júl
monthAugShort,Aug,Aug,Aug
monthSepShort,Sep,Sep,Sze
monthOctShort,Oct,Okt,Okt
monthNovShort,Nov,Nov,Nov
monthDecShort,Dec,Dez,Dec

// Napok
dayMonday,Monday,Montag,Hétfő
dayTuesday,Tuesday,Dienstag,Kedd
dayWednesday,Wednesday,Mittwoch,Szerda
dayThursday,Thursday,Donnerstag,Csütörtök
dayFriday,Friday,Freitag,Péntek
daySaturday,Saturday,Samstag,Szombat
daySunday,Sunday,Sonntag,Vasárnap

// Rövid napnevek
dayMonShort,Mon,Mo,H
dayTueShort,Tue,Di,K
dayWedShort,Wed,Mi,Sze
dayThuShort,Thu,Do,Cs
dayFriShort,Fri,Fr,P
daySatShort,Sat,Sa,Szo
daySunShort,Sun,So,V

// Dátumválasztó
selectDate,Select date,Datum auswählen,Dátum kiválasztása
selectYear,Select year,Jahr auswählen,Év kiválasztása
selectMonth,Select month,Monat auswählen,Hónap kiválasztása
selectDay,Select day,Tag auswählen,Nap kiválasztása
jumpToDate,Jump to date,Zum Datum springen,Ugrás dátumhoz
goToToday,Go to today,Zu heute gehen,Ugrás a mai napra
year,Year,Jahr,Év
month,Month,Monat,Hónap
day,Day,Tag,Nap

profileImageSection,Profile Picture,Profilbild,Profilkép
premiumSubscription,Premium Subscription,Premium-Abonnement,Prémium előfizetés
activeSubscription,Active Subscription,Aktives Abonnement,Aktív előfizetés
unlockAllFeatures,Unlock all features,Alle Funktionen freischalten,Használd ki az összes funkciót
developerTools,Developer Tools,Entwickler-Tools,Fejlesztői Eszközök
offlineModeNoSave,Cannot save in offline mode,Im Offline-Modus kann nicht gespeichert werden,Offline módban nem menthető

families,Families,Familien,Családok
familiesManagement,Family Management,Familienverwaltung,Családok kezelése
offlineFamiliesManagement,Offline Family Management,Offline Familienverwaltung,Offline családok kezelése
offlineModeViewOnly,Offline mode - View only mode no modifications possible,Offline-Modus - Nur Ansichtsmodus keine Änderungen möglich,Offline mód - Csak megtekintési mód módosítások nem lehetségesek
noFamilyYet,You don't have a family yet. Create one or join an existing one!,Du hast noch keine Familie. Erstelle eine oder tritt einer bestehenden bei!,Még nincs családod. Hozz létre egyet vagy csatlakozz egy meglévőhöz!
offlineNoFamilies,No families available in offline mode,Im Offline-Modus sind keine Familien verfügbar,Offline módban nincsenek elérhető családok
familySettings,Family Settings,Familieneinstellungen,Család beállítások
familySettingsDesc,Manage family settings,Familieneinstellungen verwalten,Család beállításainak kezelése
familyMembersManagement,Member and Permission Management,Mitglieder- und Berechtigungsverwaltung,Tagok és jogosultságok kezelése
invitesManagement,Invite Management,Einladungsverwaltung,Meghívók kezelése
invitesManagementDesc,Create and manage invites,Einladungen erstellen und verwalten,Meghívók létrehozása és kezelése
offlineNotEditable,Not editable in offline mode,Im Offline-Modus nicht bearbeitbar,Offline módban nem szerkeszthető
offlineNotAvailable,Not available in offline mode,Im Offline-Modus nicht verfügbar,Offline módban nem elérhető
viewOnlyMode,View only mode available,Nur Ansichtsmodus verfügbar,Csak megtekintési mód elérhető
offlineInvites,Offline Invites,Offline Einladungen,Offline meghívók
offlineFamiliesNotAvailable,Families not available in offline mode,Familien im Offline-Modus nicht verfügbar,Offline módban a családok nem érhetők el
offlineFamilySettingsNotEditable,Family settings cannot be edited in offline mode,Familieneinstellungen können im Offline-Modus nicht bearbeitet werden,Offline módban a család beállítások nem szerkeszthetők
offlineInvitesNotAvailable,Invite management not available in offline mode,Einladungsverwaltung im Offline-Modus nicht verfügbar,Offline módban a meghívók kezelése nem elérhető

key,en,de,hu
settings,Settings,Einstellungen,Beállítások
darkMode,Dark Mode,Dunkles Thema,Sötét mód
lightMode,Light Mode,Helles Thema,Világos mód
systemTheme,System Theme,System-Thema,Rendszer téma
appTitle,Task Manager,Aufgabenmanager,Feladatkezelő
loginTitle,Login,Anmelden,Bejelentkezés
registerTitle,Register,Registrieren,Regisztráció
homeTitle,Home,Startseite,Főoldal
tasksTitle,Tasks,Aufgaben,Feladatok
categoriesTitle,Categories,Kategorien,Kategóriák
newTaskTitle,New Task,Neue Aufgabe,Új feladat
taskDetailsTitle,Task Details,Aufgabendetails,Feladat részletei
user,User,Benutzer,Felhasználó
registerSuccess,Registration successful! Please confirm your email.,Registrierung erfolgreich! Bitte bestätige deine E-Mail.,Sikeres regisztráció! Kérjük erősítsd meg az email címedet.
creating,Creating,Erstelle,Létrehozás
noUserLoggedIn,No user is logged in,Kein Benutzer ist angemeldet,Nincs bejelentkezett felhasználó
refresh,Refresh,Aktualisieren,Frissítés
createNewCategory,Create New Category,Neue Kategorie erstellen,Új kategória létrehozása
editCategory,Edit Category,Kategorie bearbeiten,Kategória szerkesztése
noCategories,No categories yet,Noch keine Kategorien,Nincsenek kategóriák
email,Email,E-Mail,Email cím
emailHint,Enter your email,Gib deine E-Mail-Adresse ein,Add meg az email címed
emailRequired,Email is required,E-Mail ist erforderlich,Az email cím megadása kötelező
emailInvalid,Invalid email format,Ungültiges E-Mail-Format,Érvénytelen email formátum
password,Password,Passwort,Jelszó
passwordHint,Enter your password,Gib dein Passwort ein,Add meg a jelszavad
passwordRequired,Password is required,Passwort ist erforderlich,A jelszó megadása kötelező
passwordTooShort,Password must be at least 6 characters,Passwort muss mindestens 6 Zeichen lang sein,A jelszó legalább 6 karakter hosszú legyen
passwordNeedsDigit,Password must contain a digit,Passwort muss mindestens eine Ziffer enthalten,A jelszónak tartalmaznia kell számot
confirmPassword,Confirm Password,Passwort bestätigen,Jelszó megerősítése
passwordsDontMatch,Passwords don't match,Passwörter stimmen nicht überein,A jelszavak nem egyeznek
fullName,Full Name,Vollständiger Name,Teljes név
fullNameHint,Enter your full name,Gib deinen vollständigen Namen ein,Add meg a teljes neved
fullNameRequired,Full name is required,Vollständiger Name ist erforderlich,A név megadása kötelező
login,Login,Anmelden,Bejelentkezés
register,Register,Registrieren,Regisztráció
logout,Logout,Abmelden,Kijelentkezés
save,Save,Speichern,Mentés
cancel,Cancel,Abbrechen,Mégse
delete,Delete,Löschen,Törlés
edit,Edit,Bearbeiten,Szerkesztés
create,Create,Erstellen,Létrehozás
update,Update,Aktualisieren,Frissítés
forgotPassword,Forgot Password?,Passwort vergessen?,Elfelejtett jelszó?
noAccount,Don't have an account? Register!,Noch kein Konto? Registrieren!,Még nincs fiókod? Regisztrálj!
hasAccount,Already have an account? Login!,Bereits ein Konto? Anmelden!,Már van fiókod? Jelentkezz be!
selectOption,Select an option:,Wähle eine Option:,Válassz az alábbi lehetőségek közül:
taskName,Task Name,Aufgabenname,Feladat neve
taskNameHint,Enter task name,Aufgabenname eingeben,Add meg a feladat nevét
taskNameRequired,Task name is required,Aufgabenname ist erforderlich,A feladat neve kötelező
category,Category,Kategorie,Kategória
selectCategory,Select category,Kategorie auswählen,Válassz kategóriát
noCategory,No category,Keine Kategorie,Nincs kategória
categoryName,Category Name,Kategoriename,Kategória neve
categoryNameHint,Enter category name,Kategoriename eingeben,Add meg a kategória nevét
categoryNameRequired,Category name is required,Kategoriename ist erforderlich,A kategória neve kötelező
categoryDescription,Description (optional),Beschreibung (optional),Leírás (opcionális)
privateTask,Private Task,Private Aufgabe,Privát feladat
privateTaskDescription,If checked only you can see this task,Wenn aktiviert kannst nur du diese Aufgabe sehen,Ha be van jelölve csak te láthatod ezt a feladatot
privateCategory,Private Category,Private Kategorie,Privát kategória
privateCategoryDescription,Private categories are not visible to family members,Private Kategorien sind für Familienmitglieder nicht sichtbar,A privát kategória nem látható a családtagok számára
taskCreated,Task created successfully,Aufgabe erfolgreich erstellt,Feladat sikeresen létrehozva
taskUpdated,Task updated successfully,Aufgabe erfolgreich aktualisiert,Feladat sikeresen frissítve
taskDeleted,Task deleted successfully,Aufgabe erfolgreich gelöscht,Feladat sikeresen törölve
categoryCreated,Category created successfully,Kategorie erfolgreich erstellt,Kategória sikeresen létrehozva
categoryUpdated,Category updated successfully,Kategorie erfolgreich aktualisiert,Kategória sikeresen módosítva
categoryDeleted,Category deleted successfully,Kategorie erfolgreich gelöscht,Kategória sikeresen törölve
error,Error,Fehler,Hiba
generalError,An error occurred,Ein Fehler ist aufgetreten,Hiba történt
connectionError,Connection error,Verbindungsfehler,Kapcsolódási hiba
tryAgain,Try Again,Erneut versuchen,Újrapróbálkozás
status,Status,Status,Státusz
inProgress,In Progress,In Bearbeitung,Folyamatban
completed,Completed,Abgeschlossen,Befejezve
visibility,Visibility,Sichtbarkeit,Láthatóság
private,Private,Privat,Privát
public,Public,Öffentlich,Nyilvános
creationDate,Creation Date,Erstellungsdatum,Létrehozás dátuma
userId,User ID,Benutzer-ID,Felhasználói azonosító
myTasks,My Tasks,Meine Aufgaben,Saját feladatok
familyTasks,Family Tasks,Familienaufgaben,Családi feladatok
noTasks,No tasks yet,Noch keine Aufgaben,Még nincsenek feladatok
noMyTasks,You don't have any tasks yet,Du hast noch keine Aufgaben,Még nincsenek saját feladataid
noFamilyTasks,There are no family tasks yet,Es gibt noch keine Familienaufgaben,Még nincsenek családi feladatok
acceptTerms,I accept the terms and conditions,Ich akzeptiere die Geschäftsbedingungen,Elfogadom a feltételeket és az adatvédelmi irányelveket
termsRequired,You must accept the terms and conditions,Du musst die Geschäftsbedingungen akzeptieren,A feltételek elfogadása kötelező a regisztrációhoz
theme,Theme,Thema,Téma
language,Language,Sprache,Nyelv
changeLanguage,Change Language,Sprache ändern,Nyelv váltása
english,English,Englisch,Angol
german,German,Deutsch,Német
hungarian,Hungarian,Ungarisch,Magyar
deleteConfirmation,Confirm Delete,Löschen bestätigen,Törlés megerősítése
deleteTaskConfirmation,Are you sure you want to delete this task?,Möchtest du diese Aufgabe wirklich löschen?,Biztosan törölni szeretnéd ezt a feladatot?
editProfile,Edit Profile,Profil bearbeiten,Profil szerkesztése
profileUpdated,Profile updated successfully,Profil erfolgreich aktualisiert,Profil sikeresen frissítve
profileLoadError,Failed to load profile data.,Fehler beim Laden der Profildaten.,Nem sikerült betölteni a profil adatokat.
personalData,Personal Data,Persönliche Daten,Személyes adatok
displayName,Display Name,Anzeigename,Megjelenítési név
displayNameRequired,Display name is required,Anzeigename ist erforderlich,A megjelenítési név megadása kötelező
birthDate,Birth Date,Geburtsdatum,Születési dátum
gender,Gender,Geschlecht,Nem
selectGender,Select gender,Geschlecht auswählen,Válassz nemet
male,Male,Männlich,Férfi
female,Female,Weiblich,Nő
other,Other,Andere,Egyéb
preferNotToSay,Prefer not to say,Keine Angabe,Nem szeretném megadni
residenceCity,Residence City,Wohnort,Lakóhely
dateTimeSettings,Date and Time Settings,Datums- und Zeiteinstellungen,Dátum és idő beállítások
dateFormat,Date Format,Datumsformat,Dátum formátum
timeFormat,Time Format,Zeitformat,Idő formátum
selectFormat,Select format,Format auswählen,Válassz formátumot
format24h,24-hour format (e.g. 14:30),24-Stunden-Format (z.B. 14:30),24 órás (pl. 14:30)
format12h,12-hour format (e.g. 2:30 PM),12-Stunden-Format (z.B. 2:30 PM),12 órás (pl. 2:30 PM)
timezone,Timezone,Zeitzone,Időzóna
selectTimezone,Select timezone,Zeitzone auswählen,Válassz időzónát
budapestTimezone,Central European Time (Budapest),Mitteleuropäische Zeit (Budapest),Közép-európai idő (Budapest)
londonTimezone,Greenwich Mean Time (London),Greenwich-Normalzeit (London),Greenwich-i középidő (London)
newYorkTimezone,Eastern Time (New York),Ostküstenzeit (New York),Keleti parti idő (New York)
losAngelesTimezone,Pacific Time (Los Angeles),Pazifikzeit (Los Angeles),Csendes-óceáni idő (Los Angeles)
tokyoTimezone,Japan Time (Tokyo),Japanische Zeit (Tokio),Japán idő (Tokió)
taskSettings,Task Settings,Aufgabeneinstellungen,Feladat beállítások
taskSortOrder,Task Sort Order,Aufgaben-Sortierreihenfolge,Feladatok rendezése
selectSortOrder,Select sort order,Sortierreihenfolge auswählen,Válassz rendezési sorrendet
byDueDate,By due date,Nach Fälligkeitsdatum,Határidő szerint
byPriority,By priority,Nach Priorität,Prioritás szerint
byCreationDate,By creation date,Nach Erstellungsdatum,Létrehozás szerint
byTitle,By title,Nach Titel,Cím szerint
readOnlyInformation,Read-only Information,Schreibgeschützte Informationen,Csak olvasható információk
created,Created,Erstellt,Létrehozva
updated,Updated,Aktualisiert,Frissítve
notSpecified,Not specified,Nicht angegeben,Nincs megadva
profilePicture,Profile Picture,Profilbild,Profilkép
changeProfilePicture,Change Profile Picture,Profilbild ändern,Profilkép módosítása
selectFromGallery,Select from Gallery,Aus Galerie auswählen,Kiválasztás a galériából
takePhoto,Take Photo,Foto aufnehmen,Fénykép készítése
removePhoto,Remove Photo,Foto entfernen,Fénykép eltávolítása
profilePictureUpdated,Profile picture updated successfully,Profilbild erfolgreich aktualisiert,Profilkép sikeresen frissítve
profilePictureRemoved,Profile picture removed successfully,Profilbild erfolgreich entfernt,Profilkép sikeresen eltávolítva
profilePictureUploadError,Error uploading profile picture,Fehler beim Hochladen des Profilbilds,Hiba a profilkép feltöltésekor
dangerZone,Danger Zone,Gefahrenbereich,Veszélyes műveletek
deleteAccount,Delete Account,Konto löschen,Fiók törlése
deleteAccountButton,Delete Account,Konto löschen,Fiók törlése
deleteAccountExplanation,Deleting your account will remove your profile and related data. If you are the only member in your family all data you created will be deleted. If there are other family members your private data will become shared with them.,Das Löschen deines Kontos entfernt dein Profil und zugehörige Daten. Wenn du das einzige Mitglied deiner Familie bist werden alle von dir erstellten Daten gelöscht. Wenn es andere Familienmitglieder gibt werden deine privaten Daten mit ihnen geteilt.,A fiók törlésével a profilod és az ahhoz kapcsolódó adatok törlődnek. Ha te vagy az egyetlen tag a családodban minden általad létrehozott adat törlődni fog. Ha vannak más családtagok is a privát adataid megosztottá válnak velük.
delayedDeletion,30-day delayed deletion,30-Tage verzögerte Löschung,30 napos késleltetett törlés
delayedDeletionDescription,Your account will be deleted after 30 days. You can cancel the deletion request within this period.,Dein Konto wird nach 30 Tagen gelöscht. Du kannst die Löschung innerhalb dieses Zeitraums zurückziehen.,A fiókod 30 nap múlva törlődik. Ezen időszakon belül visszavonhatod a törlési kérelmet.
immediateDeletion,Immediate deletion,Sofortige Löschung,Azonnali törlés
immediateDeletionDescription,Your account and all related data will be deleted immediately. This action cannot be undone!,Dein Konto und alle zugehörigen Daten werden sofort gelöscht. Diese Aktion kann nicht rückgängig gemacht werden!,A fiókod és minden kapcsolódó adat azonnal törlődik. Ez a művelet nem vonható vissza!
confirmDeletion,I acknowledge that my profile and data will be deleted,Ich bestätige dass mein Profil und meine Daten gelöscht werden,Tudomásul veszem hogy a profilom és az adataim törlődni fognak
confirmDeleteRequired,Please confirm the deletion by checking the acknowledgement box,Bitte bestätige die Löschung durch Aktivieren des Bestätigungskästchens,Kérlek erősítsd meg a fiók törlését a jelölőnégyzet bejelölésével
immediateDeleteButton,Delete Account Immediately,Konto sofort löschen,Fiók azonnali törlése
permanentDelete,Permanent Delete,Dauerhaft löschen,Végleges törlés
immediateDeleteConfirmText,Are you sure you want to delete your account IMMEDIATELY? This action CANNOT BE undone and all your data will be deleted immediately! If you are the only member in your family all data you created will be deleted. If there are other family members your private data will become shared with them.,Möchtest du dein Konto SOFORT löschen? Diese Aktion kann NICHT RÜCKGÄNGIG gemacht werden und alle deine Daten werden sofort gelöscht! Wenn du das einzige Mitglied deiner Familie bist werden alle von dir erstellten Daten gelöscht. Wenn es andere Familienmitglieder gibt werden deine privaten Daten mit ihnen geteilt.,Biztosan AZONNAL törölni szeretnéd a fiókodat? Ez a művelet NEM VISSZAVONHATÓ és az összes adatod azonnal törlődik! Ha te vagy az egyetlen tag a családodban minden általad létrehozott adat törlődni fog. Ha más családtagok is vannak a privát adataid megosztottá válnak velük.
delayedDeleteConfirmText,Are you sure you want to delete your account? The deletion process will take 30 days during which you can cancel the deletion request. If you are the only member in your family all data you created will be deleted. If there are other family members your private data will become shared with them.,Möchtest du dein Konto löschen? Der Löschvorgang dauert 30 Tage während derer du die Löschung zurückziehen kannst. Wenn du das einzige Mitglied deiner Familie bist werden alle von dir erstellten Daten gelöscht. Wenn es andere Familienmitglieder gibt werden deine privaten Daten mit ihnen geteilt.,Biztosan törölni szeretnéd a fiókodat? A törlési folyamat 30 napig tart ez idő alatt visszavonhatod a törlési kérelmet. Ha te vagy az egyetlen tag a családodban minden általad létrehozott adat törlődni fog. Ha más családtagok is vannak a privát adataid megosztottá válnak velük.
accountDeletedSuccess,Your account has been deleted.,Dein Konto wurde gelöscht.,Fiókod törölve lett.
accountDeleteScheduledSuccess,Account deletion in progress. Your account will be permanently deleted after 30 days.,Kontolöschung in Bearbeitung. Dein Konto wird nach 30 Tagen dauerhaft gelöscht.,Fiók törlése folyamatban. Fiókod 30 nap múlva törlődik véglegesen.
accountDeleteError,Error deleting account,Fehler beim Löschen des Kontos,Hiba a fiók törlése során
accountScheduledForDeletion,Your account is scheduled for deletion,Dein Konto ist zur Löschung vorgemerkt,Fiókod törlésre vár
accountDeletionExplanation,Your account is scheduled for deletion. If you don't cancel the deletion your account and data will be automatically deleted on the scheduled date.,Dein Konto ist zur Löschung vorgemerkt. Wenn du die Löschung nicht abbrichst werden dein Konto und deine Daten am geplanten Datum automatisch gelöscht.,Fiókod törlésre van ütemezve. Ha nem vonod vissza a törlést fiókod és adataid automatikusan törlésre kerülnek a megadott dátumkor.
deletionRequested,Deletion requested,Löschung beantragt,Törlés kérve
deletionScheduled,Deletion scheduled,Löschung geplant,Törlés végrehajtása
daysRemaining,Days remaining,Verbleibende Tage,Hátralévő idő
cancelDeletion,Cancel Deletion Request,Löschantrag zurückziehen,Törlési kérelem visszavonása
deletionCancelled,Deletion request successfully cancelled,Löschantrag erfolgreich zurückgezogen,Törlési kérelem sikeresen visszavonva
deletionCancelError,Error cancelling deletion request,Fehler beim Zurückziehen des Löschantrags,Hiba történt a törlési kérelem visszavonása közben
deletionStatusError,Error checking deletion status,Fehler beim Prüfen des Löschstatus,Hiba történt a törlési állapot lekérdezésekor
publicCategory,Public Category,Öffentliche Kategorie,Nyilvános kategória
privateTaskWarning,This task is public but belongs to a private category so it will not be visible to others,Diese Aufgabe ist öffentlich gehört aber zu einer privaten Kategorie und ist daher für andere nicht sichtbar,Ez a feladat nyilvános de privát kategóriához tartozik így mások számára nem lesz látható
categoryVisibility,Category Visibility,Kategoriesichtbarkeit,Kategória láthatósága
reminderTitle,Task Reminder,Aufgaben-Erinnerung,Feladat emlékeztető
reminderForTask,Reminder for: {taskName},Erinnerung für: {taskName},Emlékeztető: {taskName}
enableNotifications,Enable notifications,Benachrichtigungen aktivieren,Értesítések bekapcsolása
disableNotifications,Disable notifications,Benachrichtigungen deaktivieren,Értesítések kikapcsolása
notificationsEnabled,Notifications enabled,Benachrichtigungen aktiviert,Értesítések bekapcsolva
notificationsDisabled,Notifications disabled,Benachrichtigungen deaktiviert,Értesítések kikapcsolva
reminderSetFor,Reminder set for {dateTime},Erinnerung eingestellt für {dateTime},Emlékeztető beállítva: {dateTime}
loginFailed,Login Failed,Anmeldung fehlgeschlagen,Sikertelen bejelentkezés
invalidCredentials,Invalid username or password. Please try again.,Ungültiger Benutzername oder Passwort. Bitte versuchen Sie es erneut.,Érvénytelen felhasználónév vagy jelszó. Kérjük, próbáld újra.
forgotPasswordQuestion,Did you forget your password?,Haben Sie Ihr Passwort vergessen?,Elfelejtetted a jelszavadat?
resetPassword,Reset Password,Passwort zurücksetzen,Jelszó visszaállítása
resetPasswordDescription,Enter your email address and we will send you a link to reset your password.,Geben Sie Ihre E-Mail-Adresse ein und wir senden Ihnen einen Link zum Zurücksetzen Ihres Passworts.,Add meg az e-mail címed, és küldünk egy linket a jelszavad visszaállításához.
sendResetLink,Send Reset Link,Link zum Zurücksetzen senden,Visszaállító link küldése
resetLinkSent,Reset Link Sent,Link zum Zurücksetzen gesendet,Visszaállító link elküldve
resetLinkSentDescription,We've sent a password reset link to {email}. Please check your inbox.,Wir haben einen Link zum Zurücksetzen des Passworts an {email} gesendet. Bitte überprüfen Sie Ihren Posteingang.,Elküldtünk egy jelszó-visszaállító linket a következő címre: {email}. Kérjük, ellenőrizd a beérkező üzeneteidet.
resetPasswordFailed,Password Reset Failed,Passwort zurücksetzen fehlgeschlagen,Jelszó visszaállítása sikertelen
ok,OK,OK,Rendben
mobilePermissions,Mobile Permissions,Mobile Berechtigungen,Mobil engedélyek
notificationPermissions,Notification Permissions,Benachrichtigungsberechtigung,Értesítési engedélyek
permissionsCheck,Checking Permissions...,Berechtigungen überprüfen...,Engedélyek ellenőrzése...
exactAlarms,Exact Alarms,Genaue Alarme,Pontos riasztások
enabled,Enabled,Aktiviert,Engedélyezve
notEnabled,Not Enabled,Nicht aktiviert,Nincs engedélyezve
enablePermission,Enable,Aktivieren,Engedélyezés
allSettings,All Settings,Alle Einstellungen,Összes beállítás
androidOnlyFeature,This feature is only available on Android platform.,Diese Funktion ist nur auf der Android-Plattform verfügbar.,Ez a funkció csak Android platformon érhető el.
permissionsMissing,Missing Notification Permissions,Fehlende Benachrichtigungsberechtigungen,Értesítési engedélyek hiányoznak
permissionsDescription,Notification and exact alarm permissions are necessary for the app to function properly.,Benachrichtigungs- und genaue Alarmberechtigung sind für die ordnungsgemäße Funktion der App erforderlich.,Az értesítések és pontos riasztások engedélyezése szükséges az alkalmazás megfelelő működéséhez.
notificationSettings,Notification Settings,Benachrichtigungseinstellungen,Értesítési beállítások
exactAlarmSettings,Exact Alarm Settings,Einstellungen für genaue Alarme,Pontos riasztás beállítások
appSettings,App Settings,App-Einstellungen,App beállítások
close,Close,Schließen,Bezárás
quickView,Quick View,Schnellansicht,Gyors betekintés
detailedEdit,Detailed Edit,Detaillierte Bearbeitung,Részletes szerkesztés
taskActions,Task Actions,Aufgabenaktionen,Feladat műveletek
useDeviceSettings,Use device settings,Geräteeinstellungen verwenden,Eszköz beállítások használata
customSettings,Custom settings,Benutzerdefinierte Einstellungen,Egyéni beállítások
dateFormat_yyyyMMdd,YYYY.MM.DD,JJJJ.MM.TT,ÉÉÉÉ.HH.NN
dateFormat_ddMMyyyy,DD.MM.YYYY,TT.MM.JJJJ,NN.HH.ÉÉÉÉ
dateFormat_mmDdYyyy,MM.DD.YYYY,MM.TT.JJJJ,HH.NN.ÉÉÉÉ
dateFormatExample,Format example,Format Beispiel,Formátum példa
currentSetting,Current setting,Aktuelle Einstellung,Jelenlegi beállítás
preview,Preview,Vorschau,Előnézet
today,Today,Heute,Ma
tomorrow,Tomorrow,Morgen,Holnap
yesterday,Yesterday,Gestern,Tegnap
formatSettings,Format Settings,Format-Einstellungen,Formátum beállítások
chooseFormat,Choose format,Format wählen,Formátum választása
selectDateFormat,Select date format,Datumsformat auswählen,Dátum formátum kiválasztása
selectTimeFormat,Select time format,Zeitformat auswählen,Idő formátum kiválasztása
invalidDateFormat,Invalid date format,Ungültiges Datumsformat,Érvénytelen dátum formátum
dateParseError,Could not parse date,Datum konnte nicht analysiert werden,Nem sikerült a dátum értelmezése
dateFormatHelp,Choose how dates should be displayed throughout the app,Wählen Sie aus wie Daten in der App angezeigt werden sollen,Válaszd ki hogy jelenjenek meg a dátumok az alkalmazásban
timeFormatHelp,Choose between 12-hour and 24-hour time display,Wählen Sie zwischen 12-Stunden- und 24-Stunden-Zeitanzeige,Válassz a 12 órás és 24 órás időformátum között
commandDateHelp,Use #MMDD or #DDMM for due dates,Verwende #MMTT oder #TTMM für Fälligkeitsdaten,Használj #HHNN vagy #NNHH határidőkhöz
commandDateExample,Example: #0315 for March 15th,Beispiel: #0315 für 15. März,Példa: #0315 március 15-re
auto_save_title,Auto-Save,Automatisches Speichern,Automatikus mentés
auto_save_status,Auto-Save Status,Auto-Save Status,Auto-Save állapot
auto_save_active,Active,Aktiv,Aktív
auto_save_inactive,Inactive,Inaktiv,Inaktív
auto_save_saving,Saving...,Speichern...,Mentés...
auto_save_saved,Saved,Gespeichert,Mentve
auto_save_error,Save Error,Speicherfehler,Mentési hiba
auto_save_retry,Retrying...,Wiederholung...,Újrapróbálkozás...
auto_save_force,Force Save,Sofort speichern,Azonnali mentés
auto_save_last_save,Last saved,Zuletzt gespeichert,Utoljára mentve
auto_save_never,Never,Nie,Soha
auto_save_seconds_ago,{count}s ago,vor {count}s,{count}s ezelőtt
auto_save_minutes_ago,{count}m ago,vor {count}m,{count}m ezelőtt
auto_save_hours_ago,{count}h ago,vor {count}h,{count}h ezelőtt
auto_save_success_rate,Success Rate,Erfolgsrate,Sikeres arány
auto_save_total_attempts,Total Attempts,Versuche gesamt,Összes kísérlet
auto_save_successful_saves,Successful Saves,Erfolgreiche Speicherungen,Sikeres mentések
auto_save_failed_saves,Failed Saves,Fehlgeschlagene Speicherungen,Sikertelen mentések
auto_save_stats,Save Statistics,Speicher-Statistiken,Mentési statisztikák
auto_save_debounce_info,Changes are saved automatically after 500ms delay,Änderungen werden automatisch nach 500ms Verzögerung gespeichert,A változások 500ms késleltetés után automatikusan mentődnek
auto_save_local_storage,Local Storage,Lokaler Speicher,Helyi tárolás
auto_save_cloud_storage,Cloud Storage,Cloud-Speicher,Felhő tárolás
auto_save_sync_success,Synced successfully,Erfolgreich synchronisiert,Sikeresen szinkronizálva
auto_save_sync_failed,Sync failed,Synchronisation fehlgeschlagen,Szinkronizálás sikertelen
auto_save_refresh_status,Refresh Status,Status aktualisieren,Állapot frissítése
auto_save_debug_info,Debug Information,Debug-Informationen,Debug információk
auto_save_test_rapid_changes,Test Rapid Changes,Test schnelle Änderungen,Gyors változások teszt
auto_save_test_format_cycle,Test Format Cycle,Test Format-Zyklus,Formátum ciklus teszt
auto_save_test_time_toggle,Test Time Toggle,Test Zeit-Umschaltung,Idő váltás teszt
auto_save_manual_controls,Manual Controls,Manuelle Steuerung,Manuális vezérlés
auto_save_quick_tests,Quick Tests,Schnelltests,Gyors tesztek
auto_save_actions,Actions,Aktionen,Műveletek
auto_save_current_settings,Current Settings,Aktuelle Einstellungen,Jelenlegi beállítások
auto_save_change_counter,Changes made,Anzahl Änderungen,Változtatások száma
auto_save_format_changed,Format changed! Auto-save in 500ms.,Format geändert! Auto-Save in 500ms.,Formátum váltva! Auto-save 500ms múlva.
auto_save_rapid_test_started,Rapid changes test started...,Schnelle Änderungen Test gestartet...,Gyors változások teszt indítása...
auto_save_rapid_test_finished,Rapid changes done! Only the last change will be saved.,Schnelle Änderungen fertig! Nur die letzte Änderung wird gespeichert.,Gyors változások kész! Csak az utolsó mentődik el.
auto_save_welcome_title,Auto-Save System,Auto-Save System,Auto-Save rendszer
auto_save_welcome_subtitle,Welcome to the Auto-Save test application!,Willkommen in der Auto-Save Testanwendung!,Üdvözlünk az Auto-Save teszt alkalmazásban!
auto_save_feature_automatic,Automatic saving,Automatisches Speichern,Automatikus mentés
auto_save_feature_debounce,Debounce logic,Debounce-Logik,Debounce logika
auto_save_feature_retry,Retry mechanism,Wiederholungsmechanismus,Újrapróbálkozási mechanizmus
auto_save_feature_hybrid,Hybrid storage,Hybride Speicherung,Hibrid tárolás
auto_save_feature_monitoring,Real-time monitoring,Echtzeit-Überwachung,Valós idejű monitoring
auto_save_instructions_title,Testing Instructions,Testanweisungen,Tesztelési útmutató
auto_save_launch_test,LAUNCH TEST,TEST STARTEN,TESZT INDÍTÁSA
auto_save_console_tip,Tip: Open the console to view debug messages,Tipp: Öffnen Sie die Konsole für Debug-Nachrichten,Tipp: Nyisd meg a konzolt a debug üzenetek megtekintéséhez
commandParser_invalidDate,Invalid date format: #{0},Ungültiges Datumsformat: #{0},Érvénytelen dátum formátum: #{0}
commandParser_dateParsingError,Date parsing error: #{0},Datum-Analysefehler: #{0},Dátum elemzési hiba: #{0}
commandParser_ambiguousDate,Ambiguous date: #{0} {1},Mehrdeutiges Datum: #{0} {1},Kétértelmű dátum: #{0} {1}
commandParser_invalidPriority,Invalid priority: {0} (must be 1-3),Ungültige Priorität: {0} (muss 1-3 sein),Érvénytelen prioritás: {0} (1-3 között kell lennie)
commandParser_invalidPercentage,Invalid percentage: {0}% (must be 0-100),Ungültiger Prozentsatz: {0}% (muss 0-100 sein),Érvénytelen százalék: {0}% (0-100 között kell lennie)
commandParser_unknownStatus,Unknown status: {0},Unbekannter Status: {0},Ismeretlen státusz: {0}
commandParser_noCommands,No commands found,Keine Befehle gefunden,Nincsenek parancsok
commandParser_typeTaskTitle,Type a task title...,Geben Sie einen Aufgabentitel ein...,Írj be egy feladat címet...
commandParser_parsingPreview,Parsing preview,Parsing-Vorschau,Elemzési előnézet
commandParser_commandsFound,{0} commands found,{0} Befehle gefunden,{0} parancs találva
commandParser_warningsFound,{0} warnings found,{0} Warnungen gefunden,{0} figyelmeztetés találva
commandParser_dateExample_christmas,December 25 (Christmas),25. Dezember (Weihnachten),December 25 (karácsony)
commandParser_dateExample_newYear,January 1 (New Year),1. Januar (Neujahr),Január 1 (újév)
commandParser_dateExample_marchFifteenth,March 15,15. März,Március 15
commandParser_dateExample_dayMonth,day.month,Tag.Monat,nap.hónap
commandParser_dateExample_monthDay,month.day,Monat.Tag,hónap.nap
commandParser_priorityHigh,High priority,Hohe Priorität,Magas prioritás
commandParser_priorityMedium,Medium priority,Mittlere Priorität,Közepes prioritás  
commandParser_priorityLow,Low priority,Niedrige Priorität,Alacsony prioritás
commandParser_statusActive,Active,Aktiv,Aktív
commandParser_statusDraft,Draft,Entwurf,Vázlat
commandParser_statusArchived,Archived,Archiviert,Archivált
commandParser_statusCompleted,Completed,Abgeschlossen,Befejezett
commandParser_parseLogic_yyyymmdd,YYYY.MM.DD → #0315 = March 15,JJJJ.MM.TT → #0315 = 15. März,ÉÉÉÉ.HH.NN → #0315 = március 15
commandParser_parseLogic_ddmmyyyy,DD.MM.YYYY → #1503 = March 15 (day.month),TT.MM.JJJJ → #1503 = 15. März (Tag.Monat),NN.HH.ÉÉÉÉ → #1503 = március 15 (nap.hónap)
commandParser_parseLogic_mmddyyyy,MM.DD.YYYY → #0315 = March 15 (month.day),MM.TT.JJJJ → #0315 = 15. März (Monat.Tag),HH.NN.ÉÉÉÉ → #0315 = március 15 (hónap.nap)
commandParser_ambiguity_couldBe,Could be interpreted as,Könnte interpretiert werden als,Értelmezhető mint
commandParser_ambiguity_currentFormat,Current format interprets as,Aktuelles Format interpretiert als,A jelenlegi formátum szerint
commandParser_ambiguity_suggestion,Consider using full date format,Erwägen Sie die Verwendung des vollständigen Datumsformats,Fontold meg a teljes dátum formátum használatát

# ✅ ÚJ KULCSOK - Cache és teljesítmény
cache_performance,Cache Performance,Cache-Leistung,Cache Teljesítmény
cache_metrics_loading,Loading cache metrics...,Lade Cache-Metriken...,Cache metrikák betöltése...
cache_metrics_error,Error loading metrics,Fehler beim Laden der Metriken,Hiba a metrikák betöltése során
retry,Retry,Wiederholen,Újrapróbálás
refresh_metrics,Refresh Metrics,Metriken aktualisieren,Metrikák frissítése
cache_info,Cache Information,Cache-Informationen,Cache információk
hit_ratio,Hit Ratio,Trefferquote,Találati arány
cache_size,Cache Size,Cache-Größe,Cache méret
active_tables,Active Tables,Aktive Tabellen,Aktív táblák
elements_short,elem,Elem,elem
pieces,pcs,Stk,db
detailed_hit_ratio,Detailed hit ratio,Detaillierte Trefferquote,Részletes találati arány
excellent_cache_performance,Excellent cache performance,Ausgezeichnete Cache-Leistung,Kiváló cache teljesítmény
good_cache_performance,Good cache performance,Gute Cache-Leistung,Jó cache teljesítmény
average_cache_performance,Average cache performance,Durchschnittliche Cache-Leistung,Közepes cache teljesítmény
poor_cache_performance,Poor cache performance,Schlechte Cache-Leistung,Gyenge cache teljesítmény
very_poor_cache_performance,Very poor cache performance,Sehr schlechte Cache-Leistung,Nagyon gyenge cache teljesítmény
detailed_metrics,Detailed Metrics,Detaillierte Metriken,Részletes Metrikák
cache_hits,Cache hits,Cache-Treffer,Cache találatok
cache_misses,Cache misses,Cache-Fehltreffer,Cache hibák
expired_hits,Expired hits,Abgelaufene Treffer,Lejárt találatok
inserts,Inserts,Einfügungen,Beszúrások
updates,Updates,Aktualisierungen,Frissítések
invalidations,Invalidations,Ungültigmachungen,Érvénytelenítések
last_cleanup,Last cleanup,Letzte Bereinigung,Utolsó tisztítás
cleanup,Cleanup,Bereinigung,Tisztítás
clear_all,Clear All,Alle löschen,Teljes törlés
cache_cleanup_successful,Cache cleanup successful,Cache-Bereinigung erfolgreich,Cache tisztítás sikeres
cache_cleanup_error,Cache cleanup error,Cache-Bereinigungsfehler,Hiba a cache tisztítás során
clear_entire_cache,Clear entire cache,Gesamten Cache löschen,Cache teljes törlése
confirm_clear_cache_message,Are you sure you want to delete the entire cache? This will remove all stored data and subsequent queries will be slower.,Sind Sie sicher dass Sie den gesamten Cache löschen möchten? Dies entfernt alle gespeicherten Daten und nachfolgende Abfragen werden langsamer.,Biztos hogy törölni szeretnéd a teljes cache-t? Ez minden tárolt adatot eltávolít és a következő lekérdezések lassabbak lesznek.
entire_cache_cleared,Entire cache cleared,Gesamter Cache gelöscht,Teljes cache törölve
cache_delete_error,Cache delete error,Cache-Löschfehler,Hiba a cache törlése során
cache_info_table_sizes,Table cache sizes,Tabellen-Cache-Größen,Táblák cache mérete
no_cache_data,No cache data,Keine Cache-Daten,Nincs cache adat
cacheCleanupCount,elements deleted,Elemente gelöscht,elem törölve

# ✅ ÚJ KULCSOK - Szűrők
filters,Filters,Filter,Szűrők
activeFilters,Active filters,Aktive Filter,Aktív szűrők
clearFilters,Clear filters,Filter löschen,Szűrők törlése
basicFilters,Basic,Grundlegend,Alapvető
dateFilters,Dates,Daten,Dátumok
categoryFilters,Categories,Kategorien,Kategóriák
advancedFilters,Advanced,Erweitert,Haladó
applyFilters,Apply filters,Filter anwenden,Szűrők alkalmazása
searchQuery,Search,Suche,Keresés
searchTaskTitleDescription,Task title or description,Aufgabentitel oder Beschreibung,Feladat címe vagy leírása
all,All,Alle,Minden
completionStatus,Completion status,Fertigstellungsstatus,Befejezettségi állapot
open,Open,Offen,Nyitott
completionDate,Completion date,Fertigstellungsdatum,Befejezési dátum
completedFrom,Completed from,Abgeschlossen von,Befejezve ettől
completedUntil,Completed until,Abgeschlossen bis,Befejezve eddig
notSet,Not set,Nicht festgelegt,Nincs beállítva
selectDate,Select date,Datum auswählen,Dátum kiválasztása
dueDate,Due date,Fälligkeitsdatum,Határidő
dueDateFrom,Due date from,Fälligkeitsdatum von,Határidő ettől
dueDateUntil,Due date until,Fälligkeitsdatum bis,Határidő eddig
assignedTo,Assigned to,Zugewiesen an,Felelős
selectAssignee,Select assignee,Beauftragten auswählen,Felelős kiválasztása
unknownUser,Unknown user,Unbekannter Benutzer,Ismeretlen felhasználó
taskType,Task type,Aufgabentyp,Feladat típus
mainTasks,Main tasks,Hauptaufgaben,Fő feladatok
subTasks,Sub tasks,Unteraufgaben,Alfeladatok
parentTask,Parent task,Übergeordnete Aufgabe,Szülő feladat
selectParentTask,Select parent task,Übergeordnete Aufgabe auswählen,Szülő feladat kiválasztása
unknownTask,Unknown task,Unbekannte Aufgabe,Ismeretlen feladat
noMainTasksAvailable,No main tasks available,Keine Hauptaufgaben verfügbar,Nincs elérhető fő feladat
tags,Tags,Tags,Címkék
tagsCommaSeparated,Tags (comma separated),Tags (durch Komma getrennt),Címkék (vesszővel elválasztva)
tagsExample,e.g. urgent home project,z.B. dringend zuhause projekt,pl. sürgős otthon projekt
quickFilter,Quick filter,Schnellfilter,Gyors szűrés
detailedFilter,Detailed filter,Detaillierter Filter,Részletes szűrő

# ✅ ÚJ KULCSOK - Offline és fallback
offlineMode,Offline mode,Offline-Modus,Offline mód
cachedDataDisplay,⚡ Cached data display,⚡ Zwischengespeicherte Datenanzeige,⚡ Cache-elt adatok megjelenítése
connectionStatus,Connection status,Verbindungsstatus,Kapcsolódási állapot
online,Online,Online,Online
offline,Offline,Offline,Offline
fromCache,From cache,Aus Cache,Cache-ből
cannotCreateItemsOffline,New items cannot be created in offline mode,Im Offline-Modus können keine neuen Elemente erstellt werden,Offline módban nem lehet új elemeket létrehozni
offlineDataWarning,Without network connection only cached data are available. Creating new items is not possible in offline mode.,Ohne Netzwerkverbindung sind nur zwischengespeicherte Daten verfügbar. Das Erstellen neuer Elemente ist im Offline-Modus nicht möglich.,Hálózati kapcsolat nélkül csak a cache-elt adatok érhetők el. Új elemek létrehozása offline módban nem lehetséges.
toggleOfflineMode,Toggle offline mode,Offline-Modus umschalten,Offline mód ki/be

# ✅ ÚJ KULCSOK - Debug és teszt
currentState,Current state,Aktueller Zustand,Jelenlegi állapot
source,Source,Quelle,Forrás
cloudSynced,Cloud synced,Cloud synchronisiert,Felhő szinkronizálva
on,ON,EIN,BE
off,OFF,AUS,KI
yes,YES,JA,IGEN
no,NO,NEIN,NEM
managerStatus,Manager status,Manager-Status,Manager állapot
basicFallback,Basic fallback,Grundlegendes Fallback,Alapvető fallback
offlineModeSimulation,Offline mode simulation,Offline-Modus-Simulation,Offline mód szimuláció
onlineRestoration,Online restoration,Online-Wiederherstellung,Online visszaállítás
defaultFallback,Default fallback,Standard-Fallback,Alapértelmezett fallback
errorResistance,Error resistance,Fehlertoleranz,Hibatűrés
runAllTests,Run all tests,Alle Tests ausführen,Összes teszt futtatása
testResults,Test results,Testergebnisse,Teszt eredmények
testInitialized,Test widget initialized,Test-Widget initialisiert,Test widget inicializálva
readyForTesting,Ready for testing...,Bereit zum Testen...,Készen áll a tesztelésre...
testsStarted,Tests starting...,Tests starten...,Tesztek indítása...
basicFallbackTest,Basic fallback loading test,Grundlegender Fallback-Ladetest,Alapvető fallback betöltés teszt
initialTestsCompleted,Initial tests completed,Anfangstests abgeschlossen,Kezdeti tesztek befejezve
testCompleted,TEST {number} COMPLETED,TEST {number} ABGESCHLOSSEN,TESZT {number} BEFEJEZVE
testError,TEST {number} ERROR: {error},TEST {number} FEHLER: {error},TESZT {number} HIBA: {error}
allTestsCompleted,All tests completed,Alle Tests abgeschlossen,Összes teszt befejezve
checkResultsAbove,Check the results above!,Überprüfen Sie die Ergebnisse oben!,Ellenőrizd a fenti eredményeket!
resultsCleared,Test results cleared,Testergebnisse gelöscht,Teszt eredmények törölve
readyForNewTesting,Ready for new testing...,Bereit für neue Tests...,Készen áll új tesztelésre...

# ✅ ÚJ KULCSOK - Parancs előnézet és súgó
commandsInTaskTitle,Commands in task title,Befehle im Aufgabentitel,Parancsok a feladat címében
typeTaskTitleWithCommands,Type a task title with commands,Geben Sie einen Aufgabentitel mit Befehlen ein,Írj be egy feladat címet parancsokkal
example_task_commands,Example: Task #0315 #p1 #50% #act,Beispiel: Projekt #0315 #p1 #%50 #act,Példa: Projekt #0315 #p1 #%50 #act
liveParsingFeedback,Live parsing feedback,Live-Parsing-Feedback,Valós idejű parsing visszajelzés
commandsRecognized,{count} commands recognized,{count} Befehle erkannt,{count} parancs felismerve
warnings,Warnings,Warnungen,Figyelmeztetések
noCommands,No commands,Keine Befehle,Nincs parancs
cleanedTitle,Cleaned title,Bereinigter Titel,Tisztított cím
recognizedCommands,Recognized commands,Erkannte Befehle,Felismert parancsok
readiness,Readiness,Bereitschaft,Készültség
examples,Examples,Beispiele,Példák
combinedUsageExample,Combined usage example,Beispiel für kombinierte Verwendung,Kombinált használat példa
parsedResult,Parsed result,Analysiertes Ergebnis,Elemzett eredmény
currentDateFormat,Current date format,Aktuelles Datumsformat,Jelenlegi dátum formátum
dateExamples,Date examples,Datumsbeispiele,Dátum példák
quickTestCases,Quick test cases,Schnelle Testfälle,Gyors teszt esetek

# ✅ ÚJ KULCSOK - Család
join_family,Join family,Familie beitreten,Csatlakozás családhoz
important_family_restriction,Important: A user can only be a member of one family at a time. If you are already a member of a family and join a new family you must first leave your current family.,Wichtig: Ein Benutzer kann nur Mitglied einer Familie gleichzeitig sein. Wenn Sie bereits Mitglied einer Familie sind und einer neuen Familie beitreten müssen Sie zuerst Ihre aktuelle Familie verlassen.,Fontos: Egy felhasználó egyszerre csak egy család tagja lehet. Ha már tagja vagy egy családnak és csatlakozol egy új családhoz előbb ki kell lépned a jelenlegi családodból.
invite_code,Invite code,Einladungscode,Meghívó kód
enter_invite_code,Enter the invite code,Geben Sie den Einladungscode ein,Add meg a meghívó kódot
please_enter_invite_code,Please enter the invite code,Bitte geben Sie den Einladungscode ein,Kérlek add meg a meghívó kódot
verification,Verification,Überprüfung,Ellenőrzés
join,Join,Beitreten,Csatlakozás
family_name,Family name,Familienname,Család neve
expiry_date,Expiry date,Ablaufdatum,Lejárat
invalid_invite_code,Invalid invite code,Ungültiger Einladungscode,Érvénytelen meghívó kód
invite_expired,This invite code is no longer valid (expired or reached maximum usage),Dieser Einladungscode ist nicht mehr gültig (abgelaufen oder maximale Nutzung erreicht),Ez a meghívó kód már nem érvényes (lejárt vagy elérte a maximális felhasználást)
successfully_joined_family,Successfully joined family {familyName}!,Erfolgreich der Familie {familyName} beigetreten!,Sikeresen csatlakoztál a(z) {familyName} családhoz!
user_can_only_belong_to_one_family,A user can only belong to one family at a time. Please leave your current family first in the "Manage Family Members" menu.,Ein Benutzer kann nur einer Familie gleichzeitig angehören. Bitte verlassen Sie zuerst Ihre aktuelle Familie im Menü "Familienmitglieder verwalten".,Egy felhasználó egyszerre csak egy család tagja lehet. Előbb lépj ki a jelenlegi családodból a "Családtagok kezelése" menüpontban.
unknown_error,Unknown error occurred: {error},Unbekannter Fehler ist aufgetreten: {error},Ismeretlen hiba történt: {error}


#naptár

calendar,calendar,Kalender,naptár
calendar_view,calendar view,Kalenderansicht,naptár nézet
events,events,Ereignisse,események
no_events,no events,Keine Ereignisse,nincsenek események
event_details,event details,Ereignisdetails,esemény részletei
calendar_month_view,month view,Monatsansicht,havi nézet
calendar_week_view,week view,Wochenansicht,heti nézet
calendar_day_view,day view,Tagesansicht,napi nézet
calendar_timeline_view,timeline view,Timeline-Ansicht,idővonalas nézet
calendar_filter_all,all,alle,minden
calendar_filter_private,private,privat,privát
calendar_filter_family,family,Familie,családi
calendar_filter_completed,completed,abgeschlossen,befejezett
calendar_filter_pending,pending,ausstehend,függőben
calendar_filter_overdue,overdue,überfällig,lejárt
calendar_filter_today,today,heute,mai
due_tasks,due tasks,fällige Aufgaben,esedékes feladatok
overdue_tasks,overdue tasks,überfällige Aufgaben,lejárt feladatok
completed_tasks,completed tasks,abgeschlossene Aufgaben,befejezett feladatok
today_tasks,today's tasks,heutige Aufgaben,mai feladatok
sync_calendar,sync calendar,Kalender synchronisieren,naptár szinkronizálása
calendar_offline,calendar offline,Kalender offline,naptár offline
manual_refresh,manual refresh,manuelle Aktualisierung,manuális frissítés
pull_to_refresh,pull to refresh,zum Aktualisieren ziehen,húzza le a frissítéshez
syncing,syncing,synchronisiere,szinkronizálás
last_synced,last synced,zuletzt synchronisiert,utolsó szinkronizálás
calendar_cache_loading,loading calendar,Kalender wird geladen,naptár betöltése
calendar_cache_offline,offline data,Offline-Daten,offline adatok
calendar_cache_synced,synced,synchronisiert,szinkronizálva
calendar_cache_error,loading error,Ladefehler,betöltési hiba
previous_month,previous month,vorheriger Monat,előző hónap
next_month,next month,nächster Monat,következő hónap
today_button,today,heute,ma
go_to_date,go to date,zu Datum springen,ugrás dátumra
event_title,event title,Ereignistitel,esemény címe
event_date,event date,Ereignisdatum,esemény dátuma
event_time,event time,Ereigniszeit,esemény ideje
event_priority,priority,Priorität,prioritás
event_category,category,Kategorie,kategória
event_assignee,assignee,Verantwortlicher,felelős
event_status,status,Status,állapot
event_description,description,Beschreibung,leírás
priority_high,high,hoch,magas
priority_medium,medium,mittel,közepes
priority_low,low,niedrig,alacsony
calendar_error_load,error loading calendar,Fehler beim Laden des Kalenders,hiba a naptár betöltésekor
calendar_error_sync,sync error,Synchronisierungsfehler,szinkronizálási hiba
calendar_no_connection,no internet connection,keine Internetverbindung,nincs internetkapcsolat
calendar_retry,retry,erneut versuchen,újrapróbálkozás
morning,morning,Morgen,reggel
afternoon,afternoon,Nachmittag,délután
evening,evening,Abend,este
night,night,Nacht,éjjel
all_day,all day,ganztägig,egész nap
group_by_category,group by category,nach Kategorie gruppieren,csoportosítás kategória szerint
group_by_priority,group by priority,nach Priorität gruppieren,csoportosítás prioritás szerint
group_by_assignee,group by assignee,nach Verantwortlichem gruppieren,csoportosítás felelős szerint
group_by_status,group by status,nach Status gruppieren,csoportosítás állapot szerint
no_grouping,no grouping,keine Gruppierung,nincs csoportosítás
search_events,search events,Ereignisse suchen,események keresése
search_placeholder,search...,suchen...,keresés...
search_results,search results,Suchergebnisse,keresési eredmények
no_search_results,no results found,keine Ergebnisse gefunden,nincs találat
calendar_settings,calendar settings,Kalender-Einstellungen,naptár beállítások
show_weekends,show weekends,Wochenenden anzeigen,hétvégék megjelenítése
week_starts_monday,week starts on Monday,Woche beginnt am Montag,hét hétfőn kezdődik
show_completed,show completed tasks,abgeschlossene Aufgaben anzeigen,befejezett feladatok megjelenítése
auto_sync,auto sync,automatische Synchronisation,automatikus szinkronizálás
sync_status_idle,Üresjárat,Leerlauf,Idle
sync_status_syncing,Szinkronizálás,Synchronisierung,Syncing
sync_status_success,Sikeres,Erfolgreich,Success
sync_status_error,Hiba,Fehler,Error
sync_status_offline,Offline,Offline,Offline
sync_synchronized,Szinkronizálva,Synchronisiert,Synchronized
sync_syncing,Szinkronizálás...,Synchronisierung...,Syncing...
sync_updated,Frissítve,Aktualisiert,Updated
sync_error,Szinkronizálási hiba,Synchronisierungsfehler,Sync error
sync_offline_mode,Offline mód,Offline-Modus,Offline mode
refresh_state_idle,Üresjárat,Leerlauf,Idle
refresh_state_refreshing,Frissítés,Aktualisierung,Refreshing
refresh_state_success,Sikeres,Erfolgreich,Success
refresh_state_error,Hiba,Fehler,Error
manual_refresh,Manuális frissítés,Manuelle Aktualisierung,Manual refresh
pull_to_refresh,Húzza le a frissítéshez,Zum Aktualisieren ziehen,Pull to refresh
refresh_now,Frissítés most,Jetzt aktualisieren,Refresh now
quick_refresh,Gyors frissítés,Schnelle Aktualisierung,Quick refresh
full_refresh,Teljes frissítés,Vollständige Aktualisierung,Full refresh
background_refresh,Háttér frissítés,Hintergrund-Aktualisierung,Background refresh
last_sync,Utolsó szinkronizálás,Letzte Synchronisation,Last sync
never_synced,Soha,Nie,Never
just_now,Most,Gerade eben,Just now
seconds_ago,{0}s ezelőtt,vor {0}s,{0}s ago
minutes_ago,{0}m ezelőtt,vor {0}m,{0}m ago
hours_ago,{0}ó ezelőtt,vor {0}h,{0}h ago
days_ago,{0}n ezelőtt,vor {0}d,{0}d ago
network_online,Online,Online,Online
network_offline,Offline,Offline,Offline
no_internet_connection,Nincs internetkapcsolat,Keine Internetverbindung,No internet connection
connection_restored,Kapcsolat helyreállt,Verbindung wiederhergestellt,Connection restored
sync_failed,Szinkronizálás sikertelen,Synchronisation fehlgeschlagen,Sync failed
refresh_failed,Frissítés sikertelen,Aktualisierung fehlgeschlagen,Refresh failed
cannot_sync_offline,Offline módban nem lehet szinkronizálni,Synchronisation im Offline-Modus nicht möglich,Cannot sync in offline mode
retry_when_online,Újrapróbálás online módban,Bei Online-Verbindung wiederholen,Retry when online
cache_loading,Betöltés cache-ből,Laden aus Cache,Loading from cache
cache_offline_data,Offline adatok,Offline-Daten,Offline data
cache_synced_data,Szinkronizált adatok,Synchronisierte Daten,Synced data
cache_stale_data,Elavult adatok,Veraltete Daten,Outdated data
pending_changes,Függőben lévő változások,Ausstehende Änderungen,Pending changes
no_pending_changes,Nincs függőben lévő változás,Keine ausstehenden Änderungen,No pending changes
changes_count,{0} változás,{0} Änderungen,{0} changes
sync_pending_changes,Függőben lévő változások szinkronizálása,Ausstehende Änderungen synchronisieren,Sync pending changes
invalidation_sync_change,Szinkronizálási állapot változott,Synchronisationsstatus geändert,Sync status changed
invalidation_manual_refresh,Manuális frissítés aktiválva,Manuelle Aktualisierung ausgelöst,Manual refresh triggered
invalidation_date_change,Dátum változott,Datum geändert,Date changed
invalidation_view_change,Nézet típus változott,Ansichtstyp geändert,View type changed
invalidation_network_change,Hálózati állapot változott,Netzwerkstatus geändert,Network status changed
invalidation_background_refresh,Háttér frissítés,Hintergrund-Aktualisierung,Background refresh
tap_to_refresh,Érintsd meg a frissítéshez,Zum Aktualisieren tippen,Tap to refresh
sync_in_progress,Szinkronizálás folyamatban,Synchronisation läuft,Sync in progress
sync_completed,Szinkronizálás befejezve,Synchronisation abgeschlossen,Sync completed
offline_mode_active,Offline mód aktív,Offline-Modus aktiv,Offline mode active
sync_performance,Szinkronizálási teljesítmény,Synchronisationsleistung,Sync performance
invalidation_events,Invalidálási események,Invalidierungsereignisse,Invalidation events
cache_warming,Cache melegítés,Cache-Aufwärmung,Cache warming
background_operations,Háttér műveletek,Hintergrundoperationen,Background operations
force_sync,Szinkronizálás kényszerítése,Synchronisation erzwingen,Force sync
simulate_offline,Offline szimuláció,Offline simulieren,Simulate offline
restore_online,Online visszaállítás,Online wiederherstellen,Restore online
clear_events,Események törlése,Ereignisse löschen,Clear events
auto_sync,Automatikus szinkronizálás,Automatische Synchronisation,Auto sync
sync_frequency,Szinkronizálási gyakoriság,Synchronisationsfrequenz,Sync frequency
background_sync,Háttér szinkronizálás,Hintergrund-Synchronisation,Background sync
sync_on_startup,Induláskor szinkronizálás,Synchronisation beim Start,Sync on startup
event_details,Event details,Event-Details,Esemény részletei
event_card_tap_to_view,Tap to view details,Tippen für Details,Koppints a részletekért
event_card_offline_data,Offline data,Offline-Daten,Offline adat
event_card_synced_data,Synced data,Synchronisierte Daten,Szinkronizált adat
event_card_pending_sync,Pending sync,Synchronisation ausstehend,Szinkronizálásra vár
completion_percentage,Completion percentage,Fertigstellungsgrad,Befejezés százaléka
due_date,Due date,Fälligkeitsdatum,Határidő
created_date,Created,Erstellt,Létrehozva
completed_date,Completed,Abgeschlossen,Befejezve
task_status,Task status,Aufgabenstatus,Feladat állapot
task_overdue,Overdue,Überfällig,Lejárt
task_due_today,Due today,Heute fällig,Ma van a határideje
task_in_progress,In progress,In Bearbeitung,Folyamatban
task_completed,Completed,Abgeschlossen,Befejezett
task_private,Private,Privat,Privát
task_family,Family,Familie,Családi
edit_event,Edit event,Ereignis bearbeiten,Esemény szerkesztése
close_modal,Close,Schließen,Bezárás
view_task_details,View task details,Aufgabendetails anzeigen,Feladat részletei
sync_info,Sync information,Synchronisationsinformationen,Szinkronizációs információ
pending_changes_count,Pending changes,Ausstehende Änderungen,Függőben lévő változások
last_sync_time,Last sync,Letzte Synchronisation,Utolsó szinkronizálás
cache_status,Cache status,Cache-Status,Cache állapot
network_status,Network status,Netzwerkstatus,Hálózati állapot
offline_indicator,Offline indicator,Offline-Anzeige,Offline jelző
priority_indicator,Priority indicator,Prioritätsanzeige,Prioritás jelző
category_color,Category color,Kategoriefarbe,Kategória szín
progress_indicator,Progress indicator,Fortschrittsanzeige,Haladás jelző
today_short,Today,Heute,Ma
tomorrow_short,Tomorrow,Morgen,Holnap
yesterday_short,Yesterday,Gestern,Tegnap
this_week,This week,Diese Woche,Ezen a héten
next_week,Next week,Nächste Woche,Jövő héten
last_week,Last week,Letzte Woche,Múlt héten
monday_short,Monday,Montag,Hétfő
tuesday_short,Tuesday,Dienstag,Kedd
wednesday_short,Wednesday,Mittwoch,Szerda
thursday_short,Thursday,Donnerstag,Csütörtök
friday_short,Friday,Freitag,Péntek
saturday_short,Saturday,Samstag,Szombat
sunday_short,Sunday,Sonntag,Vasárnap
jan_short,Jan,Jan,Jan
feb_short,Feb,Feb,Feb
mar_short,Mar,Mär,Már
apr_short,Apr,Apr,Ápr
may_short,May,Mai,Máj
jun_short,Jun,Jun,Jún
jul_short,Jul,Jul,Júl
aug_short,Aug,Aug,Aug
sep_short,Sep,Sep,Sze
oct_short,Oct,Okt,Okt
nov_short,Nov,Nov,Nov
dec_short,Dec,Dez,Dec
event_tags,Tags,Tags,Címkék
no_description,No description,Keine Beschreibung,Nincs leírás
no_category,No category,Keine Kategorie,Kategória nélkül
no_assignee,No assignee,Kein Verantwortlicher,Nincs felelős
no_tags,No tags,Keine Tags,Nincs címke
loading_event_details,Loading event details,Lade Event-Details,Esemény részletek betöltése
error_loading_event,Error loading event,Fehler beim Laden des Events,Hiba az esemény betöltésekor
retry_load_event,Retry loading,Erneut versuchen,Újrapróbálás
calendar_month_view,Month,Monat,Hónap
calendar_week_view,Week,Woche ,Hét
calendar_day_view,Day,Tag,Nap
calendar_timeline_view,Timeline,Zeitlinie,Idősor
calendar_today_button,Today,Heute,Ma
calendar_refresh,Refresh,Aktualisieren,Frissítés
calendar_settings,Settings,Einstellungen,Beállítások
create_new_event,New event,Neues Ereignis,Új esemény
export,Export,Exportieren,Exportálás
switching_to_month_view,Switching to month view,Wechsel zur Monatsansicht,Váltás havi nézetre
switching_to_week_view,Switching to week view,Wechsel zur Wochenansicht,Váltás heti nézetre
switching_to_day_view,Switching to day view,Wechsel zur Tagesansicht,Váltás napi nézetre
switching_to_timeline_view,Switching to timeline view,Wechsel zur Zeitlinienansicht,Váltás idővonal nézetre
navigating_to_today,Going to today,Zum heutigen Tag springen,Ugrás a mai napra
calendar_navigation_previous,Previous,Vorherige,Előző
calendar_navigation_next,Next,Nächste,Következő
monthly_summary,Monthly Summary,Monatliche Zusammenfassung,Havi Összesítő
weekly_summary,Weekly Summary,Wöchentliche Zusammenfassung,Heti Összesítő
daily_summary,Daily Summary,Tägliche Zusammenfassung,Napi Összesítő
timeline_summary,Timeline Summary,Zeitlinien Zusammenfassung,Idővonalas Összesítő
events_completed,Completed,Abgeschlossen,Befejezett
events_in_progress,In Progress,In Bearbeitung,Folyamatban
events_high_priority,High Priority,Hohe Priorität,Magas prioritás
events_total,Total Events,Gesamt Ereignisse,Összes esemény
quick_action_new_task,New task,Neue Aufgabe,Új feladat
quick_action_go_today,Go to today,Zu heute gehen,Mai napra
quick_action_filter,Filter,Filtern,Szűrés
morning,Morning,Morgen,Reggel
afternoon,Afternoon,Nachmittag,Délután
evening,Evening,Abend,Este
night,Night,Nacht,Éjszaka
no_events_today,No events today,Keine Ereignisse heute,Nincs esemény ma
no_events_this_week,No events this week,Keine Ereignisse diese Woche,Nincs esemény ezen a héten
no_events_this_month,No events this month,Keine Ereignisse diesen Monat,Nincs esemény ebben a hónapban
no_events_timeline,No events on timeline,Keine Ereignisse auf der Zeitlinie,Nincs esemény az idővonalon
loading_calendar,Loading calendar,Kalender wird geladen,Naptár betöltése
loading_events,Loading events,Ereignisse werden geladen,Események betöltése
loading_view,Loading view,Ansicht wird geladen,Nézet betöltése
calendar_load_error,Error loading calendar,Fehler beim Laden des Kalenders,Hiba a naptár betöltésekor
calendar_sync_error,Sync error,Synchronisierungsfehler,Szinkronizálási hiba
calendar_network_error,Network error,Netzwerkfehler,Hálózati hiba
month_view_description,Display full month,Ganzen Monat anzeigen,Teljes hónap megjelenítése
week_view_description,Display one week,Eine Woche anzeigen,Egy hét megjelenítése
day_view_description,Display detailed day,Detaillierten Tag anzeigen,Egy nap részletes megjelenítése
timeline_view_description,Events in chronological order,Ereignisse in chronologischer Reihenfolge,Események kronológiai sorrendben
today_label,Today,Heute,Ma
tomorrow_label,Tomorrow,Morgen,Holnap
yesterday_label,Yesterday,Gestern,Tegnap
this_week,This week,Diese Woche,Ezen a héten
next_week,Next week,Nächste Woche,Jövő héten
last_week,Last week,Letzte Woche,Múlt héten
calendar_go_previous,Previous period,Vorheriger Zeitraum,Előző időszak
calendar_go_next,Next period,Nächster Zeitraum,Következő időszak
calendar_select_date,Select date,Datum auswählen,Dátum kiválasztása
view_event_details,View event details,Ereignisdetails anzeigen,Esemény részletei
edit_event,Edit event,Ereignis bearbeiten,Esemény szerkesztése
delete_event,Delete event,Ereignis löschen,Esemény törlése
mark_completed,Mark completed,Als abgeschlossen markieren,Befejezettnek jelölés
calendar_accessibility_month,Monthly calendar view,Monatliche Kalenderansicht,Havi naptár nézet
calendar_accessibility_week,Weekly calendar view,Wöchentliche Kalenderansicht,Heti naptár nézet
calendar_accessibility_day,Daily calendar view,Tägliche Kalenderansicht,Napi naptár nézet
calendar_accessibility_timeline,Timeline calendar view,Zeitlinien Kalenderansicht,Idővonalas naptár nézet
category_created_by,Created by: {name},Erstellt von: {name},Létrehozta: {name}
category_edit_no_permission,Only the creator or family administrator can edit this category,Nur der Ersteller oder Familienadministrator kann diese Kategorie bearbeiten,Csak a létrehozó vagy családi adminisztrátor szerkesztheti ezt a kategóriát
category_delete_no_permission,Only the creator or family administrator can delete this category,Nur der Ersteller oder Familienadministrator kann diese Kategorie löschen,Csak a létrehozó vagy családi adminisztrátor törölheti ezt a kategóriát
category_permission_denied,Permission denied,Berechtigung verweigert,Nincs jogosultság
category_admin_or_creator_only,Only parent or creator can modify,Nur Elternteil oder Ersteller kann ändern,Csak szülő vagy létrehozó módosíthatja

databaseUnavailable,The server is currently unavailable. Please try again later.,Der Server ist derzeit nicht verfügbar. Bitte versuchen Sie es später erneut.,A szerver jelenleg nem elérhető. Kérjük próbálja meg később.
networkOfflineError,No internet connection. Please check your network settings.,Keine Internetverbindung. Bitte überprüfen Sie Ihre Netzwerkeinstellungen.,Nincs internetkapcsolat. Ellenőrizze a hálózati beállításokat.
authenticationError,Authentication error. Please check your credentials.,Authentifizierungsfehler. Bitte überprüfen Sie Ihre Anmeldedaten.,Bejelentkezési hiba. Ellenőrizze az adatokat.
connectionTimeout,Connection timed out. Please try again.,Verbindung unterbrochen. Bitte versuchen Sie es erneut.,A kapcsolat időtúllépés miatt megszakadt. Próbálja újra.
loginGeneralError,An error occurred during login. Please try again.,Ein Fehler ist bei der Anmeldung aufgetreten. Bitte versuchen Sie es erneut.,Hiba történt a bejelentkezés során. Próbálja újra.
errorDetails,Error Details,Fehlerdetails,Hiba részletei
errorCategory,Category,Kategorie,Kategória
debugInfo,Debug,Debug,Debug
originalErrorLabel,Original error,Ursprünglicher Fehler,Eredeti hiba
closeDialog,Close,Schließen,Bezárás


calendar_selected_date,Selected date,Ausgewähltes Datum,Kiválasztott dátum
calendar_today_button,Today,Heute,Mai nap
calendar_refresh,Refresh,Aktualisieren,Frissítés
calendar_tasks_for_day,Tasks - {date},Aufgaben - {date},Feladatok - {date}
calendar_no_tasks,No tasks on this day,Keine Aufgaben an diesem Tag,Nincsenek feladatok ezen a napon
calendar_offline_no_tasks,No tasks in offline mode,Keine Aufgaben im Offline-Modus,Offline módban nincsenek feladatok
calendar_offline_banner,Offline mode - Calendar data limited,Offline-Modus - Kalenderdaten begrenzt,Offline mód - Naptár adatok korlátozottak
calendar_offline_action_blocked,This feature is unavailable in offline mode,Diese Funktion ist im Offline-Modus nicht verfügbar,Offline módban ez a funkció nem elérhető


# Register page általános
registerTitle,Regisztráció,Register,Registrieren
registerAndJoin,Regisztráció és csatlakozás,Register and Join,Registrieren und Beitreten

# Meghívó kód
inviteCode,Meghívó kód,Invite Code,Einladungscode
inviteCodeHint,Add meg a kapott meghívó kódot,Enter the invite code you received,Geben Sie den erhaltenen Einladungscode ein
inviteCodeRequired,A meghívó kód nem lehet üres,Invite code cannot be empty,Einladungscode darf nicht leer sein
invalidInviteCode,Érvénytelen meghívó kód: {error},Invalid invite code: {error},Ungültiger Einladungscode: {error}
invalidInviteCodeMessage,Érvénytelen meghívó kód,Invalid invite code,Ungültiger Einladungscode
inviteCodeExpired,Ez a meghívó kód már nem érvényes,This invite code is no longer valid,Dieser Einladungscode ist nicht mehr gültig
inviteCheckError,Hiba történt a meghívó ellenőrzése közben,Error checking invite code,Fehler beim Überprüfen des Einladungscodes
checkInvite,Ellenőrzés,Check,Prüfen
joiningFamily,Csatlakozás: {familyName},Joining: {familyName},Beitritt: {familyName}

# Családhoz csatlakozás
joinFamilyWithInvite,Csatlakozás családhoz meghívó kóddal,Join family with invite code,Mit Einladungscode zur Familie beitreten
familyJoinSuccess,Sikeresen csatlakoztál a családhoz!,Successfully joined the family!,Erfolgreich der Familie beigetreten!
familyJoinError,Hiba a családhoz csatlakozás során: {error},Error joining family: {error},Fehler beim Beitritt zur Familie: {error}

# Hibaüzenetek
profileCreationError,Hiba a felhasználói fiók létrehozásakor. Kérjük próbálja meg újra más email címmel.,Error creating user account. Please try again with a different email.,Fehler beim Erstellen des Benutzerkontos. Bitte versuchen Sie es mit einer anderen E-Mail erneut.
registrationError,Regisztrációs hiba,Registration error,Registrierungsfehler
emailAlreadyRegistered,Ez az email cím már regisztrálva van. Kérjük jelentkezz be!,This email address is already registered. Please log in!,Diese E-Mail-Adresse ist bereits registriert. Bitte melde dich an!

# Egyéb
fullNameHint,Teljes neved (opcionális),Your full name (optional),Ihr vollständiger Name (optional)

myTasksOffline,My Tasks (Offline),Meine Aufgaben (Offline),Saját feladatok (Offline)
offlineModeOnlyCached,Offline mode - Only cached data available,Offline-Modus - Nur zwischengespeicherte Daten verfügbar,Offline mód - Csak cache-elt adatok érhetők el
offlineModeTasksReadonly,Tasks cannot be modified in offline mode,Aufgaben können im Offline-Modus nicht geändert werden,Offline módban a feladatok állapota nem módosítható
errorOccurred,An error occurred,Ein Fehler ist aufgetreten,Hiba történt
active,Active,Aktiv,Aktív
hidden,Hidden,Versteckt,Rejtett
hiddenCompleted,hidden completed,versteckte abgeschlossene,rejtett befejezett
inactive,INACTIVE,INAKTIV,INAKTÍV
today,Today,Heute,Ma
tomorrow,Tomorrow,Morgen,Holnap
yesterday,Yesterday,Gestern,Tegnap
daysAgo,{count} days ago,vor {count} Tagen,{count} napja lejárt
daysFromNow,in {count} days,in {count} Tagen,{count} nap múlva
noTasksToDisplay,No tasks to display,Keine Aufgaben anzuzeigen,Nincs megjeleníthető feladat
unnamedTask,Unnamed task,Unbenannte Aufgabe,Névtelen feladat
advancedFilters,Advanced Filters,Erweiterte Filter,Részletes szűrők
showCompleted,Show completed,Zeige abgeschlossene,Befejezettek mutatása
hideCompleted,Hide completed,Verberge abgeschlossene,Befejezettek elrejtése
sortBy,Sort by,Sortieren nach,Rendezés
sortByName,Name,Name,Név
sortByDueDate,Due date,Fälligkeitsdatum,Határidő
sortByPriority,Priority,Priorität,Prioritás

offlineModeTitle,Offline Mode,Offline-Modus,Offline mód
offlineModeRefreshUnavailable,Refresh is not available in offline mode,Aktualisierung ist im Offline-Modus nicht verfügbar,Offline módban a frissítés nem elérhető
offlineModeWarning,Offline Mode Warning,Offline-Modus Warnung,Offline mód figyelmeztetés
offlineModeLogoutConfirm,You are in offline simulation mode. Are you sure you want to log out?,Sie befinden sich im Offline-Simulationsmodus. Möchten Sie sich wirklich abmelden?,Offline szimulációs módban vagy. Biztosan ki szeretnél jelentkezni?
offlineModeNavigationLimited,Offline mode - Navigation available but limited functionality,Offline-Modus - Navigation verfügbar aber eingeschränkte Funktionalität,Offline mód - Navigáció elérhető de korlátozott funkciók


offlineModeTitle,Offline Mode,Offline-Modus,Offline mód
offlineModeRefreshUnavailable,Refresh is not available in offline mode,Aktualisierung ist im Offline-Modus nicht verfügbar,Offline módban a frissítés nem elérhető
offlineModeWarning,Offline Mode Warning,Offline-Modus Warnung,Offline mód figyelmeztetés
offlineModeLogoutConfirm,You are in offline simulation mode. Are you sure you want to log out?,Sie befinden sich im Offline-Simulationsmodus. Möchten Sie sich wirklich abmelden?,Offline szimulációs módban vagy. Biztosan ki szeretnél jelentkezni?
offlineModeNavigationLimited,Offline mode - Navigation available but limited functionality,Offline-Modus - Navigation verfügbar aber eingeschränkte Funktionalität,Offline mód - Navigáció elérhető de korlátozott funkciók
categories,Categories,Kategorien,Kategóriák
offlineModeActive,Offline mode active,Offline-Modus aktiv,Offline mód aktív
cachedDataDisplay,Showing cached data,Zwischengespeicherte Daten anzeigen,Cache-elt adatok megjelenítése
noCategoriesFound,No categories found,Keine Kategorien gefunden,Nincs kategória
createFirstCategory,Create your first category,Erstelle deine erste Kategorie,Hozd létre az első kategóriádat
newCategory,New Category,Neue Kategorie,Új kategória
editCategory,Edit Category,Kategorie bearbeiten,Kategória szerkesztése
categoryName,Category name,Kategoriename,Kategória neve
enterCategoryName,Enter category name,Kategoriename eingeben,Írd be a kategória nevét
optionalDescription,Optional description,Optionale Beschreibung,Opcionális leírás
makePrivate,Make private,Privat machen,Legyen privát
categoryColor,Category color,Kategoriefarbe,Kategória színe
activeTasks,Active tasks,Aktive Aufgaben,Aktív feladatok
completedTasks,Completed tasks,Abgeschlossene Aufgaben,Befejezett feladatok
deleteCategory,Delete category,Kategorie löschen,Kategória törlése
deleteCategoryConfirm,Are you sure you want to delete "{name}" category?,Möchten Sie die Kategorie "{name}" wirklich löschen?,Biztosan törölni szeretnéd a "{name}" kategóriát?
categoryCreated,Category created,Kategorie erstellt,Kategória létrehozva
categoryUpdated,Category updated,Kategorie aktualisiert,Kategória frissítve
categoryDeleted,Category deleted,Kategorie gelöscht,Kategória törölve
noPermissionEditCategory,You don't have permission to edit this category,Sie haben keine Berechtigung diese Kategorie zu bearbeiten,Nincs jogosultságod szerkeszteni ezt a kategóriát
cannotMakePrivate,Cannot make private,Kann nicht privat gemacht werden,Nem tehető privattá
categoryContainsPublicTasks,This category contains public tasks. Move or make them private first.,Diese Kategorie enthält öffentliche Aufgaben. Verschieben oder privat machen Sie sie zuerst.,Ez a kategória nyilvános feladatokat tartalmaz. Először ezeket privattá kell tenni vagy át kell helyezni őket másik kategóriába.
offlineNoOperations,Operations not available in offline mode,Operationen im Offline-Modus nicht verfügbar,Offline módban a műveletek nem elérhetők
offlineViewOnly,View only mode,Nur Ansichtsmodus,Csak megtekintés módban
selectCategoryToEdit,Select a category to edit,Wählen Sie eine Kategorie zum Bearbeiten,Válassz kategóriát a szerkesztéshez
invalidNumber,Invalid number,Ungültige Nummer,Érvénytelen szám
description,Description,Beschreibung,Leírás
sortOrder,Sort order,Sortierreihenfolge,Sorrend


calendar,Calendar,Kalender,Naptár
calendarView,Calendar view,Kalenderansicht,Naptár nézet
events,Events,Ereignisse,Események
noEvents,No events,Keine Ereignisse,Nincsenek események
eventDetails,Event details,Ereignisdetails,Esemény részletei
calendarMonthView,Month,Monat,Hónap
calendarWeekView,Week,Woche,Hét
calendarDayView,Day,Tag,Nap
calendarTimelineView,Timeline,Zeitlinie,Idővonal

// Hónapnevek
monthJanuary,January,Januar,Január
monthFebruary,February,Februar,Február
monthMarch,March,März,Március
monthApril,April,April,Április
monthMay,May,Mai,Május
monthJune,June,Juni,Június
monthJuly,July,Juli,Július
monthAugust,August,August,Augusztus
monthSeptember,September,September,Szeptember
monthOctober,October,Oktober,Október
monthNovember,November,November,November
monthDecember,December,Dezember,December

// Rövid hónapnevek
monthJanShort,Jan,Jan,Jan
monthFebShort,Feb,Feb,Feb
monthMarShort,Mar,Mär,Már
monthAprShort,Apr,Apr,Ápr
monthMayShort,May,Mai,Máj
monthJunShort,Jun,Jun,Jún
monthJulShort,Jul,Jul,Júl
monthAugShort,Aug,Aug,Aug
monthSepShort,Sep,Sep,Sze
monthOctShort,Oct,Okt,Okt
monthNovShort,Nov,Nov,Nov
monthDecShort,Dec,Dez,Dec

// Napok
dayMonday,Monday,Montag,Hétfő
dayTuesday,Tuesday,Dienstag,Kedd
dayWednesday,Wednesday,Mittwoch,Szerda
dayThursday,Thursday,Donnerstag,Csütörtök
dayFriday,Friday,Freitag,Péntek
daySaturday,Saturday,Samstag,Szombat
daySunday,Sunday,Sonntag,Vasárnap

// Rövid napnevek
dayMonShort,Mon,Mo,H
dayTueShort,Tue,Di,K
dayWedShort,Wed,Mi,Sze
dayThuShort,Thu,Do,Cs
dayFriShort,Fri,Fr,P
daySatShort,Sat,Sa,Szo
daySunShort,Sun,So,V

// Dátumválasztó
selectDate,Select date,Datum auswählen,Dátum kiválasztása
selectYear,Select year,Jahr auswählen,Év kiválasztása
selectMonth,Select month,Monat auswählen,Hónap kiválasztása
selectDay,Select day,Tag auswählen,Nap kiválasztása
jumpToDate,Jump to date,Zum Datum springen,Ugrás dátumhoz
goToToday,Go to today,Zu heute gehen,Ugrás a mai napra
year,Year,Jahr,Év
month,Month,Monat,Hónap
day,Day,Tag,Nap

profileImageSection,Profile Picture,Profilbild,Profilkép
premiumSubscription,Premium Subscription,Premium-Abonnement,Prémium előfizetés
activeSubscription,Active Subscription,Aktives Abonnement,Aktív előfizetés
unlockAllFeatures,Unlock all features,Alle Funktionen freischalten,Használd ki az összes funkciót
developerTools,Developer Tools,Entwickler-Tools,Fejlesztői Eszközök
offlineModeNoSave,Cannot save in offline mode,Im Offline-Modus kann nicht gespeichert werden,Offline módban nem menthető

families,Families,Familien,Családok
familiesManagement,Family Management,Familienverwaltung,Családok kezelése
offlineFamiliesManagement,Offline Family Management,Offline Familienverwaltung,Offline családok kezelése
offlineModeViewOnly,Offline mode - View only mode no modifications possible,Offline-Modus - Nur Ansichtsmodus keine Änderungen möglich,Offline mód - Csak megtekintési mód módosítások nem lehetségesek
noFamilyYet,You don't have a family yet. Create one or join an existing one!,Du hast noch keine Familie. Erstelle eine oder tritt einer bestehenden bei!,Még nincs családod. Hozz létre egyet vagy csatlakozz egy meglévőhöz!
offlineNoFamilies,No families available in offline mode,Im Offline-Modus sind keine Familien verfügbar,Offline módban nincsenek elérhető családok
familySettings,Family Settings,Familieneinstellungen,Család beállítások
familySettingsDesc,Manage family settings,Familieneinstellungen verwalten,Család beállításainak kezelése
familyMembersManagement,Member and Permission Management,Mitglieder- und Berechtigungsverwaltung,Tagok és jogosultságok kezelése
familyEditPageTitle,Edit Family,Familie bearbeiten,Család szerkesztése
familyEditPageTitleOffline,Offline Family Edit,Offline Familienbearbeitung,Offline család szerkesztés
offlineModeViewOnly,Offline mode - View only cached data,Offline-Modus - Nur zwischengespeicherte Daten anzeigen,Offline mód - Csak cache-elt adatok és megtekintés
offlineNotAvailable,Not available in offline mode,Im Offline-Modus nicht verfügbar,Offline módban nem elérhető
offlineFamilyNotAvailable,Family not available in offline mode,Familie im Offline-Modus nicht verfügbar,Offline módban a család nem elérhető
familyNotFound,Family not found,Familie nicht gefunden,A család nem található
offlineSettingsCannotModify,Settings cannot be modified in offline mode,Einstellungen können im Offline-Modus nicht geändert werden,Offline módban a beállítások nem módosíthatók
offlineFamilyCannotSave,Family settings cannot be saved in offline mode,Familieneinstellungen können im Offline-Modus nicht gespeichert werden,Offline módban a család beállítások nem menthetők
offlineOperationsNotAvailable,Operations not available in offline mode,Vorgänge im Offline-Modus nicht verfügbar,Offline módban a műveletek nem elérhetők
offlineViewOnlyLabel,View only,Nur anzeigen,Csak megtekintés módban
offlineCachedData,Cached data,Zwischengespeicherte Daten,Cache-elt adatok
familyBasicInfo,Basic Information,Grundinformationen,Alapadatok
familyBasicInfoOffline,Basic Information (Cached),Grundinformationen (Zwischengespeichert),Alapadatok (Cache-elt adatok)
familyNameLabel,Family Name,Familienname,Család neve
familyNameHint,Enter family name,Familiennamen eingeben,Add meg a család nevét
familyNameRequired,Family name is required,Familienname ist erforderlich,A család neve kötelező
familyDescriptionLabel,Description,Beschreibung,Leírás
familyDescriptionHint,Enter family description (optional),Familienbeschreibung eingeben (optional),Add meg a család leírását (opcionális)
familyCreatedAt,Created,Erstellt,Létrehozva
familyInviteCode,Invite Code,Einladungscode,Meghívó kód
familyMaxMembers,Maximum Members,Maximale Mitglieder,Maximális tagok száma
familyPrivacySettings,Privacy Settings,Datenschutzeinstellungen,Adatvédelmi beállítások
familyPrivacySettingsOffline,Privacy Settings (View only),Datenschutzeinstellungen (Nur anzeigen),Adatvédelmi beállítások (Csak megtekintés módban)
familyAllowMemberInvites,Members can invite new members,Mitglieder können neue Mitglieder einladen,Tagok meghívhatnak új tagokat
familyShowMemberActivity,Show member activity,Mitgliederaktivität anzeigen,Tagok aktivitásának megjelenítése
familyDefaultTodoVisibility,Default task visibility,Standard-Aufgabensichtbarkeit,Alapértelmezett feladat láthatóság
familyNotificationSettings,Notification Settings,Benachrichtigungseinstellungen,Értesítési beállítások
familyNotificationSettingsOffline,Notification Settings (View only),Benachrichtigungseinstellungen (Nur anzeigen),Értesítési beállítások (Csak megtekintés módban)
familyNotifyNewMember,New member joined,Neues Mitglied beigetreten,Új tag csatlakozott
familyNotifyMemberLeft,Member left,Mitglied ist gegangen,Tag kilépett
familyNotifyTodoAssigned,Task assigned,Aufgabe zugewiesen,Feladat hozzárendelve
familyNotifyTodoCompleted,Task completed,Aufgabe abgeschlossen,Feladat elvégezve
familyTodoSettings,Task Settings,Aufgabeneinstellungen,Feladat beállítások
familyTodoSettingsOffline,Task Settings (View only),Aufgabeneinstellungen (Nur anzeigen),Feladat beállítások (Csak megtekintés módban)
familyAutoArchiveDays,Auto-archive (days),Automatisches Archivieren (Tage),Automatikus archiválás (nap)
familyAllowMemberReassign,Members can reassign tasks,Mitglieder können Aufgaben neu zuweisen,Tagok átadhatnak feladatokat
familyRequireCompletionNotes,Completion notes required,Abschlussnotizen erforderlich,Befejezéshez megjegyzés kötelező
familyCalendarSettings,Calendar Settings,Kalendereinstellungen,Naptár beállítások
familyCalendarSettingsOffline,Calendar Settings (View only),Kalendereinstellungen (Nur anzeigen),Naptár beállítások (Csak megtekintés módban)
familyCalendarShowTodos,Show tasks in calendar,Aufgaben im Kalender anzeigen,Feladatok megjelenítése a naptárban
familyCalendarShowBirthdays,Show birthdays,Geburtstage anzeigen,Születésnapok megjelenítése
familyCalendarReminderDefaultTime,Default reminder time,Standard-Erinnerungszeit,Alapértelmezett emlékeztető idő
familySaveButton,Save,Speichern,Mentés
familySuccessfullyUpdated,Family successfully updated,Familie erfolgreich aktualisiert,Család sikeresen frissítve
familyUpdateError,Error occurred: {error},Fehler aufgetreten: {error},Hiba történt: {error}
offlineErrorFamilyDataNotAvailable,Offline mode - Family data not available,Offline-Modus - Familiendaten nicht verfügbar,Offline mód - Család adatok nem érhetők el
selectVisibility,Select Visibility,Sichtbarkeit wählen,Válassz láthatóságot
selectVisibilityOffline,Select Visibility (View only),Sichtbarkeit wählen (Nur anzeigen),Válassz láthatóságot (Csak megtekintés módban)
visibilityFamily,Family,Familie,Családi
visibilityPrivate,Private,Privat,Privát
visibilityPublic,Public,Öffentlich,Nyilvános
selectValue,Select Value,Wert wählen,Válassz értéket
selectValueOffline,Select Value (View only),Wert wählen (Nur anzeigen),Válassz értéket (Csak megtekintés módban)
selectTime,Select Time,Zeit wählen,Idő választás
selectTimeOffline,Select Time (View only),Zeit wählen (Nur anzeigen),Idő választás (Csak megtekintés módban)
offlineTimePickerNotAvailable,Time selection not available in offline mode,Zeitauswahl im Offline-Modus nicht verfügbar,Offline módban az idő választás nem elérhető
close,Close,Schließen,Bezárás
invitesManagement,Invite Management,Einladungsverwaltung,Meghívók kezelése
invitesManagementDesc,Create and manage invites,Einladungen erstellen und verwalten,Meghívók létrehozása és kezelése
offlineNotEditable,Not editable in offline mode,Im Offline-Modus nicht bearbeitbar,Offline módban nem szerkeszthető
offlineNotAvailable,Not available in offline mode,Im Offline-Modus nicht verfügbar,Offline módban nem elérhető
viewOnlyMode,View only mode available,Nur Ansichtsmodus verfügbar,Csak megtekintési mód elérhető
offlineInvites,Offline Invites,Offline Einladungen,Offline meghívók
offlineFamiliesNotAvailable,Families not available in offline mode,Familien im Offline-Modus nicht verfügbar,Offline módban a családok nem érhetők el
offlineFamilySettingsNotEditable,Family settings cannot be edited in offline mode,Familieneinstellungen können im Offline-Modus nicht bearbeitet werden,Offline módban a család beállítások nem szerkeszthetők
offlineInvitesNotAvailable,Invite management not available in offline mode,Einladungsverwaltung im Offline-Modus nicht verfügbar,Offline módban a meghívók kezelése nem elérhető


paywall_title,Premium Subscription,Premium-Abonnement,Prémium Előfizetés
paywall_premium_title,Zumi Premium,Zumi Premium,Zumi Premium
paywall_subtitle,Unlock all features of the app,Nutze alle Funktionen der App,Használd ki az alkalmazás összes funkcióját
paywall_loading_plans,Loading plans...,Pakete werden geladen...,Csomagok betöltése...
paywall_loading_error,Error loading plans,Fehler beim Laden der Pakete,Hiba történt a csomagok betöltésekor
paywall_retry,Retry,Erneut versuchen,Újrapróbálás
paywall_purchase_loading,Purchase in progress...,Kauf läuft...,Vásárlás folyamatban...
paywall_purchase_wait,Please do not close the app,Bitte schließe die App nicht,Kérjük ne zárd be az alkalmazást,
paywall_why_premium,Why Premium?,Warum Premium?,Miért érdemes Prémium?
paywall_no_ads,Ad-free experience,Werbefrei,Reklámmmentesség
paywall_unlimited_tasks,Unlimited tasks,Unbegrenzte Aufgaben,Korlátlan feladatok
paywall_family_sharing,Family sharing,Familienfreigabe,Családi megosztás
paywall_offline_mode,Offline mode,Offline-Modus,Offline mód
paywall_priority_support,Priority support,Vorrangiger Support,Elsőbbségi támogatás
paywall_early_access,Early access to new features,Früher Zugang zu neuen Funktionen,Korai hozzáférés új funkciókhoz
paywall_legal_text,Subscription auto-renews unless cancelled at least 24 hours before the end of the current period. Payment is through your Google Play account. You can manage your subscription in Google Play settings.,Das Abonnement verlängert sich automatisch es sei denn es wird mindestens 24 Stunden vor Ende der aktuellen Periode gekündigt. Die Zahlung erfolgt über Ihr Google Play-Konto. Sie können Ihr Abonnement in den Google Play-Einstellungen verwalten.,Az előfizetés automatikusan megújul hacsak nem mondod le legalább 24 órával a jelenlegi időszak vége előtt. A fizetés a Google Play fiókodon keresztül történik. Az előfizetést a Google Play beállításaiban kezelheted.
paywall_success_title,Successful purchase!,Erfolgreicher Kauf!,Sikeres vásárlás!
paywall_success_message,Thank you for becoming a Premium subscriber! You now have access to all features.,Danke dass Sie Premium-Abonnent geworden sind! Sie haben jetzt Zugriff auf alle Funktionen.,Köszönjük hogy Prémium előfizető lettél! Most már elérheted az összes funkciót.
paywall_success_button,OK,OK,Rendben
paywall_per_month,per month,pro Monat,havonta
paywall_per_year,per year,pro Jahr,évente
paywall_month,month,Monat,hó
paywall_year,year,Jahr,év
paywall_current_plan,Current plan,Aktuelles Paket,Jelenlegi csomag
paywall_savings,Save {percent}%,Spare {percent}%,{percent}% megtakarítás
paywall_offline_banner,Subscription purchase requires internet connection,Abonnement-Kauf erfordert Internetverbindung,Az előfizetés vásárlásához internetkapcsolat szükséges
paywall_offline_features_limited,Features are limited in offline mode,Funktionen sind im Offline-Modus eingeschränkt,A funkciók offline módban korlátozottak


subscription_current,Current subscription,Aktuelles Abonnement,Jelenlegi előfizetésed
subscription_automatic,Automatic,Automatisch,Automatikus
subscription_package,Package,Paket,Csomag
subscription_yearly_premium,Yearly Premium,Jährliches Premium,Éves Prémium
subscription_monthly_premium,Monthly Premium,Monatliches Premium,Havi Prémium
subscription_purchase_date,Purchase date,Kaufdatum,Vásárlás
subscription_expiry_date,Expiry date,Ablaufdatum,Lejárat
subscription_expired,Expired,Abgelaufen,Lejárt
subscription_platform,Platform,Plattform,Platform
subscription_manage,Manage subscription,Abonnement verwalten,Előfizetés kezelése
subscription_days_remaining,{count} days,{count} Tage,{count} nap
subscription_manage_error,Failed to open subscription management,Abonnementverwaltung konnte nicht geöffnet werden,Nem sikerült megnyitni az előfizetés kezelést
subscription_status_active,Active,Aktiv,Aktív
subscription_status_expired,Expired,Abgelaufen,Lejárt
subscription_status_cancelled,Cancelled,Gekündigt,Lemondva
subscription_status_pending,Pending,Ausstehend,Függőben
subscription_status_unknown,Unknown,Unbekannt,Ismeretlen

taskDescription,Description,Beschreibung,Leírás
taskDescriptionHint,Detailed task description,Detaillierte Aufgabenbeschreibung,Feladat részletes leírása
taskDescriptionHintEnter,Enter = save | Shift+Enter = new line,Enter = speichern | Shift+Enter = neue Zeile,Enter = mentés | Shift+Enter = új sor
categoryAutoSetsPrivacy,Category selection automatically sets privacy field,Kategorieauswahl setzt automatisch das Datenschutzfeld,Kategória kiválasztása automatikusan beállítja a privátság mezőt
dueDate,Due Date,Fälligkeitsdatum,Határidő
noDueDate,Not set,Nicht festgelegt,Nincs beállítva
clearDueDate,Clear due date,Fälligkeitsdatum löschen,Határidő törlése
taskPriority,Priority,Priorität,Prioritás
priorityHighLabel,🔴 High priority,🔴 Hohe Priorität,🔴 Magas prioritás
priorityMediumLabel,🟡 Medium priority,🟡 Mittlere Priorität,🟡 Közepes prioritás
priorityLowLabel,🟢 Low priority,🟢 Niedrige Priorität,🟢 Alacsony prioritás
completionPercentage,Completion percentage,Fertigstellungsgrad,Teljesítési százalék
taskStatusLabel,Status,Status,Státusz
statusActiveLabel,Active,Aktiv,Aktív
statusDraftLabel,📝 Draft,📝 Entwurf,📝 Tervezet
statusInProgressLabel,⚙️ In progress,⚙️ In Bearbeitung,⚙️ Folyamatban
statusCompletedLabel,Completed,Abgeschlossen,Befejezett
privateTaskLabel,Private task,Private Aufgabe,Privát feladat
familyTaskLabel,Family task,Familienaufgabe,Családi feladat
visibleOnlyToYou,Only you can see this task,Nur du kannst diese Aufgabe sehen,Csak te láthatod ezt a feladatot
visibleToFamily,All family members can see it,Alle Familienmitglieder können es sehen,A család összes tagja láthatja
autoSetByCategory,💡 This is automatically set based on selected category,💡 Dies wird automatisch basierend auf der ausgewählten Kategorie festgelegt,💡 Ez automatikusan beállítódik a kiválasztott kategória alapján
taskVisibility,Task visibility,Aufgabensichtbarkeit,Feladat láthatósága
visibilityOnlyMe,Visibility: Only me,Sichtbarkeit: Nur ich,Feladat láthatósága: Csak én
visibilityWholeFamily,Visibility: Whole family,Sichtbarkeit: Ganze Familie,Feladat láthatósága: Teljes család
saveChanges,Save changes,Änderungen speichern,Módosítások mentése
createPrivateTask,Create private task,Private Aufgabe erstellen,Privát feladat létrehozása
createFamilyTask,Create family task,Familienaufgabe erstellen,Családi feladat létrehozása
editTask,Edit task,Aufgabe bearbeiten,Feladat szerkesztése
offlineViewEdit,Offline view - Editing,Offline-Ansicht - Bearbeiten,Offline nézet - Szerkesztés
offlineViewNew,Offline view - New task,Offline-Ansicht - Neue Aufgabe,Offline nézet - Új feladat
offlineModeActiveTitle,🚫 Offline mode active,🚫 Offline-Modus aktiv,🚫 Offline mód aktív
offlineTasksNotEditable,Tasks cannot be edited in offline mode. View-only mode available.,Aufgaben können im Offline-Modus nicht bearbeitet werden. Nur Ansichtsmodus verfügbar.,Offline módban a feladatok nem szerkeszthetők. Csak megtekintési mód elérhető el.
offlineNewTasksNotCreated,New tasks cannot be created in offline mode. Connect to the internet.,Neue Aufgaben können im Offline-Modus nicht erstellt werden. Verbinden Sie sich mit dem Internet.,Offline módban új feladatok nem hozhatók létre. Kapcsolódjon az internetre.
editingModeTitle,Editing mode,Bearbeitungsmodus,Szerkesztési mód
editingModeDescription,All fields can be modified commands can be used,Alle Felder können geändert werden Befehle können verwendet werden,Az összes mező módosítható parancsok használhatók
offlineModeReadOnlyTitle,Offline mode - Read-only,Offline-Modus - Nur lesen,Offline mód - Csak olvasható
offlineModeDataViewOnly,Data can only be viewed in offline mode,Daten können im Offline-Modus nur angezeigt werden,Offline módban csak az adatok megtekinthetők
readOnlyModeLabel,Read-only mode,Nur-Lesen-Modus,Csak olvasható mód
commandsHelpTitle,Commands help,Befehlshilfe,Parancsok segítség
commandsEnabled,Command processing enabled,Befehlsverarbeitung aktiviert,Parancs feldolgozás bekapcsolva
commandsDisabled,Command processing disabled,Befehlsverarbeitung deaktiviert,Parancs feldolgozás kikapcsolva
commandsUseHint,You can use commands (#0321 #p1 #%50 #act) - Enter = save,Sie können Befehle verwenden (#0321 #p1 #%50 #act) - Enter = speichern,Használhatsz parancsokat (#0321 #p1 #%50 #act) - Enter = mentés
commandsDisabledHint,Command processing disabled - Enter = save,Befehlsverarbeitung deaktiviert - Enter = speichern,Parancs feldolgozás kikapcsolva - Enter = mentés
taskNameWithCommands,Task name with commands,Aufgabenname mit Befehlen,Feladat neve parancsokkal
taskNameHintWithCommands,Task name... #0321 #p1 #%50 #act (Enter = save),Aufgabenname... #0321 #p1 #%50 #act (Enter = speichern),Feladat neve... #0321 #p1 #%50 #act (Enter = mentés)
privateToPublicAuto,Private category → Task automatically set to private,Private Kategorie → Aufgabe automatisch auf privat gesetzt,Privát kategória → Feladat automatikusan privátra állítva
publicToFamilyAuto,Shared category → Task automatically shared with family,Geteilte Kategorie → Aufgabe automatisch mit Familie geteilt,Megosztott kategória → Feladat automatikusan családdal megosztva
offlineCategoryNotModifiable,Cannot be modified in offline mode,Kann im Offline-Modus nicht geändert werden,Offline módban nem módosítható
offlineDateNotModifiable,Date selection cannot be modified in offline mode,Datumsauswahl kann im Offline-Modus nicht geändert werden,Offline módban a dátumválasztás nem módosítható
enterToSave,Enter = save,Enter = speichern,Enter = mentés
enterCreateCategory,Enter = create category,Enter = Kategorie erstellen,Enter = kategória létrehozás
categoryCreateHelp,Enter = create category,Enter = Kategorie erstellen,Enter = kategória létrehozása
offlineNewCategoryNotCreated,New categories cannot be created in offline mode,Neue Kategorien können im Offline-Modus nicht erstellt werden,Offline módban új kategória nem hozható létre
saving,Saving...,Speichern...,Mentés...

families,Families,Családok,Familien
modules,Modules,Modulok,Module
profile,Profile,Profil,Profil
statistics,Statistics,Statisztikák,Statistiken

dashboard,Dashboard,Dashboard,Irányítópult
tasks_overview,Tasks Overview,Aufgabenübersicht,Feladatok áttekintése
shopping,Shopping,Einkaufen,Bevásárlás
contacts,Contacts,Kontakte,Kapcsolatok
messages,Messages,Nachrichten,Üzenetek
budget,Budget,Budget,Költségvetés
under_development,Under Development,In Entwicklung,Fejlesztés alatt
under_development_message,This feature is currently under development and will be available soon.,Diese Funktion befindet sich derzeit in der Entwicklung und wird in Kürze verfügbar sein.,Ez a funkció jelenleg fejlesztés alatt áll és hamarosan elérhető lesz.

key,en,de,hu
support_tickets,Support,Unterstützung,Támogatás
upcoming_features,Upcoming Features,Kommende Funktionen,Következő fejlesztések
new_support_ticket,New Support Ticket,Neues Support-Ticket,Új támogatási kérés
support_ticket_type,Ticket Type,Ticket-Typ,Kérés típusa
bug_report,🐛 Bug Report,🐛 Fehlerbericht,🐛 Hiba bejelentés
feature_request,💡 Feature Request,💡 Feature-Anfrage,💡 Fejlesztési ötlet
support_request,❓ Support Request,❓ Support-Anfrage,❓ Támogatás kérés
ticket_subject,Subject,Betreff,Tárgy
ticket_subject_hint,Enter ticket subject,Betreff eingeben,Add meg a ticket tárgyát
ticket_subject_required,Subject is required,Betreff ist erforderlich,A tárgy megadása kötelező
ticket_message,Message,Nachricht,Üzenet
ticket_message_hint,Describe your issue or request,Beschreiben Sie Ihr Problem,Írd le a problémát vagy kérést
ticket_message_required,Message is required,Nachricht ist erforderlich,Az üzenet megadása kötelező
send_ticket,Send Ticket,Ticket senden,Küldés
ticket_sent_success,Ticket sent successfully!,Ticket erfolgreich gesendet!,Ticket sikeresen elküldve!
ticket_status_open,Open,Offen,Nyitott
ticket_status_in_progress,In Progress,In Bearbeitung,Folyamatban
ticket_status_answered,Answered,Beantwortet,Megválaszolva
ticket_status_closed,Closed,Geschlossen,Lezárt
no_tickets,No support tickets yet,Noch keine Support-Tickets,Még nincs támogatási kérés
no_tickets_description,Create your first support ticket,Erstellen Sie Ihr erstes Support-Ticket,Hozd létre az első támogatási kérésedet
select_ticket,Select a ticket to view details,Wählen Sie ein Ticket aus,Válassz egy ticket-et a részletekhez
ticket_details,Ticket Details,Ticket-Details,Ticket részletei
responses,Responses,Antworten,Válaszok
no_responses,No responses yet,Noch keine Antworten,Még nincs válasz
you,You,Du,Te
admin_response,Admin Response,Admin-Antwort,Admin válasz
loading_tickets,Loading tickets...,Tickets werden geladen...,Ticket-ek betöltése...

shopping_list,Shopping List,Einkaufsliste,Bevásárlólista
shopping_lists,Shopping Lists,Einkaufslisten,Bevásárló listák
shopping_item,Item,Artikel,Tétel
shopping_items,Items,Artikel,Tételek
add_shopping_item,Add Item,Artikel hinzufügen,Tétel hozzáadása
edit_shopping_item,Edit Item,Artikel bearbeiten,Tétel szerkesztése
delete_shopping_item,Delete Item,Artikel löschen,Tétel törlése
no_shopping_items,No items yet,Noch keine Artikel,Még nincs tétel
shopping_item_created,Item added,Artikel hinzugefügt,Tétel hozzáadva
shopping_item_updated,Item updated,Artikel aktualisiert,Tétel frissítve
shopping_item_deleted,Item deleted,Artikel gelöscht,Tétel törölve

item_name,Item Name,Artikelname,Termék neve
item_quantity,Quantity,Menge,Mennyiség
item_quantity_hint,e.g. 2 liters or 1 pack,z.B. 2 Liter oder 1 Packung,pl: 2 liter vagy 1 csomag
item_category,Category,Kategorie,Kategória
item_store,Store,Geschäft,Bolt
item_priority,Priority,Priorität,Prioritás
item_purchase_date,Purchase by,Fällig bis,Határidő
item_assigned_to,Assigned to,Zugewiesen an,Ki veszi meg
item_related_task,Related Task,Zugehörige Aufgabe,Kapcsolódó feladat
item_notes,Notes,Notizen,Megjegyzés
item_private,Private Item,Privater Artikel,Privát tétel

shopping_priority_wishlist,Wishlist,Wunschliste,Álomlista
shopping_priority_low,Low,Niedrig,Alacsony
shopping_priority_medium,Medium,Mittel,Közepes
shopping_priority_high,High,Hoch,Magas

not_purchased,Not Purchased,Nicht gekauft,Nincs megvásárolva
purchased,Purchased,Gekauft,Megvásárolva
mark_as_purchased,Mark as Purchased,Als gekauft markieren,Megvásárolva jelölés
undo_purchase,Undo Purchase,Rückgängig machen,Visszavonás
purchased_by,Purchased by {name},Gekauft von {name},Megvásárolta: {name}
purchased_at,Purchased at {date},Gekauft am {date},Vásárlás: {date}

shopping_category,Category,Kategorie,Kategória
shopping_categories,Categories,Kategorien,Kategóriák
add_shopping_category,Add Category,Kategorie hinzufügen,Kategória hozzáadása
edit_shopping_category,Edit Category,Kategorie bearbeiten,Kategória szerkesztése
delete_shopping_category,Delete Category,Kategorie löschen,Kategória törlése
no_shopping_categories,No categories yet,Noch keine Kategorien,Még nincs kategória
shopping_category_created,Category created,Kategorie erstellt,Kategória létrehozva
shopping_category_updated,Category updated,Kategorie aktualisiert,Kategória frissítve
shopping_category_deleted,Category deleted,Kategorie gelöscht,Kategória törölve
category_name,Category Name,Kategoriename,Kategória neve
category_description,Description,Beschreibung,Leírás
category_color,Color,Farbe,Szín
category_icon,Icon,Symbol,Ikon
category_default_store,Default Store,Standardgeschäft,Alapértelmezett bolt
category_sort_order,Sort Order,Reihenfolge,Sorrend

shopping_store,Store,Geschäft,Bolt
shopping_stores,Stores,Geschäfte,Boltok
add_shopping_store,Add Store,Geschäft hinzufügen,Bolt hozzáadása
edit_shopping_store,Edit Store,Geschäft bearbeiten,Bolt szerkesztése
delete_shopping_store,Delete Store,Geschäft löschen,Bolt törlése
no_shopping_stores,No stores yet,Noch keine Geschäfte,Még nincs bolt
shopping_store_created,Store created,Geschäft erstellt,Bolt létrehozva
shopping_store_updated,Store updated,Geschäft aktualisiert,Bolt frissítve
shopping_store_deleted,Store deleted,Geschäft gelöscht,Bolt törölve
store_name,Store Name,Geschäftsname,Bolt neve
store_address,Address,Adresse,Cím
store_gps_coordinates,GPS Coordinates,GPS-Koordinaten,GPS koordináták
store_latitude,Latitude,Breitengrad,Szélesség
store_longitude,Longitude,Längengrad,Hosszúság
store_no_location,No location set,Kein Standort festgelegt,Nincs hely beállítva

group_by,Group by,Gruppieren nach,Csoportosítás
group_by_store,By Store,Nach Geschäft,Bolt szerint
group_by_category,By Category,Nach Kategorie,Kategória szerint
group_by_priority,By Priority,Nach Priorität,Prioritás szerint
filter_shopping_items,Filter Items,Artikel filtern,Tételek szűrése
show_purchased,Show Purchased,Gekaufte anzeigen,Megvásárolt mutatása
hide_purchased,Hide Purchased,Gekaufte ausblenden,Megvásárolt elrejtése
show_wishlist,Show Wishlist,Wunschliste anzeigen,Álomlista mutatása
only_wishlist,Only Wishlist,Nur Wunschliste,Csak álomlista

quick_add_item,Quick Add,Schnell hinzufügen,Gyors hozzáadás
quick_add_title,Add New Item,Neuen Artikel hinzufügen,Új tétel hozzáadása
add_to_list,Add to List,Zur Liste hinzufügen,Listához adás

shopping_offline_banner,Shopping list offline - View only,Einkaufsliste offline - Nur ansehen,Bevásárlólista offline - Csak olvasható
shopping_offline_create_blocked,Cannot add items in offline mode,Artikel können im Offline-Modus nicht hinzugefügt werden,Offline módban nem adhatsz hozzá tételt
shopping_item_overdue,Overdue,Überfällig,Lejárt
shopping_item_due_today,Due today,Heute fällig,Ma határidő
shopping_items_count,{count} items,{count} Artikel,{count} tétel
no_items_in_group,No items in this group,Keine Artikel in dieser Gruppe,Nincs tétel ebben a csoportban

shopping_item_name_required,Item name is required,Artikelname ist erforderlich,A termék neve kötelező
shopping_category_name_required,Category name is required,Kategoriename ist erforderlich,A kategória neve kötelező
shopping_store_name_required,Store name is required,Geschäftsname ist erforderlich,A bolt neve kötelező
invalid_gps_coordinates,Invalid GPS coordinates,Ungültige GPS-Koordinaten,Érvénytelen GPS koordináták

delete_shopping_item_confirm,Delete this item?,Diesen Artikel löschen?,Törlöd ezt a tételt?
delete_shopping_category_confirm,Delete category '{name}'?,Kategorie '{name}' löschen?,Törlöd a(z) '{name}' kategóriát?
delete_shopping_store_confirm,Delete store '{name}'?,Geschäft '{name}' löschen?,Törlöd a(z) '{name}' boltot?

shopping_item_marked_purchased,Item marked as purchased,Artikel als gekauft markiert,Tétel megvásároltként jelölve
select_item_to_view,Select an item to view details,Wählen Sie einen Artikel aus,Válassz egy tételt a részletek megtekintéséhez

quick_add,Quick Add,Schnellzufügung,Gyors hozzáadás
item_name,Item name,Artikelname,Tétel neve
enter_item_name,Enter item name,Artikelname eingeben,Add meg a tétel nevét
item_name_required,Item name is required,Artikelname ist erforderlich,A tétel neve kötelező
quantity,Quantity,Menge,Mennyiség
unit,Unit,Einheit,Egység
unit_hint,e.g. kg l pcs,z.B. kg l Stk,pl. kg l db
add,Add,Hinzufügen,Hozzáadás
shopping_item_added,Item added successfully,Artikel hinzugefügt,Tétel hozzáadva
shopping_item_updated,Item updated successfully,Artikel aktualisiert,Tétel frissítve
add_shopping_item,Add Shopping Item,Artikel hinzufügen,Új tétel
edit_shopping_item,Edit Shopping Item,Artikel bearbeiten,Tétel szerkesztése
basic_info,Basic Information,Grundinformationen,Alapadatok
details,Details,Details,Részletek
additional_info,Additional Information,Zusätzliche Informationen,További információk
required_field,This field is required,Dieses Feld ist erforderlich,Ez a mező kötelező
invalid_number,Invalid number,Ungültige Nummer,Érvénytelen szám
price,Price,Preis,Ár
calories,Calories,Kalorien,Kalória
notes,Notes,Notizen,Megjegyzés
barcode,Barcode,Strichcode,Vonalkód
optional,Optional,Optional,Opcionális
private_item,Private item,Privater Artikel,Privát tétel
private_item_description,Only visible to you,Nur für dich sichtbar,Csak neked látható
store,Store,Geschäft,Bolt
no_store,No store,Kein Geschäft,Nincs bolt
priority,Priority,Priorität,Prioritás
priority_wishlist,Wishlist,Wunschliste,Kívánságlista
priority_low,Low,Niedrig,Alacsony
priority_medium,Medium,Mittel,Közepes
priority_high,High,Hoch,Magas
due_date,Due date,Fälligkeitsdatum,Határidő
select_date,Select date,Datum wählen,Válassz dátumot

assigned_to,Assigned to,Zugewiesen an,Ki veszi meg
select_family_member,Select family member,Familienmitglied auswählen,Válassz családtagot
no_assignment,No assignment,Keine Zuweisung,Nincs kijelölve
related_task,Related Task,Zugehörige Aufgabe,Kapcsolódó feladat
select_task,Select task,Aufgabe auswählen,Válassz feladatot
no_task,No task,Keine Aufgabe,Nincs feladat
select_store,Select store,Geschäft auswählen,Válassz boltot
# Shopping Overview translations
shopping_overview_subtitle,Manage your shopping lists and categories,Verwalte deine Einkaufslisten und Kategorien,Kezeld bevásárlásaidat és kategóriáidat
active_items,Active Items,Aktive Artikel,Aktív tételek
purchased_items,Purchased Items,Gekaufte Artikel,Megvásárolt tételek
shopping_list_description,Manage your shopping list,Verwalte deine Einkaufsliste,Bevásárlólista kezelése
shopping_categories_description,Organize your categories,Organisiere deine Kategorien,Kategóriák szervezése

gps_coordinates,GPS Coordinates,GPS-Koordinaten,GPS koordináták
latitude,Latitude,Breitengrad,Szélesség
longitude,Longitude,Längengrad,Hosszúság
gps_coordinates_optional,GPS coordinates are optional and can be used for future map features,GPS-Koordinaten sind optional und können für zukünftige Kartenfunktionen verwendet werden,A GPS koordináták opcionálisak és későbbi térkép funkciókhoz használhatók
invalid_gps_coordinates,Invalid GPS coordinates,Ungültige GPS-Koordinaten,Érvénytelen GPS koordináták
latitude_out_of_range,Latitude must be between -90 and 90,Der Breitengrad muss zwischen -90 und 90 liegen,A szélesség -90 és 90 között kell legyen
longitude_out_of_range,Longitude must be between -180 and 180,Der Längengrad muss zwischen -180 und 180 liegen,A hosszúság -180 és 180 között kell legyen

store_name,Store Name,Geschäftsname,Bolt neve
enter_store_name,Enter store name,Geschäftsnamen eingeben,Add meg a bolt nevét
private_store,Private Store,Privates Geschäft,Privát bolt
private_store_description,Only you can see this store,Nur Sie können dieses Geschäft sehen,Csak te láthatod ezt a boltot

select_store_to_view,Select a store to view details,Wählen Sie ein Geschäft aus um Details zu sehen,Válassz egy boltot a részletek megtekintéséhez
basic_info,Basic Information,Grundinformationen,Alapinformációk
privacy,Privacy,Privatsphäre,Adatvédelem
visibility,Visibility,Sichtbarkeit,Láthatóság
family_visible,Visible to family,Für Familie sichtbar,Család láthatja
unknown_error,Unknown error occurred,Unbekannter Fehler aufgetreten,Ismeretlen hiba történt
retry,Retry,Wiederholen,Újra
invalid_number,Invalid number,Ungültige Nummer,Érvénytelen szám
shopping_stores_description,Manage your stores,Verwalten Sie Ihre Geschäfte,Boltok kezelése

group_by,Group By,Gruppieren nach,Csoportosítás
no_grouping,No Grouping,Keine Gruppierung,Nincs csoportosítás
group_by_category,By Category,Nach Kategorie,Kategória szerint
group_by_store,By Store,Nach Geschäft,Bolt szerint
group_by_priority,By Priority,Nach Priorität,Prioritás szerint


all_categories,All Categories,Alle Kategorien,Minden kategória
all_stores,All Stores,Alle Geschäfte,Minden bolt
all_priorities,All Priorities,Alle Prioritäten,Minden prioritás
all_items,All Items,Alle Artikel,Minden tétel
clear_filters,Clear Filters,Filter löschen,Szűrők törlése
apply,Apply,Anwenden,Alkalmazás
purchase_status,Purchase Status,Kaufstatus,Vásárlási állapot
not_purchased,Not Purchased,Nicht gekauft,Nem vásárolt
purchased,Purchased,Gekauft,Megvásárolt
show_only_wishlist,Show Only Wishlist,Nur Wunschliste anzeigen,Csak álomlista
show_only_wishlist_description,Display only wishlist items,Nur Wunschlistenartikel anzeigen,Csak az álomlista tételek megjelenítése
no_store,No Store,Kein Geschäft,Nincs bolt


quantity,Quantity,Menge,Mennyiség
due_date,Due Date,Fälligkeitsdatum,Határidő
quick_add,Quick Add,Schnell hinzufügen,Gyors hozzáadás
item_name,Item Name,Artikelname,Tétel neve
enter_item_name,Enter item name,Artikelnamen eingeben,Add meg a tétel nevét
item_name_required,Item name is required,Artikelname ist erforderlich,A tétel neve kötelező


hide_purchased,Hide Purchased,Gekaufte ausblenden,Megvásároltak elrejtése
show_purchased,Show Purchased,Gekaufte anzeigen,Megvásároltak megjelenítése
quick_add_item,Quick Add Item,Artikel schnell hinzufügen,Tétel gyors hozzáadása

expand_group,Expand Group,Gruppe erweitern,Csoport kibontása
collapse_group,Collapse Group,Gruppe einklappen,Csoport összecsukása
items_count,{count} items,{count} Artikel,{count} tétel

priority,Priority,Priorität,Prioritás

item_details,Item Details,Artikeldetails,Tétel részletei
information,Information,Informationen,Információk
type,Type,Typ,Típus
metadata,Metadata,Metadaten,Metaadatok
created_at,Created at,Erstellt am,Létrehozva
updated_at,Updated at,Aktualisiert am,Frissítve
high_priority,High Priority,Hohe Priorität,Magas prioritás
medium_priority,Medium Priority,Mittlere Priorität,Közepes prioritás
low_priority,Low Priority,Niedrige Priorität,Alacsony prioritás
delete_item,Delete Item,Artikel löschen,Tétel törlése
item_deleted_successfully,Item deleted successfully,Artikel erfolgreich gelöscht,Tétel sikeresen törölve
delete_item_error,Failed to delete item,Fehler beim Löschen des Artikels,Tétel törlése sikertelen
wishlist,Wishlist,Wunschliste,Kívánságlista
purchase_status,Purchase Status,Kaufstatus,Vásárlás státusza
purchased_date,Purchase Date,Kaufdatum,Vásárlás dátuma
address,Address,Adresse,Cím

who_will_purchase,Who will purchase?,Wer wird kaufen?,Ki vásárolja meg?
private_item_no_assignment,Cannot assign family member to private item,Privatem Element kann kein Familienmitglied zugewiesen werden,Privát elemhez nem lehet családtagot rendelni
loading_family_members,Loading family members...,Lade Familienmitglieder...,Családtagok betöltése...
no_family_found,No family found,Keine Familie gefunden,Nincs család

focus_timer,Countdown,Countdown,Visszaszámláló
deadline_events,Deadlines,Fristen,Határidők
countdown,Countdown,Countdown,Visszaszámlálás
countup,Countup,Countup,Előreszámlálás
rapid_mode,Rapid Mode,Schnellmodus,Gyors mód
persistent_mode,Persistent Mode,Persistenter Modus,Állandó mód

new_deadline_event,New Event,Neues Ereignis,Új esemény
edit_deadline_event,Edit Event,Ereignis bearbeiten,Esemény szerkesztése
delete_deadline_event,Delete Event,Ereignis löschen,Esemény törlése
archive_deadline_event,Archive Event,Ereignis archivieren,Esemény archiválása
restore_deadline_event,Restore Event,Ereignis wiederherstellen,Esemény visszaállítása

event_title,Event Name,Ereignisname,Esemény neve
event_description,Description,Beschreibung,Leírás
target_date,Target Date,Zieldatum,Céldátum
target_time,Target Time,Zielzeit,Célóra
select_icon,Select Icon,Symbol auswählen,Ikon választása
select_color,Select Color,Farbe auswählen,Szín választása
save_to_database,Save to Database,In Datenbank speichern,Mentés adatbázisba
save_to_database_description,If disabled event will be lost when closed,Bei Deaktivierung geht das Ereignis beim Schließen verloren,"Ha ki van kapcsolva, az esemény elvész bezáráskor"

quick_time_options,Quick Time,Schnellzeit,Gyors beállítás
quick_15_min,15 min,15 Min,15 perc
quick_30_min,30 min,30 Min,30 perc
quick_45_min,45 min,45 Min,45 perc
quick_1_hour,1 hour,1 Stunde,1 óra
quick_1_5_hours,1.5 hours,1.5 Stunden,1.5 óra
quick_2_hours,2 hours,2 Stunden,2 óra

event_created,Event created successfully,Ereignis erfolgreich erstellt,Esemény sikeresen létrehozva
event_updated,Event updated successfully,Ereignis erfolgreich aktualisiert,Esemény sikeresen frissítve
event_deleted,Event deleted successfully,Ereignis erfolgreich gelöscht,Esemény sikeresen törölve
event_archived,Event archived successfully,Ereignis erfolgreich archiviert,Esemény sikeresen archiválva
event_restored,Event restored successfully,Ereignis erfolgreich wiederhergestellt,Esemény sikeresen visszaállítva

title_required,Event name is required,Ereignisname ist erforderlich,Az esemény neve kötelező
date_cannot_be_past,Date cannot be in the past,Datum kann nicht in der Vergangenheit liegen,A dátum nem lehet múltbeli

deadline_good,You have time,Du hast Zeit,Még van időd
deadline_warning,Don't slack off!,Nicht nachlassen!,Ne lazíts!
deadline_urgent,Urgent! Push now!,Dringend! Jetzt handeln!,Sürgős! Most kell nyomni!
deadline_overdue,Overdue!,Überfällig!,Túllépés!

no_deadline_events,No events yet,Noch keine Ereignisse,Még nincs eseményed
create_first_event,Create your first event,Erstelle dein erstes Ereignis,Hozd létre az első eseményed

delete_event_confirmation,Are you sure you want to delete this event?,Möchtest du dieses Ereignis wirklich löschen?,Biztosan törölni szeretnéd ezt az eseményt?

show_in_dashboard,Show in Dashboard,Im Dashboard anzeigen,Dashboard-on megjelenítés
private_event,Private Event,Privates Ereignis,Privát esemény
private_event_description,Only you can see this event,Nur du kannst dieses Ereignis sehen,Csak te láthatod ezt az eseményt
# Dashboard translations
welcomeMessage,Welcome {name}!,Willkommen {name}!,Üdvözlünk {name}!
open_module,Open: {module},Öffnen: {module},Megnyitás: {module}

# Weekday names
monday,Monday,Montag,Hétfő
tuesday,Tuesday,Dienstag,Kedd
wednesday,Wednesday,Mittwoch,Szerda
thursday,Thursday,Donnerstag,Csütörtök
friday,Friday,Freitag,Péntek
saturday,Saturday,Samstag,Szombat
sunday,Sunday,Sonntag,Vasárnap

# Support module - polling version
refresh,Refresh,Aktualisieren,Frissítés

# OAuth Authentication
orDivider,or,oder,vagy
continueWithGoogle,Continue with Google,Mit Google fortfahren,Folytatás Google-lal
continueWithApple,Continue with Apple,Mit Apple fortfahren,Folytatás Apple-lel
continueWithFacebook,Continue with Facebook,Mit Facebook fortfahren,Folytatás Facebook-kal
continueWithTwitter,Continue with Twitter / X,Mit Twitter / X fortfahren,Folytatás Twitter / X-szel
oauthLoginError,Social login failed. Please try again.,Social Login fehlgeschlagen. Bitte versuche es erneut.,Közösségi bejelentkezés sikertelen. Kérjük próbáld újra.
oauthCancelled,Login cancelled,Login abgebrochen,Bejelentkezés megszakítva
oauthNetworkError,Network error during login,Netzwerkfehler beim Login,Hálózati hiba bejelentkezés közben
socialLoginSection,Social Login,Social Login,Közösségi bejelentkezés
clear_purchased_items,Clear purchased items,Gekaufte Artikel löschen,Megvásárolt tételek törlése
clear_all_purchased,Delete all purchased,Alle gekauften löschen,Összes megvásárolt törlése
clear_by_category,Delete by category,Nach Kategorie löschen,Törlés kategória szerint
clear_by_category_hint,Select categories to clear,Kategorien auswählen,Válassz kategóriákat
clear_all_purchased_confirm,Delete all purchased items? This cannot be undone.,Alle gekauften Artikel löschen? Dies kann nicht rückgängig gemacht werden.,Törlöd az összes megvásárolt tételt? Ez nem vonható vissza.
clear_selected_categories_confirm,Delete purchased items in selected categories? This cannot be undone.,Gekaufte Artikel in ausgewählten Kategorien löschen? Dies kann nicht rückgängig gemacht werden.,Törlöd a kijelölt kategóriák megvásárolt tételeit? Ez nem vonható vissza.
purchased_items_deleted,Purchased items deleted,Gekaufte Artikel gelöscht,Megvásárolt tételek törölve
no_purchased_items,No purchased items to delete,Keine gekauften Artikel zum Löschen,Nincs törlendő megvásárolt tétel
delete_all,Delete all,Alle löschen,Összes törlése
delete_selected,Delete selected,Ausgewählte löschen,Kijelöltek törlése
select_categories,Select categories,Kategorien auswählen,Válassz kategóriákat
confirm_delete,Confirm delete,Löschen bestätigen,Törlés megerősítése
detailed_edit,Detailed edit,Detaillierte Bearbeitung,Részletes szerkesztés
